Date,BHARTIARTL.NS
2008-01-01,404.1551818847656
2008-01-02,403.5913391113281
2008-01-03,396.4278869628906
2008-01-04,396.1147155761719
2008-01-07,391.3948059082031
2008-01-08,407.6220703125
2008-01-09,406.8910217285156
2008-01-10,404.09246826171875
2008-01-11,403.0065612792969
2008-01-14,378.98944091796875
2008-01-15,358.29302978515625
2008-01-16,361.53009033203125
2008-01-17,364.2032775878906
2008-01-18,364.6627197265625
2008-01-21,346.2636413574219
2008-01-22,351.88153076171875
2008-01-23,354.2205505371094
2008-01-24,355.76605224609375
2008-01-25,382.2265319824219
2008-01-28,363.0129699707031
2008-01-29,355.2648010253906
2008-01-30,359.2119445800781
2008-01-31,358.7315673828125
2008-02-01,379.86663818359375
2008-02-04,385.52630615234375
2008-02-05,390.5385437011719
2008-02-06,375.606201171875
2008-02-07,361.09149169921875
2008-02-08,368.7978515625
2008-02-11,354.283203125
2008-02-12,358.7107238769531
2008-02-13,358.7107238769531
2008-02-14,366.3544006347656
2008-02-15,367.8162841796875
2008-02-18,367.46124267578125
2008-02-19,371.1995544433594
2008-02-20,362.21929931640625
2008-02-21,362.9503479003906
2008-02-22,355.4945068359375
2008-02-25,355.1185607910156
2008-02-26,350.5658264160156
2008-02-27,351.5890808105469
2008-02-28,353.4268798828125
2008-02-29,345.1149597167969
2008-03-03,330.9134826660156
2008-03-04,320.32513427734375
2008-03-05,313.7048034667969
2008-03-07,313.72564697265625
2008-03-10,336.32257080078125
2008-03-11,329.20098876953125
2008-03-12,341.6690673828125
2008-03-13,326.0682678222656
2008-03-14,314.47747802734375
2008-03-17,310.17535400390625
2008-03-18,316.83740234375
2008-03-19,324.8570251464844
2008-03-24,334.3177185058594
2008-03-25,348.1849365234375
2008-03-26,335.69610595703125
2008-03-27,345.42828369140625
2008-03-28,345.8667907714844
2008-03-31,345.1149597167969
2008-04-01,335.4454040527344
2008-04-02,343.7991943359375
2008-04-03,342.3790588378906
2008-04-04,327.42584228515625
2008-04-07,342.00323486328125
2008-04-08,346.0338439941406
2008-04-09,343.2980041503906
2008-04-10,333.5867919921875
2008-04-11,336.2808837890625
2008-04-15,341.1260070800781
2008-04-16,337.30413818359375
2008-04-17,343.92449951171875
2008-04-21,357.4994201660156
2008-04-22,357.5411071777344
2008-04-23,352.967529296875
2008-04-24,352.1112365722656
2008-04-25,385.27569580078125
2008-04-28,387.6356506347656
2008-04-29,376.4206848144531
2008-04-30,375.1884460449219
2008-05-02,376.02386474609375
2008-05-05,373.3924865722656
2008-05-06,353.51043701171875
2008-05-07,340.896240234375
2008-05-08,346.34716796875
2008-05-09,351.6099853515625
2008-05-12,350.00189208984375
2008-05-13,342.5252685546875
2008-05-14,354.5546569824219
2008-05-15,357.6247253417969
2008-05-16,356.0583801269531
2008-05-20,346.5141906738281
2008-05-21,343.5276794433594
2008-05-22,341.54376220703125
2008-05-23,349.8765869140625
2008-05-26,360.6529541015625
2008-05-27,360.3605651855469
2008-05-28,369.3408203125
2008-05-29,358.56451416015625
2008-05-30,365.8740234375
2008-06-02,366.5006408691406
2008-06-03,351.4429016113281
2008-06-04,338.47369384765625
2008-06-05,343.5694580078125
2008-06-06,334.9859924316406
2008-06-09,326.3398742675781
2008-06-10,324.25140380859375
2008-06-11,337.0325927734375
2008-06-12,342.5252685546875
2008-06-13,341.0007019042969
2008-06-16,351.00433349609375
2008-06-17,347.7463684082031
2008-06-18,339.18377685546875
2008-06-19,336.3852233886719
2008-06-20,319.82391357421875
2008-06-23,316.9209899902344
2008-06-24,313.5586242675781
2008-06-25,325.755126953125
2008-06-26,321.3902587890625
2008-06-27,312.40997314453125
2008-06-30,301.2577209472656
2008-07-01,295.263916015625
2008-07-02,310.04998779296875
2008-07-03,295.61883544921875
2008-07-04,299.5451354980469
2008-07-07,303.930908203125
2008-07-08,296.9972839355469
2008-07-09,311.7625427246094
2008-07-10,309.8203125
2008-07-11,311.13592529296875
2008-07-14,307.35589599609375
2008-07-15,296.57958984375
2008-07-16,305.3092346191406
2008-07-17,313.0364990234375
2008-07-18,335.4454040527344
2008-07-21,333.5449523925781
2008-07-22,325.0450744628906
2008-07-23,340.9171447753906
2008-07-24,334.0044860839844
2008-07-25,332.8348693847656
2008-07-28,332.12481689453125
2008-07-29,324.9197082519531
2008-07-30,338.2857360839844
2008-07-31,333.60760498046875
2008-08-01,342.5670471191406
2008-08-04,340.83367919921875
2008-08-05,350.89990234375
2008-08-06,363.13818359375
2008-08-07,354.7635192871094
2008-08-08,351.2132263183594
2008-08-11,353.1763610839844
2008-08-12,343.86181640625
2008-08-13,342.8594665527344
2008-08-14,341.9195861816406
2008-08-18,337.9515686035156
2008-08-19,330.7674255371094
2008-08-20,340.83367919921875
2008-08-21,333.8373107910156
2008-08-22,338.2021789550781
2008-08-25,341.0425109863281
2008-08-26,337.8263244628906
2008-08-27,336.17645263671875
2008-08-28,336.0301513671875
2008-08-29,349.81396484375
2008-09-01,340.9171447753906
2008-09-02,348.6235046386719
2008-09-04,344.927001953125
2008-09-05,335.5707702636719
2008-09-08,342.4209289550781
2008-09-09,349.5633544921875
2008-09-10,339.1629333496094
2008-09-11,324.5229797363281
2008-09-12,325.3164978027344
2008-09-15,319.53155517578125
2008-09-16,323.3324890136719
2008-09-17,321.6826171875
2008-09-18,317.9652404785156
2008-09-19,336.5940856933594
2008-09-22,337.8263244628906
2008-09-23,331.08062744140625
2008-09-24,338.55718994140625
2008-09-25,330.3497009277344
2008-09-26,324.1260681152344
2008-09-29,313.37060546875
2008-09-30,327.8226318359375
2008-10-01,330.2661437988281
2008-10-03,315.897705078125
2008-10-06,303.97265625
2008-10-07,312.5352783203125
2008-10-08,306.3117370605469
2008-10-10,289.1656188964844
2008-10-13,309.0266418457031
2008-10-14,320.1997985839844
2008-10-15,298.5844421386719
2008-10-16,305.1839294433594
2008-10-17,282.837646484375
2008-10-20,295.76507568359375
2008-10-21,302.5525207519531
2008-10-22,278.2847900390625
2008-10-23,256.89923095703125
2008-10-24,224.3403778076172
2008-10-27,235.8267822265625
2008-10-29,257.4839172363281
2008-10-31,273.0636901855469
2008-11-03,288.8314514160156
2008-11-04,299.4615783691406
2008-11-05,286.2626647949219
2008-11-06,267.0699462890625
2008-11-07,270.682861328125
2008-11-10,297.24786376953125
2008-11-11,275.444580078125
2008-11-12,263.9581604003906
2008-11-14,270.453125
2008-11-17,277.5121154785156
2008-11-18,260.17803955078125
2008-11-19,255.7714080810547
2008-11-20,247.2923583984375
2008-11-21,258.48638916015625
2008-11-24,266.401611328125
2008-11-25,262.2247009277344
2008-11-26,272.7504577636719
2008-11-27,272.7504577636719
2008-11-28,280.2897033691406
2008-12-01,271.7897644042969
2008-12-02,280.2062072753906
2008-12-03,277.34503173828125
2008-12-04,286.40887451171875
2008-12-05,277.67919921875
2008-12-08,292.90386962890625
2008-12-10,307.3350524902344
2008-12-11,310.091796875
2008-12-12,302.1974792480469
2008-12-15,308.0032653808594
2008-12-16,311.09423828125
2008-12-17,296.2453918457031
2008-12-18,296.62127685546875
2008-12-19,301.4456481933594
2008-12-22,301.61273193359375
2008-12-23,296.9136962890625
2008-12-24,287.9543762207031
2008-12-26,286.7012023925781
2008-12-29,297.4149169921875
2008-12-30,301.8215637207031
2008-12-31,298.8559265136719
2009-01-02,294.428466796875
2009-01-05,286.3880310058594
2009-01-06,274.421142578125
2009-01-07,271.4973449707031
2009-01-09,266.861083984375
2009-01-12,260.5748596191406
2009-01-13,253.5576934814453
2009-01-14,260.1153259277344
2009-01-15,252.13760375976562
2009-01-16,265.12762451171875
2009-01-19,270.181640625
2009-01-20,257.4422302246094
2009-01-21,243.53317260742188
2009-01-22,258.632568359375
2009-01-23,256.1055908203125
2009-01-27,270.4114074707031
2009-01-28,272.3954162597656
2009-01-29,262.0576477050781
2009-01-30,264.79345703125
2009-02-02,257.2124328613281
2009-02-03,261.0552062988281
2009-02-04,264.9396667480469
2009-02-05,262.57977294921875
2009-02-06,270.2652282714844
2009-02-09,278.0759582519531
2009-02-10,277.15704345703125
2009-02-11,281.29217529296875
2009-02-12,271.8524169921875
2009-02-13,272.2283630371094
2009-02-16,266.3806457519531
2009-02-17,264.25048828125
2009-02-18,267.6755676269531
2009-02-19,270.8499450683594
2009-02-20,268.4482727050781
2009-02-24,265.92120361328125
2009-02-25,267.6337585449219
2009-02-26,272.4162902832031
2009-02-27,266.6939697265625
2009-03-02,257.6301574707031
2009-03-03,251.09332275390625
2009-03-04,250.88442993164062
2009-03-05,246.33169555664062
2009-03-06,251.55276489257812
2009-03-09,245.49624633789062
2009-03-12,229.08114624023438
2009-03-13,232.9238739013672
2009-03-16,238.6252899169922
2009-03-17,238.72970581054688
2009-03-18,237.97789001464844
2009-03-19,238.3747100830078
2009-03-20,237.8317413330078
2009-03-23,247.77267456054688
2009-03-24,252.158447265625
2009-03-25,246.853759765625
2009-03-26,259.739501953125
2009-03-27,259.739501953125
2009-03-30,254.64366149902344
2009-03-31,261.3684387207031
2009-04-01,256.815673828125
2009-04-02,266.7774963378906
2009-04-06,275.5699157714844
2009-04-08,276.63494873046875
2009-04-09,278.20123291015625
2009-04-13,277.0526123046875
2009-04-15,286.137451171875
2009-04-16,278.9322509765625
2009-04-17,284.2578125
2009-04-20,287.4530334472656
2009-04-21,300.52667236328125
2009-04-22,297.6446533203125
2009-04-23,295.6815185546875
2009-04-24,313.1618347167969
2009-04-27,310.6138610839844
2009-04-28,302.5525207519531
2009-04-29,314.41485595703125
2009-04-30,314.9369812011719
2009-05-04,317.1297912597656
2009-05-05,313.5794982910156
2009-05-06,316.39892578125
2009-05-07,326.86199951171875
2009-05-08,320.9308166503906
2009-05-11,312.702392578125
2009-05-12,331.5609436035156
2009-05-13,332.37548828125
2009-05-14,319.38531494140625
2009-05-15,334.0879821777344
2009-05-18,419.02490234375
2009-05-19,382.2265319824219
2009-05-20,359.06573486328125
2009-05-21,356.0583801269531
2009-05-22,359.0448913574219
2009-05-25,338.47369384765625
2009-05-26,322.1212463378906
2009-05-27,321.1187438964844
2009-05-28,332.4380798339844
2009-05-29,342.88037109375
2009-06-01,336.1555480957031
2009-06-02,334.3177185058594
2009-06-03,333.5033264160156
2009-06-04,341.0007019042969
2009-06-05,345.3238220214844
2009-06-08,339.935546875
2009-06-09,339.3507995605469
2009-06-10,348.6026916503906
2009-06-11,356.872802734375
2009-06-12,345.9085693359375
2009-06-15,342.2746276855469
2009-06-16,338.1186828613281
2009-06-17,335.3828430175781
2009-06-18,336.17645263671875
2009-06-19,337.1579284667969
2009-06-22,330.2661437988281
2009-06-23,328.4700622558594
2009-06-24,333.4405822753906
2009-06-25,331.5818786621094
2009-06-26,338.36932373046875
2009-06-29,337.1788635253906
2009-06-30,335.04864501953125
2009-07-01,344.279541015625
2009-07-02,335.4454040527344
2009-07-03,342.10760498046875
2009-07-06,327.029052734375
2009-07-07,339.30908203125
2009-07-08,331.0388488769531
2009-07-09,332.3546142578125
2009-07-10,324.8152770996094
2009-07-13,320.0954284667969
2009-07-14,322.998291015625
2009-07-15,325.9221496582031
2009-07-16,327.8226318359375
2009-07-17,345.1149597167969
2009-07-20,354.63818359375
2009-07-21,349.9809875488281
2009-07-22,343.7574462890625
2009-07-23,340.0400085449219
2009-07-24,348.3306579589844
2009-07-27,354.65325927734375
2009-07-28,359.7197570800781
2009-07-29,355.658203125
2009-07-30,355.0719299316406
2009-07-31,343.43157958984375
2009-08-03,343.72479248046875
2009-08-04,335.6435241699219
2009-08-05,336.1878662109375
2009-08-06,334.38739013671875
2009-08-07,321.4908752441406
2009-08-10,312.3627624511719
2009-08-11,320.2765808105469
2009-08-12,339.57952880859375
2009-08-13,345.9439697265625
2009-08-14,342.3011474609375
2009-08-17,333.9267883300781
2009-08-18,344.2272033691406
2009-08-19,339.5375671386719
2009-08-20,335.01544189453125
2009-08-21,344.7715148925781
2009-08-24,346.9488525390625
2009-08-25,341.71490478515625
2009-08-26,339.49566650390625
2009-08-27,348.79119873046875
2009-08-28,364.4512634277344
2009-08-31,355.574462890625
2009-09-01,353.6064453125
2009-09-02,345.5252380371094
2009-09-03,339.1188659667969
2009-09-04,339.16070556640625
2009-09-07,352.2247314453125
2009-09-08,355.0719299316406
2009-09-09,342.8035583496094
2009-09-10,348.79119873046875
2009-09-11,352.72723388671875
2009-09-14,351.1360778808594
2009-09-15,348.0375061035156
2009-09-16,351.6385192871094
2009-09-17,362.4414367675781
2009-09-18,370.94134521484375
2009-09-22,358.88232421875
2009-09-23,346.27899169921875
2009-09-24,351.1360778808594
2009-09-25,347.15826416015625
2009-09-29,350.9685363769531
2009-09-30,350.6754455566406
2009-10-01,364.3674621582031
2009-10-05,335.18292236328125
2009-10-06,300.93182373046875
2009-10-07,300.42950439453125
2009-10-08,279.6610107421875
2009-10-09,287.49102783203125
2009-10-12,294.1487121582031
2009-10-13,294.44171142578125
2009-10-14,284.8531188964844
2009-10-15,272.2497253417969
2009-10-16,273.1708679199219
2009-10-20,275.22259521484375
2009-10-21,278.6142272949219
2009-10-22,282.25714111328125
2009-10-23,277.23248291015625
2009-10-26,276.89752197265625
2009-10-27,257.0503234863281
2009-10-28,265.5502624511719
2009-10-29,261.11181640625
2009-10-30,245.24252319335938
2009-11-03,251.56517028808594
2009-11-04,255.91981506347656
2009-11-05,267.39263916015625
2009-11-06,268.0207214355469
2009-11-09,257.5527648925781
2009-11-10,245.70309448242188
2009-11-11,251.18833923339844
2009-11-12,250.35084533691406
2009-11-13,252.98876953125
2009-11-16,253.53314208984375
2009-11-17,248.6341094970703
2009-11-18,247.88043212890625
2009-11-19,245.70309448242188
2009-11-20,241.80906677246094
2009-11-23,230.503662109375
2009-11-24,236.57508850097656
2009-11-25,235.94700622558594
2009-11-26,234.8583221435547
2009-11-27,237.5381317138672
2009-11-30,250.85336303710938
2009-12-01,255.04051208496094
2009-12-02,255.20802307128906
2009-12-03,256.92474365234375
2009-12-04,259.6883239746094
2009-12-07,264.964111328125
2009-12-08,275.138916015625
2009-12-09,277.35809326171875
2009-12-10,286.7373962402344
2009-12-11,277.6512451171875
2009-12-14,267.6019592285156
2009-12-15,265.34088134765625
2009-12-16,272.5847473144531
2009-12-17,271.5798034667969
2009-12-18,266.178466796875
2009-12-21,259.6883239746094
2009-12-22,269.6117858886719
2009-12-23,273.21282958984375
2009-12-24,268.94189453125
2009-12-29,272.9615783691406
2009-12-30,272.752197265625
2009-12-31,276.143798828125
2010-01-04,272.3335876464844
2010-01-05,276.64630126953125
2010-01-06,273.71527099609375
2010-01-07,275.8507080078125
2010-01-08,272.20794677734375
2010-01-11,275.473876953125
2010-01-12,269.8631286621094
2010-01-13,266.6389465332031
2010-01-14,266.3458251953125
2010-01-15,265.801513671875
2010-01-18,268.5650634765625
2010-01-19,268.4394836425781
2010-01-20,277.6093444824219
2010-01-21,269.9886779785156
2010-01-22,269.77935791015625
2010-01-25,277.10687255859375
2010-01-27,270.40740966796875
2010-01-28,262.6611328125
2010-01-29,256.58984375
2010-02-01,260.6094055175781
2010-02-02,257.6365661621094
2010-02-03,258.7671203613281
2010-02-04,254.66366577148438
2010-02-05,251.27207946777344
2010-02-08,258.2227478027344
2010-02-09,262.2424011230469
2010-02-10,264.04290771484375
2010-02-11,263.3729553222656
2010-02-15,239.17111206054688
2010-02-16,227.4470672607422
2010-02-17,233.76968383789062
2010-02-18,236.07261657714844
2010-02-19,233.47657775878906
2010-02-22,231.885498046875
2010-02-23,234.5652313232422
2010-02-24,231.0898895263672
2010-02-25,231.3411102294922
2010-02-26,233.9371795654297
2010-03-02,243.02334594726562
2010-03-03,244.4888153076172
2010-03-04,245.87060546875
2010-03-05,249.93215942382812
2010-03-08,245.11688232421875
2010-03-09,243.9445037841797
2010-03-10,241.1809844970703
2010-03-11,246.16368103027344
2010-03-12,250.47645568847656
2010-03-15,250.81146240234375
2010-03-16,246.87550354003906
2010-03-17,249.59718322753906
2010-03-18,251.31393432617188
2010-03-19,261.19561767578125
2010-03-22,264.9222412109375
2010-03-23,257.6365661621094
2010-03-25,263.28924560546875
2010-03-26,259.73016357421875
2010-03-29,261.44683837890625
2010-03-30,260.31634521484375
2010-03-31,261.7399597167969
2010-04-01,252.90504455566406
2010-04-05,264.6709899902344
2010-04-06,265.0059509277344
2010-04-07,268.3138427734375
2010-04-08,262.0331115722656
2010-04-09,257.84588623046875
2010-04-12,258.0971374511719
2010-04-13,257.0921936035156
2010-04-15,254.74737548828125
2010-04-16,255.24986267089844
2010-04-19,256.1710510253906
2010-04-20,254.9986114501953
2010-04-21,256.0035705566406
2010-04-22,253.8262176513672
2010-04-23,249.72274780273438
2010-04-26,249.0528564453125
2010-04-27,249.80648803710938
2010-04-28,246.03811645507812
2010-04-29,248.173583984375
2010-04-30,250.01589965820312
2010-05-03,248.71788024902344
2010-05-04,242.01840209960938
2010-05-05,248.1317138671875
2010-05-06,244.4888153076172
2010-05-07,240.76226806640625
2010-05-10,246.5405731201172
2010-05-11,238.41746520996094
2010-05-12,218.7796173095703
2010-05-13,216.39291381835938
2010-05-14,221.54315185546875
2010-05-17,223.3017578125
2010-05-18,224.3904266357422
2010-05-19,217.48159790039062
2010-05-20,217.94216918945312
2010-05-21,222.92491149902344
2010-05-24,222.79930114746094
2010-05-25,221.5850372314453
2010-05-26,220.78948974609375
2010-05-27,218.2771453857422
2010-05-28,218.31900024414062
2010-05-31,220.16136169433594
2010-06-01,215.22052001953125
2010-06-02,226.40025329589844
2010-06-03,228.99627685546875
2010-06-04,231.38294982910156
2010-06-07,224.7672882080078
2010-06-08,216.35105895996094
2010-06-09,227.8238983154297
2010-06-10,238.83616638183594
2010-06-11,229.03819274902344
2010-06-14,225.3534698486328
2010-06-15,225.73033142089844
2010-06-16,222.883056640625
2010-06-17,223.67860412597656
2010-06-18,221.87811279296875
2010-06-21,221.79437255859375
2010-06-22,219.40771484375
2010-06-23,221.1244354248047
2010-06-24,220.45448303222656
2010-06-25,220.2869873046875
2010-06-28,222.2549591064453
2010-06-29,222.5899200439453
2010-06-30,220.07762145996094
2010-07-01,221.96185302734375
2010-07-02,221.6687469482422
2010-07-05,223.97171020507812
2010-07-06,227.40518188476562
2010-07-07,231.2573699951172
2010-07-08,235.27706909179688
2010-07-09,258.4739685058594
2010-07-12,256.0035705566406
2010-07-13,251.10455322265625
2010-07-14,252.57003784179688
2010-07-15,249.55532836914062
2010-07-16,249.93215942382812
2010-07-19,249.13658142089844
2010-07-20,249.26220703125
2010-07-21,247.04299926757812
2010-07-22,252.98876953125
2010-07-23,262.7867431640625
2010-07-26,268.3138427734375
2010-07-27,270.19805908203125
2010-07-28,269.6536865234375
2010-07-29,265.3827819824219
2010-07-30,256.92474365234375
2010-08-02,266.3458251953125
2010-08-03,275.0552062988281
2010-08-04,270.6167297363281
2010-08-05,271.83111572265625
2010-08-06,270.82611083984375
2010-08-09,275.0133056640625
2010-08-10,272.5847473144531
2010-08-11,268.523193359375
2010-08-12,265.3827819824219
2010-08-13,265.4246826171875
2010-08-16,266.9320068359375
2010-08-17,264.712890625
2010-08-18,264.79693603515625
2010-08-19,264.3768005371094
2010-08-20,260.680419921875
2010-08-23,266.60308837890625
2010-08-24,271.517578125
2010-08-25,266.2670593261719
2010-08-26,270.1314697265625
2010-08-27,265.5530090332031
2010-08-30,271.18157958984375
2010-08-31,275.0040588378906
2010-09-01,283.65692138671875
2010-09-02,280.67462158203125
2010-09-03,285.00103759765625
2010-09-06,288.48748779296875
2010-09-07,288.61346435546875
2010-09-08,295.7122497558594
2010-09-09,294.1161193847656
2010-09-13,293.0238952636719
2010-09-14,299.4506530761719
2010-09-15,299.24066162109375
2010-09-16,291.9738464355469
2010-09-17,301.4668884277344
2010-09-20,307.4315185546875
2010-09-21,307.0954895019531
2010-09-22,304.7431945800781
2010-09-23,298.6525573730469
2010-09-24,309.2796936035156
2010-09-27,313.48016357421875
2010-09-28,313.564208984375
2010-09-29,305.289306640625
2010-09-30,307.7255859375
2010-10-01,306.7174377441406
2010-10-04,302.3069763183594
2010-10-05,297.0984191894531
2010-10-06,295.7962646484375
2010-10-07,298.10650634765625
2010-10-08,296.46832275390625
2010-10-11,288.02545166015625
2010-10-12,284.8330383300781
2010-10-13,292.015869140625
2010-10-14,289.8735656738281
2010-10-15,280.2966003417969
2010-10-18,274.919921875
2010-10-19,274.87799072265625
2010-10-20,269.87945556640625
2010-10-21,283.1948547363281
2010-10-22,280.12847900390625
2010-10-25,283.2789001464844
2010-10-26,276.22210693359375
2010-10-27,270.4674987792969
2010-10-28,277.7762451171875
2010-10-29,273.5758361816406
2010-11-01,281.6827697753906
2010-11-02,276.6001892089844
2010-11-03,275.8861083984375
2010-11-04,273.9959411621094
2010-11-08,275.592041015625
2010-11-09,281.05267333984375
2010-11-10,274.751953125
2010-11-11,266.0990295410156
2010-11-12,256.69000244140625
2010-11-15,260.1343688964844
2010-11-16,263.3266906738281
2010-11-18,272.9877624511719
2010-11-19,275.9280700683594
2010-11-22,283.0688781738281
2010-11-23,276.5162048339844
2010-11-24,278.7424011230469
2010-11-25,281.4306640625
2010-11-26,280.4225769042969
2010-11-29,284.5390319824219
2010-11-30,302.5590515136719
2010-12-01,294.4941101074219
2010-12-02,290.75567626953125
2010-12-03,290.335693359375
2010-12-06,290.12567138671875
2010-12-07,293.0659484863281
2010-12-08,292.05780029296875
2010-12-09,284.3289489746094
2010-12-10,278.07037353515625
2010-12-13,278.952392578125
2010-12-14,281.5567626953125
2010-12-15,285.3791809082031
2010-12-16,289.2435302734375
2010-12-20,281.4306640625
2010-12-21,279.6245422363281
2010-12-22,288.36151123046875
2010-12-23,288.4034423828125
2010-12-24,292.8559875488281
2010-12-27,287.2273254394531
2010-12-28,287.6053161621094
2010-12-29,297.3924255371094
2010-12-30,300.2907409667969
2010-12-31,301.4248962402344
2011-01-03,301.88690185546875
2011-01-04,299.4086608886719
2011-01-05,293.1919860839844
2011-01-06,296.7203674316406
2011-01-07,284.3709411621094
2011-01-10,284.87506103515625
2011-01-11,284.3289489746094
2011-01-12,293.2760009765625
2011-01-13,291.2177734375
2011-01-14,288.78155517578125
2011-01-17,292.7719421386719
2011-01-18,289.3275451660156
2011-01-19,289.3695373535156
2011-01-20,285.8831787109375
2011-01-21,282.31280517578125
2011-01-24,279.83447265625
2011-01-25,283.7409973144531
2011-01-27,273.5758361816406
2011-01-28,274.919921875
2011-01-31,267.98919677734375
2011-02-01,266.3930358886719
2011-02-02,271.18157958984375
2011-02-03,285.4631042480469
2011-02-04,279.33050537109375
2011-02-07,280.4646301269531
2011-02-08,280.0025329589844
2011-02-09,279.0364074707031
2011-02-10,271.0135803222656
2011-02-11,267.9052429199219
2011-02-14,275.0040588378906
2011-02-15,276.5162048339844
2011-02-16,275.8861083984375
2011-02-17,285.5050964355469
2011-02-18,278.3643493652344
2011-02-21,277.8183288574219
2011-02-22,277.6502990722656
2011-02-23,275.7181091308594
2011-02-24,272.5257568359375
2011-02-25,277.02020263671875
2011-02-28,278.32232666015625
2011-03-01,283.614990234375
2011-03-03,277.3563232421875
2011-03-04,274.6679382324219
2011-03-07,272.5677490234375
2011-03-08,281.3046569824219
2011-03-09,279.33050537109375
2011-03-10,276.8101806640625
2011-03-11,270.9715270996094
2011-03-14,270.2994384765625
2011-03-15,263.914794921875
2011-03-16,269.2073974609375
2011-03-17,267.02313232421875
2011-03-18,267.6951904296875
2011-03-21,266.2250671386719
2011-03-22,274.37396240234375
2011-03-23,277.73431396484375
2011-03-24,279.96051025390625
2011-03-25,285.3791809082031
2011-03-28,292.1838684082031
2011-03-29,302.93701171875
2011-03-30,301.9289245605469
2011-03-31,300.2487487792969
2011-04-01,298.48455810546875
2011-04-04,301.88690185546875
2011-04-05,302.6429748535156
2011-04-06,296.8044128417969
2011-04-07,299.9127197265625
2011-04-08,304.0291748046875
2011-04-11,304.4912109375
2011-04-13,308.6916198730469
2011-04-15,312.85009765625
2011-04-18,309.4057312011719
2011-04-19,316.25250244140625
2011-04-20,319.69683837890625
2011-04-21,316.0844421386719
2011-04-25,315.4123840332031
2011-04-26,320.5789489746094
2011-04-27,323.5612487792969
2011-04-28,324.90545654296875
2011-04-29,319.27685546875
2011-05-02,322.34307861328125
2011-05-03,314.5722961425781
2011-05-04,310.62384033203125
2011-05-05,300.66876220703125
2011-05-06,294.8301696777344
2011-05-09,306.80145263671875
2011-05-10,307.4315185546875
2011-05-11,307.6415710449219
2011-05-12,307.22149658203125
2011-05-13,308.9437561035156
2011-05-16,311.8420104980469
2011-05-17,311.42193603515625
2011-05-18,312.4720458984375
2011-05-19,307.3054504394531
2011-05-20,314.0682678222656
2011-05-23,309.53179931640625
2011-05-24,311.337890625
2011-05-25,310.539794921875
2011-05-26,308.5655822753906
2011-05-27,313.2701721191406
2011-05-30,312.0520324707031
2011-05-31,314.3202819824219
2011-06-01,320.5789489746094
2011-06-02,320.200927734375
2011-06-03,317.93267822265625
2011-06-06,319.2347717285156
2011-06-07,317.4285888671875
2011-06-08,317.3446044921875
2011-06-09,316.33648681640625
2011-06-10,314.15228271484375
2011-06-13,317.2186279296875
2011-06-14,318.6467590332031
2011-06-15,316.50457763671875
2011-06-16,310.539794921875
2011-06-17,319.69683837890625
2011-06-20,327.5096740722656
2011-06-21,328.9798889160156
2011-06-22,320.74700927734375
2011-06-23,321.0409851074219
2011-06-24,329.2319030761719
2011-06-27,332.67626953125
2011-06-28,336.28875732421875
2011-06-29,337.2547607421875
2011-06-30,331.752197265625
2011-07-01,322.13311767578125
2011-07-04,322.84722900390625
2011-07-05,321.12493896484375
2011-07-06,322.09112548828125
2011-07-07,334.3564453125
2011-07-08,334.4824523925781
2011-07-11,328.68585205078125
2011-07-12,325.031494140625
2011-07-13,331.752197265625
2011-07-14,333.1383056640625
2011-07-15,330.114013671875
2011-07-18,330.24005126953125
2011-07-19,334.73455810546875
2011-07-20,332.1302185058594
2011-07-21,331.920166015625
2011-07-22,345.4036560058594
2011-07-25,363.46563720703125
2011-07-26,356.702880859375
2011-07-27,360.861328125
2011-07-28,361.9114685058594
2011-07-29,367.3300476074219
2011-08-01,370.7744445800781
2011-08-02,363.255615234375
2011-08-03,358.0889892578125
2011-08-04,356.2408447265625
2011-08-05,349.31005859375
2011-08-08,343.0513916015625
2011-08-09,342.1273193359375
2011-08-10,341.7912902832031
2011-08-11,333.600341796875
2011-08-12,326.87957763671875
2011-08-16,332.5502624511719
2011-08-17,333.8556823730469
2011-08-18,329.3919372558594
2011-08-19,323.11737060546875
2011-08-22,330.7395324707031
2011-08-23,338.23529052734375
2011-08-24,334.9506530761719
2011-08-25,338.8248596191406
2011-08-26,335.7506408691406
2011-08-29,341.14093017578125
2011-08-30,340.803955078125
2011-09-02,344.1307678222656
2011-09-05,341.56201171875
2011-09-06,335.4138488769531
2011-09-07,338.2773742675781
2011-09-08,336.46661376953125
2011-09-09,337.0140380859375
2011-09-12,324.9281921386719
2011-09-13,321.3487548828125
2011-09-14,317.8114318847656
2011-09-15,326.0230712890625
2011-09-16,324.9281921386719
2011-09-19,325.8125
2011-09-20,329.64459228515625
2011-09-21,331.2027282714844
2011-09-22,313.9793701171875
2011-09-23,315.83221435546875
2011-09-26,320.8013610839844
2011-09-27,326.44415283203125
2011-09-28,319.4116516113281
2011-09-29,316.16912841796875
2011-09-30,318.3588562011719
2011-10-03,320.8434143066406
2011-10-04,311.536865234375
2011-10-05,308.33648681640625
2011-10-07,298.8194274902344
2011-10-10,306.1888122558594
2011-10-11,315.83221435546875
2011-10-12,314.3163146972656
2011-10-13,311.536865234375
2011-10-14,323.11737060546875
2011-10-17,320.0853576660156
2011-10-18,315.0742492675781
2011-10-19,324.04388427734375
2011-10-20,328.5075988769531
2011-10-21,318.3588562011719
2011-10-24,322.5699462890625
2011-10-25,327.1600646972656
2011-10-28,330.10784912109375
2011-10-31,329.9815673828125
2011-11-01,332.2975769042969
2011-11-02,323.7912292480469
2011-11-03,331.3290100097656
2011-11-04,334.61376953125
2011-11-08,334.4873962402344
2011-11-09,332.8871154785156
2011-11-11,333.1819763183594
2011-11-14,341.2672119140625
2011-11-15,338.23529052734375
2011-11-16,338.23529052734375
2011-11-17,333.2240295410156
2011-11-18,334.7821350097656
2011-11-21,327.1600646972656
2011-11-22,318.9483947753906
2011-11-23,307.2415771484375
2011-11-24,318.9483947753906
2011-11-25,315.9584655761719
2011-11-28,326.3599853515625
2011-11-29,314.7373352050781
2011-11-30,325.180908203125
2011-12-01,319.2853088378906
2011-12-02,328.9708557128906
2011-12-05,328.8865661621094
2011-12-07,317.8114318847656
2011-12-08,309.30499267578125
2011-12-09,302.10400390625
2011-12-12,288.29168701171875
2011-12-13,291.2815246582031
2011-12-14,293.7660827636719
2011-12-15,283.53314208984375
2011-12-16,283.4489440917969
2011-12-19,283.3225402832031
2011-12-20,272.24737548828125
2011-12-21,287.6178283691406
2011-12-22,282.3118591308594
2011-12-23,278.4797668457031
2011-12-26,290.35504150390625
2011-12-27,288.9653625488281
2011-12-28,289.47076416015625
2011-12-29,287.1546630859375
2011-12-30,289.3023376464844
2012-01-02,290.397216796875
2012-01-03,302.06195068359375
2012-01-04,291.7026062011719
2012-01-05,290.060302734375
2012-01-06,278.3955993652344
2012-01-09,269.8891906738281
2012-01-10,278.2271423339844
2012-01-11,274.26873779296875
2012-01-12,274.94244384765625
2012-01-13,281.8065490722656
2012-01-16,286.35455322265625
2012-01-17,290.6077575683594
2012-01-18,290.9446716308594
2012-01-19,286.9862060546875
2012-01-20,288.3337707519531
2012-01-23,296.5874938964844
2012-01-24,300.3775329589844
2012-01-25,302.609375
2012-01-27,315.49530029296875
2012-01-30,300.798583984375
2012-01-31,307.9996032714844
2012-02-01,304.2937316894531
2012-02-02,324.9702453613281
2012-02-03,326.44415283203125
2012-02-06,327.6654052734375
2012-02-07,318.9906005859375
2012-02-08,298.1455993652344
2012-02-09,294.8609619140625
2012-02-10,294.7346496582031
2012-02-13,292.8396301269531
2012-02-14,288.3337707519531
2012-02-15,294.43988037109375
2012-02-16,295.071533203125
2012-02-17,294.43988037109375
2012-02-21,302.2724609375
2012-02-22,292.6291198730469
2012-02-23,285.2596740722656
2012-02-24,288.5443115234375
2012-02-27,287.1546630859375
2012-02-28,289.09173583984375
2012-02-29,294.9451904296875
2012-03-01,291.6605529785156
2012-03-02,295.11358642578125
2012-03-05,293.97662353515625
2012-03-06,282.6066589355469
2012-03-07,277.63751220703125
2012-03-09,285.3860168457031
2012-03-12,285.5965270996094
2012-03-13,285.554443359375
2012-03-14,284.83856201171875
2012-03-15,279.32196044921875
2012-03-16,275.86895751953125
2012-03-19,273.88970947265625
2012-03-20,271.8262939453125
2012-03-21,280.3327331542969
2012-03-22,272.7948303222656
2012-03-23,282.98565673828125
2012-03-26,276.9637756347656
2012-03-27,285.2596740722656
2012-03-28,284.45953369140625
2012-03-29,279.74310302734375
2012-03-30,284.58587646484375
2012-04-02,286.6072082519531
2012-04-03,283.659423828125
2012-04-04,278.01654052734375
2012-04-09,277.7217102050781
2012-04-10,277.8060607910156
2012-04-11,271.194580078125
2012-04-12,272.8790283203125
2012-04-13,272.4579162597656
2012-04-16,267.0256652832031
2012-04-17,271.4472961425781
2012-04-18,270.7313537597656
2012-04-19,272.5842590332031
2012-04-20,273.1737976074219
2012-04-23,263.1934814453125
2012-04-24,258.8561096191406
2012-04-25,263.6146545410156
2012-04-26,259.6561584472656
2012-04-27,258.8981628417969
2012-04-30,261.509033203125
2012-05-02,267.78363037109375
2012-05-03,265.2990417480469
2012-05-04,262.5618591308594
2012-05-07,266.18341064453125
2012-05-08,265.63592529296875
2012-05-09,260.5826416015625
2012-05-10,261.1722412109375
2012-05-11,258.7297668457031
2012-05-14,259.1929626464844
2012-05-15,256.1609802246094
2012-05-16,250.60226440429688
2012-05-17,251.57089233398438
2012-05-18,249.76010131835938
2012-05-21,248.2440948486328
2012-05-22,248.58099365234375
2012-05-23,237.59005737304688
2012-05-24,250.8129119873047
2012-05-25,251.86566162109375
2012-05-28,254.64505004882812
2012-05-29,252.66575622558594
2012-05-30,254.56072998046875
2012-05-31,254.81338500976562
2012-06-01,253.38168334960938
2012-06-04,248.07571411132812
2012-06-05,241.88534545898438
2012-06-06,250.39173889160156
2012-06-07,253.92909240722656
2012-06-08,256.2452087402344
2012-06-11,256.0767517089844
2012-06-12,260.03521728515625
2012-06-13,258.81396484375
2012-06-14,257.677001953125
2012-06-15,262.5196838378906
2012-06-18,260.4141845703125
2012-06-19,265.2569580078125
2012-06-20,261.38275146484375
2012-06-21,262.4776611328125
2012-06-22,261.8459777832031
2012-06-25,260.11944580078125
2012-06-26,257.7191467285156
2012-06-27,256.75054931640625
2012-06-28,255.6977996826172
2012-06-29,256.91888427734375
2012-07-02,261.25640869140625
2012-07-03,268.4152526855469
2012-07-04,275.36358642578125
2012-07-05,272.9632873535156
2012-07-06,270.6050109863281
2012-07-09,266.77301025390625
2012-07-10,270.6892395019531
2012-07-11,265.93072509765625
2012-07-12,257.9718017578125
2012-07-13,259.36138916015625
2012-07-16,269.1311950683594
2012-07-17,273.0054016113281
2012-07-18,273.38433837890625
2012-07-19,266.6044616699219
2012-07-20,265.0043029785156
2012-07-23,256.2452087402344
2012-07-24,259.86669921875
2012-07-25,253.25535583496094
2012-07-26,253.08688354492188
2012-07-27,258.9403381347656
2012-07-30,260.3720703125
2012-07-31,252.70790100097656
2012-08-01,250.56027221679688
2012-08-02,251.19190979003906
2012-08-03,249.71800231933594
2012-08-06,249.46534729003906
2012-08-07,247.4440460205078
2012-08-08,231.06288146972656
2012-08-09,216.23976135253906
2012-08-10,215.27125549316406
2012-08-13,219.0190887451172
2012-08-14,219.6507568359375
2012-08-16,219.8198699951172
2012-08-17,221.764404296875
2012-08-21,218.5939483642578
2012-08-22,210.22386169433594
2012-08-23,210.51980590820312
2012-08-24,209.63204956054688
2012-08-27,210.6466064453125
2012-08-28,210.35067749023438
2012-08-29,204.85520935058594
2012-08-30,205.32025146484375
2012-08-31,209.50526428222656
2012-09-03,208.70205688476562
2012-09-04,211.15391540527344
2012-09-05,218.00213623046875
2012-09-06,213.1407470703125
2012-09-07,216.43804931640625
2012-09-10,220.7075958251953
2012-09-11,221.172607421875
2012-09-12,220.45394897460938
2012-09-13,214.3666534423828
2012-09-14,215.67713928222656
2012-09-17,223.83580017089844
2012-09-18,226.75267028808594
2012-09-20,226.79495239257812
2012-09-21,236.09498596191406
2012-09-24,235.8836212158203
2012-09-25,233.00906372070312
2012-09-26,224.21627807617188
2012-09-27,221.00347900390625
2012-09-28,224.4276580810547
2012-10-01,224.08944702148438
2012-10-03,224.3008270263672
2012-10-04,228.06312561035156
2012-10-05,224.68125915527344
2012-10-08,228.65496826171875
2012-10-09,224.3008270263672
2012-10-10,221.5530548095703
2012-10-11,225.99171447753906
2012-10-12,220.1157989501953
2012-10-15,223.2439727783203
2012-10-16,226.2876434326172
2012-10-17,228.739501953125
2012-10-18,224.80807495117188
2012-10-19,225.82264709472656
2012-10-22,229.880859375
2012-10-23,229.28903198242188
2012-10-25,227.9785919189453
2012-10-29,228.1053924560547
2012-10-30,228.44357299804688
2012-10-31,227.9785919189453
2012-11-01,237.70135498046875
2012-11-02,232.45953369140625
2012-11-05,231.23358154296875
2012-11-06,231.44497680664062
2012-11-07,229.2045135498047
2012-11-08,234.23497009277344
2012-11-09,233.17813110351562
2012-11-12,236.72906494140625
2012-11-15,245.43734741210938
2012-11-16,254.822021484375
2012-11-19,261.67022705078125
2012-11-20,261.2474365234375
2012-11-21,259.89471435546875
2012-11-22,260.23291015625
2012-11-23,258.24609375
2012-11-26,262.3042907714844
2012-11-27,276.2120666503906
2012-11-29,279.2980651855469
2012-11-30,284.9204406738281
2012-12-03,279.97442626953125
2012-12-04,281.07354736328125
2012-12-05,279.34033203125
2012-12-06,274.521240234375
2012-12-07,272.6189880371094
2012-12-10,268.7720642089844
2012-12-11,265.6438903808594
2012-12-12,263.6993103027344
2012-12-13,268.6875305175781
2012-12-14,264.164306640625
2012-12-17,254.1033172607422
2012-12-18,264.96746826171875
2012-12-19,267.2079772949219
2012-12-20,267.9266357421875
2012-12-21,259.8524475097656
2012-12-24,260.9093017578125
2012-12-26,268.3493347167969
2012-12-27,269.4061584472656
2012-12-28,269.744384765625
2012-12-31,268.095703125
2013-01-01,272.322998046875
2013-01-02,271.43524169921875
2013-01-03,277.31121826171875
2013-01-04,276.4657897949219
2013-01-07,276.29669189453125
2013-01-08,279.2557678222656
2013-01-09,282.1726379394531
2013-01-10,279.04443359375
2013-01-11,274.9439697265625
2013-01-14,277.90301513671875
2013-01-15,291.8531494140625
2013-01-16,289.9085998535156
2013-01-17,298.87042236328125
2013-01-18,294.9391174316406
2013-01-21,300.60369873046875
2013-01-22,297.3063659667969
2013-01-23,310.58013916015625
2013-01-24,305.97235107421875
2013-01-25,304.7887268066406
2013-01-28,302.12548828125
2013-01-29,295.4886169433594
2013-01-30,291.3458251953125
2013-01-31,287.1185607910156
2013-02-01,278.4948425292969
2013-02-04,279.889892578125
2013-02-05,274.5635070800781
2013-02-06,276.12762451171875
2013-02-07,270.6321105957031
2013-02-08,272.0693359375
2013-02-11,267.33477783203125
2013-02-12,272.49212646484375
2013-02-13,275.57806396484375
2013-02-14,263.53021240234375
2013-02-15,267.71527099609375
2013-02-18,265.22113037109375
2013-02-19,260.0215759277344
2013-02-20,257.02020263671875
2013-02-21,250.425537109375
2013-02-22,261.7969970703125
2013-02-25,259.5565490722656
2013-02-26,263.6147766113281
2013-02-27,272.0270690917969
2013-02-28,272.9993591308594
2013-03-01,263.02294921875
2013-03-04,267.2079772949219
2013-03-05,272.322998046875
2013-03-06,270.9280090332031
2013-03-07,270.7588195800781
2013-03-08,272.9993591308594
2013-03-11,271.6889343261719
2013-03-12,265.93975830078125
2013-03-13,268.2648010253906
2013-03-14,265.9820861816406
2013-03-15,262.3465270996094
2013-03-18,259.979248046875
2013-03-19,248.0582733154297
2013-03-20,236.77137756347656
2013-03-21,251.8628692626953
2013-03-22,248.60780334472656
2013-03-25,244.00003051757812
2013-03-26,251.01734924316406
2013-03-28,246.6632843017578
2013-04-01,248.2696075439453
2013-04-02,246.70555114746094
2013-04-03,237.4054718017578
2013-04-04,231.3181610107422
2013-04-05,228.48585510253906
2013-04-08,237.23638916015625
2013-04-09,234.1926727294922
2013-04-10,238.12413024902344
2013-04-11,232.67088317871094
2013-04-12,231.23358154296875
2013-04-15,236.43316650390625
2013-04-16,240.95639038085938
2013-04-17,241.84413146972656
2013-04-18,253.34243774414062
2013-04-22,254.2724609375
2013-04-23,253.17333984375
2013-04-25,256.8933410644531
2013-04-26,269.2370910644531
2013-04-29,269.0257263183594
2013-04-30,269.4906921386719
2013-05-02,267.7998352050781
2013-05-03,268.60296630859375
2013-05-06,270.9703063964844
2013-05-07,280.0167236328125
2013-05-08,274.0984802246094
2013-05-09,274.7748107910156
2013-05-10,274.1407470703125
2013-05-13,263.572509765625
2013-05-14,268.2225341796875
2013-05-15,272.78802490234375
2013-05-16,271.8157958984375
2013-05-17,266.7852478027344
2013-05-20,260.23291015625
2013-05-21,257.4006042480469
2013-05-22,263.82611083984375
2013-05-23,254.66575622558594
2013-05-24,253.18148803710938
2013-05-27,262.214599609375
2013-05-28,267.0067443847656
2013-05-29,267.17645263671875
2013-05-30,267.5156555175781
2013-05-31,256.1076965332031
2013-06-03,257.3376159667969
2013-06-04,258.01605224609375
2013-06-05,256.53179931640625
2013-06-06,250.29766845703125
2013-06-07,244.53004455566406
2013-06-10,240.6708221435547
2013-06-11,236.3875274658203
2013-06-12,235.58177185058594
2013-06-13,244.02114868164062
2013-06-14,245.5054473876953
2013-06-17,251.06100463867188
2013-06-18,247.62586975097656
2013-06-19,254.07203674316406
2013-06-20,244.95413208007812
2013-06-21,247.62586975097656
2013-06-24,240.4163818359375
2013-06-25,250.46726989746094
2013-06-26,235.53936767578125
2013-06-27,238.12628173828125
2013-06-28,247.45626831054688
2013-07-01,251.1882781982422
2013-07-02,256.87109375
2013-07-03,249.8311767578125
2013-07-04,255.4290771484375
2013-07-05,250.93380737304688
2013-07-08,249.02537536621094
2013-07-09,247.3714599609375
2013-07-10,246.0567626953125
2013-07-11,254.49615478515625
2013-07-12,259.1187744140625
2013-07-15,266.7099304199219
2013-07-16,272.35028076171875
2013-07-17,268.0670166015625
2013-07-18,274.5131530761719
2013-07-19,279.77191162109375
2013-07-22,285.07305908203125
2013-07-23,279.98394775390625
2013-07-24,286.17559814453125
2013-07-25,285.92120361328125
2013-07-26,286.00604248046875
2013-07-29,283.2918395996094
2013-07-30,272.35028076171875
2013-07-31,292.1976623535156
2013-08-01,291.13751220703125
2013-08-02,292.83380126953125
2013-08-05,285.2850646972656
2013-08-06,273.87701416015625
2013-08-07,276.718505859375
2013-08-08,286.0908508300781
2013-08-12,289.9076232910156
2013-08-13,293.8092956542969
2013-08-14,291.1798095703125
2013-08-16,284.6912841796875
2013-08-19,269.3816833496094
2013-08-20,270.1026916503906
2013-08-21,253.39353942871094
2013-08-22,265.4801025390625
2013-08-23,262.044921875
2013-08-26,260.433349609375
2013-08-27,249.27978515625
2013-08-28,244.10595703125
2013-08-29,253.9023895263672
2013-08-30,253.6903839111328
2013-09-02,254.70814514160156
2013-09-03,241.73104858398438
2013-09-04,252.07887268066406
2013-09-05,251.23069763183594
2013-09-06,266.1161804199219
2013-09-10,286.9814147949219
2013-09-11,284.2248229980469
2013-09-12,278.7116394042969
2013-09-13,276.2943420410156
2013-09-16,284.776123046875
2013-09-17,286.0908508300781
2013-09-18,286.34527587890625
2013-09-19,300.5098571777344
2013-09-20,291.9432067871094
2013-09-23,284.2672424316406
2013-09-24,280.1535339355469
2013-09-25,284.9881896972656
2013-09-26,283.9279479980469
2013-09-27,275.9126892089844
2013-09-30,270.2722473144531
2013-10-01,273.6225891113281
2013-10-03,275.0644836425781
2013-10-04,278.4995422363281
2013-10-07,274.17388916015625
2013-10-08,281.6802673339844
2013-10-09,283.4190673828125
2013-10-10,282.35882568359375
2013-10-11,283.75836181640625
2013-10-14,282.5284729003906
2013-10-15,287.6175537109375
2013-10-17,295.7176513671875
2013-10-18,302.587890625
2013-10-21,299.3648681640625
2013-10-22,298.6862487792969
2013-10-23,295.0390930175781
2013-10-24,296.5658264160156
2013-10-25,291.3495788574219
2013-10-28,287.8719787597656
2013-10-29,289.3987731933594
2013-10-30,305.344482421875
2013-10-31,311.3665466308594
2013-11-01,311.451416015625
2013-11-05,305.0051574707031
2013-11-06,301.6125183105469
2013-11-07,295.37841796875
2013-11-08,291.7735900878906
2013-11-11,289.2290954589844
2013-11-12,286.4725341796875
2013-11-13,282.01959228515625
2013-11-14,288.296142578125
2013-11-18,292.83380126953125
2013-11-19,298.21978759765625
2013-11-20,292.1128845214844
2013-11-21,287.23590087890625
2013-11-22,284.9033203125
2013-11-25,285.1153869628906
2013-11-26,277.3969421386719
2013-11-27,273.02886962890625
2013-11-28,274.470703125
2013-11-29,277.3546142578125
2013-12-02,282.1044006347656
2013-12-03,280.7472839355469
2013-12-04,281.8074951171875
2013-12-05,284.4368591308594
2013-12-06,281.93475341796875
2013-12-09,285.2850646972656
2013-12-10,284.3520202636719
2013-12-11,278.2875671386719
2013-12-12,274.470703125
2013-12-13,272.1382751464844
2013-12-16,265.77691650390625
2013-12-17,277.6514587402344
2013-12-18,277.99066162109375
2013-12-19,274.4283447265625
2013-12-20,278.117919921875
2013-12-23,278.4148254394531
2013-12-24,276.20953369140625
2013-12-26,279.51739501953125
2013-12-27,279.2206115722656
2013-12-30,279.60223388671875
2013-12-31,280.11114501953125
2014-01-01,286.4725341796875
2014-01-02,278.7964172363281
2014-01-03,279.3477478027344
2014-01-06,279.3477478027344
2014-01-07,281.3410339355469
2014-01-08,281.93475341796875
2014-01-09,279.559814453125
2014-01-10,280.3656005859375
2014-01-13,280.7472839355469
2014-01-14,278.1602783203125
2014-01-15,281.1714172363281
2014-01-16,267.6429443359375
2014-01-17,263.6989440917969
2014-01-20,261.7055969238281
2014-01-21,258.60986328125
2014-01-22,262.7235107421875
2014-01-23,266.87957763671875
2014-01-24,265.6072998046875
2014-01-27,260.3061218261719
2014-01-28,259.5428161621094
2014-01-29,256.0653076171875
2014-01-30,261.79046630859375
2014-01-31,267.17645263671875
2014-02-03,259.41558837890625
2014-02-04,268.23663330078125
2014-02-05,266.58270263671875
2014-02-06,267.2612609863281
2014-02-07,267.6429443359375
2014-02-10,260.3909606933594
2014-02-11,258.3553466796875
2014-02-12,261.1967468261719
2014-02-13,256.9134521484375
2014-02-14,259.03387451171875
2014-02-17,258.39776611328125
2014-02-18,256.3621520996094
2014-02-19,256.6165771484375
2014-02-20,251.82440185546875
2014-02-21,244.40281677246094
2014-02-24,239.8650360107422
2014-02-25,243.51223754882812
2014-02-26,244.44522094726562
2014-02-28,243.93630981445312
2014-03-03,243.13055419921875
2014-03-04,243.7242889404297
2014-03-05,239.82264709472656
2014-03-06,242.45201110839844
2014-03-07,256.0653076171875
2014-03-10,258.8218994140625
2014-03-11,257.0406494140625
2014-03-12,254.58096313476562
2014-03-13,255.2171173095703
2014-03-14,250.21278381347656
2014-03-18,250.29766845703125
2014-03-19,254.1993408203125
2014-03-20,250.63694763183594
2014-03-21,248.0499725341797
2014-03-24,249.3222198486328
2014-03-25,250.08563232421875
2014-03-26,253.22390747070312
2014-03-27,263.52923583984375
2014-03-28,269.2120361328125
2014-03-31,269.5089111328125
2014-04-01,267.4732971191406
2014-04-02,276.379150390625
2014-04-03,272.010986328125
2014-04-04,268.1942443847656
2014-04-07,269.2544250488281
2014-04-09,271.502197265625
2014-04-10,271.2053527832031
2014-04-11,273.3257141113281
2014-04-15,275.8702087402344
2014-04-16,274.5555725097656
2014-04-17,276.1247253417969
2014-04-21,283.97039794921875
2014-04-22,284.3520202636719
2014-04-23,287.3630676269531
2014-04-24,287.3630676269531
2014-04-25,289.82275390625
2014-04-28,286.3876647949219
2014-04-29,284.13995361328125
2014-04-30,278.24517822265625
2014-05-02,276.16717529296875
2014-05-05,271.6717834472656
2014-05-06,267.09161376953125
2014-05-07,263.78369140625
2014-05-08,261.2391662597656
2014-05-09,262.4690246582031
2014-05-12,269.33929443359375
2014-05-13,270.7388000488281
2014-05-14,274.1314697265625
2014-05-15,272.60479736328125
2014-05-16,280.5351867675781
2014-05-19,286.8541564941406
2014-05-20,294.78466796875
2014-05-21,287.7872009277344
2014-05-22,282.1044006347656
2014-05-23,291.4767150878906
2014-05-26,287.9568176269531
2014-05-27,284.9033203125
2014-05-28,289.73797607421875
2014-05-29,286.3028259277344
2014-05-30,291.85845947265625
2014-06-02,306.7015686035156
2014-06-03,305.51409912109375
2014-06-04,300.1706237792969
2014-06-05,301.2732849121094
2014-06-06,301.866943359375
2014-06-09,302.2910461425781
2014-06-10,306.6591796875
2014-06-11,301.4004821777344
2014-06-12,290.0773010253906
2014-06-13,282.6981201171875
2014-06-16,282.14678955078125
2014-06-17,286.8965759277344
2014-06-18,288.5929870605469
2014-06-19,286.8117370605469
2014-06-20,287.3206481933594
2014-06-23,289.69561767578125
2014-06-24,289.18670654296875
2014-06-25,285.83636474609375
2014-06-26,287.0661926269531
2014-06-27,281.3410339355469
2014-06-30,285.75152587890625
2014-07-01,284.56402587890625
2014-07-02,286.8117370605469
2014-07-03,285.7939147949219
2014-07-04,287.74481201171875
2014-07-07,292.15533447265625
2014-07-08,288.8474426269531
2014-07-09,289.65313720703125
2014-07-10,283.3343200683594
2014-07-11,284.56402587890625
2014-07-14,281.6802673339844
2014-07-15,283.75836181640625
2014-07-16,285.1578063964844
2014-07-17,285.4970703125
2014-07-18,285.2001953125
2014-07-21,286.00604248046875
2014-07-22,300.3826599121094
2014-07-23,300.5522766113281
2014-07-24,300.76434326171875
2014-07-25,300.93389892578125
2014-07-28,300.2130432128906
2014-07-30,316.4980163574219
2014-07-31,316.28594970703125
2014-08-01,322.3504943847656
2014-08-04,319.6787414550781
2014-08-05,317.85516357421875
2014-08-06,311.8330078125
2014-08-07,310.2639465332031
2014-08-08,317.218994140625
2014-08-11,319.2970275878906
2014-08-12,313.78387451171875
2014-08-13,312.6387939453125
2014-08-14,309.7550354003906
2014-08-18,319.1697998046875
2014-08-19,319.8907470703125
2014-08-20,317.68548583984375
2014-08-21,317.66839599609375
2014-08-22,312.5322265625
2014-08-25,315.9563293457031
2014-08-26,316.38433837890625
2014-08-27,315.8707580566406
2014-08-28,316.5555725097656
2014-09-01,321.691650390625
2014-09-02,335.2167663574219
2014-09-03,346.2593994140625
2014-09-04,346.2593994140625
2014-09-05,343.348876953125
2014-09-08,345.6173400878906
2014-09-09,347.6289978027344
2014-09-10,349.04144287109375
2014-09-11,347.5862121582031
2014-09-12,354.39154052734375
2014-09-15,352.2942810058594
2014-09-16,352.93634033203125
2014-09-17,354.6911926269531
2014-09-18,356.01800537109375
2014-09-19,355.2047424316406
2014-09-22,355.3759765625
2014-09-23,347.9714050292969
2014-09-24,345.1037292480469
2014-09-25,347.7574157714844
2014-09-26,346.7301940917969
2014-09-29,345.1893615722656
2014-09-30,346.85858154296875
2014-10-01,345.1466064453125
2014-10-07,345.3177185058594
2014-10-08,342.15045166015625
2014-10-09,346.6446228027344
2014-10-10,335.8159484863281
2014-10-13,335.1739501953125
2014-10-14,341.03765869140625
2014-10-15,341.03765869140625
2014-10-16,332.26348876953125
2014-10-17,338.9403991699219
2014-10-20,343.8625183105469
2014-10-21,351.5238342285156
2014-10-22,350.49664306640625
2014-10-27,354.8623352050781
2014-10-28,348.9986267089844
2014-10-29,346.77294921875
2014-10-30,348.8274230957031
2014-10-31,341.4656982421875
2014-11-03,338.76922607421875
2014-11-05,329.18182373046875
2014-11-07,334.57476806640625
2014-11-10,334.91717529296875
2014-11-11,329.5670471191406
2014-11-12,331.535888671875
2014-11-13,334.61749267578125
2014-11-14,332.4347229003906
2014-11-17,336.5863342285156
2014-11-18,341.97930908203125
2014-11-19,343.9053039550781
2014-11-20,340.4812316894531
2014-11-21,343.7341003417969
2014-11-24,341.9364318847656
2014-11-25,345.48895263671875
2014-11-26,336.7147521972656
2014-11-27,329.909423828125
2014-11-28,327.25579833984375
2014-12-01,323.4037170410156
2014-12-02,329.0106201171875
2014-12-03,323.9172668457031
2014-12-04,316.64111328125
2014-12-05,314.843505859375
2014-12-08,316.51275634765625
2014-12-09,303.15887451171875
2014-12-10,302.4312438964844
2014-12-11,293.8709716796875
2014-12-12,297.8515625
2014-12-15,299.56353759765625
2014-12-16,299.649169921875
2014-12-17,292.801025390625
2014-12-18,298.0655822753906
2014-12-19,293.6998291015625
2014-12-22,298.5791320800781
2014-12-23,304.0577392578125
2014-12-24,302.2600402832031
2014-12-26,303.28729248046875
2014-12-29,300.6335754394531
2014-12-30,299.3923645019531
2014-12-31,301.9176025390625
2015-01-01,310.6490173339844
2015-01-02,312.48944091796875
2015-01-05,305.5556640625
2015-01-06,303.15887451171875
2015-01-07,303.886474609375
2015-01-08,309.1509704589844
2015-01-09,304.5712585449219
2015-01-12,298.70758056640625
2015-01-13,296.4391174316406
2015-01-14,296.0111083984375
2015-01-15,299.0499572753906
2015-01-16,293.4858703613281
2015-01-19,299.9915771484375
2015-01-20,303.8008728027344
2015-01-21,315.8707580566406
2015-01-22,316.72674560546875
2015-01-23,328.796630859375
2015-01-27,337.4424133300781
2015-01-28,319.8084411621094
2015-01-29,321.691650390625
2015-01-30,319.8940124511719
2015-02-02,307.5673828125
2015-02-03,318.0535888671875
2015-02-04,315.827880859375
2015-02-05,312.18988037109375
2015-02-06,315.228759765625
2015-02-09,304.8280944824219
2015-02-10,304.8709411621094
2015-02-11,304.8280944824219
2015-02-12,301.9176025390625
2015-02-13,303.886474609375
2015-02-16,309.322265625
2015-02-18,301.3183898925781
2015-02-19,305.3416748046875
2015-02-20,299.0499572753906
2015-02-23,297.295166015625
2015-02-24,292.801025390625
2015-02-25,298.407958984375
2015-02-26,299.0499572753906
2015-02-27,304.0577392578125
2015-03-02,298.793212890625
2015-03-03,298.9643859863281
2015-03-04,300.6763916015625
2015-03-05,297.8087463378906
2015-03-09,293.9994201660156
2015-03-10,314.9718933105469
2015-03-11,333.4619445800781
2015-03-12,340.5240478515625
2015-03-13,342.62127685546875
2015-03-16,332.4774475097656
2015-03-17,330.893798828125
2015-03-18,327.2129211425781
2015-03-19,326.95611572265625
2015-03-20,325.5009765625
2015-03-23,328.0690002441406
2015-03-24,337.1427307128906
2015-03-25,338.1271667480469
2015-03-26,342.1076965332031
2015-03-27,322.2908630371094
2015-03-30,333.33349609375
2015-03-31,336.67193603515625
2015-04-01,344.3761291503906
2015-04-06,343.0920715332031
2015-04-07,346.473388671875
2015-04-08,358.800048828125
2015-04-09,348.5706481933594
2015-04-10,352.6366882324219
2015-04-13,364.406982421875
2015-04-15,355.3759765625
2015-04-16,357.8155822753906
2015-04-17,347.5005798339844
2015-04-20,344.3761291503906
2015-04-21,340.9520263671875
2015-04-22,341.8937683105469
2015-04-23,342.27886962890625
2015-04-24,341.6796875
2015-04-27,334.70318603515625
2015-04-28,343.0492858886719
2015-04-29,331.5786437988281
2015-04-30,326.2285461425781
2015-05-04,336.3296203613281
2015-05-05,331.3218688964844
2015-05-06,334.018310546875
2015-05-07,336.9715576171875
2015-05-08,340.6524658203125
2015-05-11,339.1543884277344
2015-05-12,335.1739501953125
2015-05-13,327.4698486328125
2015-05-14,330.42303466796875
2015-05-15,335.55914306640625
2015-05-18,340.2245178222656
2015-05-19,340.6952819824219
2015-05-20,342.87811279296875
2015-05-21,339.368408203125
2015-05-22,338.0415954589844
2015-05-25,342.3216552734375
2015-05-26,342.87811279296875
2015-05-27,349.8974609375
2015-05-28,344.9753723144531
2015-05-29,364.3214416503906
2015-06-01,356.6171569824219
2015-06-02,357.9012451171875
2015-06-03,360.1268615722656
2015-06-04,356.4460144042969
2015-06-05,355.7611999511719
2015-06-08,351.4382629394531
2015-06-09,349.2126770019531
2015-06-10,355.2903747558594
2015-06-11,351.4382629394531
2015-06-12,355.07635498046875
2015-06-15,354.0919189453125
2015-06-16,354.6483459472656
2015-06-17,361.4964904785156
2015-06-18,365.0489501953125
2015-06-19,371.5119323730469
2015-06-22,363.3797302246094
2015-06-23,368.3446350097656
2015-06-24,363.76495361328125
2015-06-25,365.26300048828125
2015-06-26,357.7728271484375
2015-06-29,354.30596923828125
2015-06-30,359.5704650878906
2015-07-01,363.3369445800781
2015-07-02,370.7843017578125
2015-07-03,372.45355224609375
2015-07-06,370.74151611328125
2015-07-07,369.6715087890625
2015-07-08,368.3446350097656
2015-07-09,371.4263610839844
2015-07-10,358.92840576171875
2015-07-13,362.6949157714844
2015-07-14,361.4964904785156
2015-07-15,362.05291748046875
2015-07-16,363.5081787109375
2015-07-17,364.5353698730469
2015-07-20,367.61700439453125
2015-07-21,381.1421203613281
2015-07-22,376.1343994140625
2015-07-23,370.5703125
2015-07-24,371.4263610839844
2015-07-27,357.7728271484375
2015-07-28,350.9674987792969
2015-07-29,357.5160217285156
2015-07-30,356.9168395996094
2015-07-31,358.50042724609375
2015-08-03,358.5860900878906
2015-08-04,353.74957275390625
2015-08-05,357.430419921875
2015-08-06,355.24761962890625
2015-08-07,352.3371276855469
2015-08-10,351.1386413574219
2015-08-11,346.5589904785156
2015-08-12,341.2944641113281
2015-08-13,331.2402038574219
2015-08-14,340.1065673828125
2015-08-17,335.8885498046875
2015-08-18,331.88580322265625
2015-08-19,329.3034362792969
2015-08-20,327.1082458496094
2015-08-21,318.1128234863281
2015-08-24,299.820556640625
2015-08-25,299.8636779785156
2015-08-26,291.9872131347656
2015-08-27,298.95977783203125
2015-08-28,312.04412841796875
2015-08-31,304.9855041503906
2015-09-01,297.32421875
2015-09-02,295.4735107421875
2015-09-03,298.4863586425781
2015-09-04,301.28399658203125
2015-09-07,298.7876281738281
2015-09-08,299.3471374511719
2015-09-09,305.1575927734375
2015-09-10,301.6712951660156
2015-09-11,300.1649169921875
2015-09-14,304.8563232421875
2015-09-15,302.14483642578125
2015-09-16,309.461669921875
2015-09-18,307.2236022949219
2015-09-21,303.26385498046875
2015-09-22,295.9469299316406
2015-09-23,290.8681335449219
2015-09-24,286.6071472167969
2015-09-28,282.00177001953125
2015-09-29,277.74072265625
2015-09-30,290.8251037597656
2015-10-01,292.2024230957031
2015-10-05,298.0559387207031
2015-10-06,300.2940673828125
2015-10-07,294.9569396972656
2015-10-08,294.0101318359375
2015-10-09,299.21795654296875
2015-10-12,300.8535461425781
2015-10-13,297.3672790527344
2015-10-14,298.09893798828125
2015-10-15,302.3599853515625
2015-10-16,300.9826965332031
2015-10-19,313.0770568847656
2015-10-20,311.48455810546875
2015-10-21,319.7913818359375
2015-10-23,309.1173095703125
2015-10-26,303.177734375
2015-10-27,303.56512451171875
2015-10-28,308.4286804199219
2015-10-29,305.93231201171875
2015-10-30,300.4662170410156
2015-11-02,301.4130859375
2015-11-03,299.2610778808594
2015-11-04,298.1850891113281
2015-11-05,289.7060852050781
2015-11-06,291.9872131347656
2015-11-09,288.58697509765625
2015-11-10,285.4880676269531
2015-11-13,287.4249572753906
2015-11-16,289.01739501953125
2015-11-17,287.9413757324219
2015-11-18,287.4678955078125
2015-11-19,292.28851318359375
2015-11-20,293.8378601074219
2015-11-23,291.8150634765625
2015-11-24,294.0101318359375
2015-11-26,294.5265808105469
2015-11-27,294.5696716308594
2015-11-30,287.812255859375
2015-12-01,277.8268737792969
2015-12-02,277.9559326171875
2015-12-03,275.0722351074219
2015-12-04,276.57861328125
2015-12-07,275.5457458496094
2015-12-08,273.60888671875
2015-12-09,267.5831604003906
2015-12-10,269.13262939453125
2015-12-11,266.4641418457031
2015-12-14,263.5373840332031
2015-12-15,266.162841796875
2015-12-16,275.7608947753906
2015-12-17,277.5256042480469
2015-12-18,274.6418762207031
2015-12-21,276.2343444824219
2015-12-22,278.2142333984375
2015-12-23,286.09063720703125
2015-12-24,291.3415832519531
2015-12-28,285.5741271972656
2015-12-29,288.58697509765625
2015-12-30,286.7362365722656
2015-12-31,293.02020263671875
2016-01-01,293.10626220703125
2016-01-04,281.3131103515625
2016-01-05,278.4294738769531
2016-01-06,277.3533935546875
2016-01-07,277.4825439453125
2016-01-08,278.7737121582031
2016-01-11,276.4495849609375
2016-01-12,271.4998779296875
2016-01-13,265.6463928222656
2016-01-14,265.7755126953125
2016-01-15,263.4943542480469
2016-01-18,258.4585876464844
2016-01-19,267.1097412109375
2016-01-20,266.50714111328125
2016-01-21,266.24896240234375
2016-01-22,257.1242980957031
2016-01-25,256.0914001464844
2016-01-27,256.3496398925781
2016-01-28,250.84039306640625
2016-01-29,249.5491943359375
2016-02-01,255.31661987304688
2016-02-02,260.1371765136719
2016-02-03,258.07122802734375
2016-02-04,261.9018249511719
2016-02-05,264.44122314453125
2016-02-08,267.7123107910156
2016-02-09,268.7882995605469
2016-02-10,267.9705810546875
2016-02-11,265.7324523925781
2016-02-12,279.37628173828125
2016-02-15,274.5127258300781
2016-02-16,271.4137878417969
2016-02-17,275.0722351074219
2016-02-18,276.4925842285156
2016-02-19,280.6675109863281
2016-02-22,283.2929992675781
2016-02-23,276.57861328125
2016-02-24,278.8597717285156
2016-02-25,277.6546936035156
2016-02-26,273.6949462890625
2016-02-29,271.5859680175781
2016-03-01,276.0621337890625
2016-03-02,280.92578125
2016-03-03,286.9945068359375
2016-03-04,283.422119140625
2016-03-08,285.3589172363281
2016-03-09,288.0274658203125
2016-03-10,289.4908142089844
2016-03-11,290.3086242675781
2016-03-14,293.32147216796875
2016-03-15,295.1722106933594
2016-03-16,291.3846435546875
2016-03-17,293.32147216796875
2016-03-18,296.3773498535156
2016-03-21,304.4259948730469
2016-03-22,302.05865478515625
2016-03-23,308.3426208496094
2016-03-28,301.1117248535156
2016-03-29,305.1575927734375
2016-03-30,304.5550537109375
2016-03-31,301.97259521484375
2016-04-01,288.7591552734375
2016-04-04,299.99273681640625
2016-04-05,284.4981689453125
2016-04-06,287.9413757324219
2016-04-07,285.143798828125
2016-04-08,288.0274658203125
2016-04-11,299.77752685546875
2016-04-12,301.3700256347656
2016-04-13,302.3599853515625
2016-04-18,309.3756103515625
2016-04-20,307.0083923339844
2016-04-21,307.5248107910156
2016-04-22,303.9524841308594
2016-04-25,308.98822021484375
2016-04-26,310.23638916015625
2016-04-27,321.12567138671875
2016-04-28,320.82440185546875
2016-04-29,312.990966796875
2016-05-02,307.998291015625
2016-05-03,317.079833984375
2016-05-04,311.1402587890625
2016-05-05,305.071533203125
2016-05-06,309.1173095703125
2016-05-09,315.74560546875
2016-05-10,317.5102844238281
2016-05-11,308.9451599121094
2016-05-12,311.6997985839844
2016-05-13,305.5019226074219
2016-05-16,304.2537536621094
2016-05-17,302.31689453125
2016-05-18,302.3599853515625
2016-05-19,296.8077697753906
2016-05-20,294.3544006347656
2016-05-23,297.7115783691406
2016-05-24,297.10906982421875
2016-05-25,302.704345703125
2016-05-26,303.73724365234375
2016-05-27,302.3599853515625
2016-05-30,306.3627624511719
2016-05-31,302.48907470703125
2016-06-01,312.689697265625
2016-06-02,315.2290954589844
2016-06-03,308.2995910644531
2016-06-06,300.2079162597656
2016-06-07,300.5522155761719
2016-06-08,303.56512451171875
2016-06-09,302.3599853515625
2016-06-10,302.2308044433594
2016-06-13,294.74176025390625
2016-06-14,294.9569396972656
2016-06-15,302.9195251464844
2016-06-16,298.2711181640625
2016-06-17,307.30963134765625
2016-06-20,313.7657470703125
2016-06-21,311.7858581542969
2016-06-22,312.51751708984375
2016-06-23,314.0239562988281
2016-06-24,306.3197021484375
2016-06-27,302.27392578125
2016-06-28,307.39569091796875
2016-06-29,306.6210021972656
2016-06-30,315.74560546875
2016-07-01,317.079833984375
2016-07-04,321.3839111328125
2016-07-05,314.97088623046875
2016-07-07,312.77581787109375
2016-07-08,305.63104248046875
2016-07-11,309.762939453125
2016-07-12,312.7327575683594
2016-07-13,313.0770568847656
2016-07-14,315.87469482421875
2016-07-15,326.1614074707031
2016-07-18,312.17327880859375
2016-07-19,313.5935974121094
2016-07-20,312.81884765625
2016-07-21,316.64947509765625
2016-07-22,316.2190246582031
2016-07-25,320.17877197265625
2016-07-26,318.37103271484375
2016-07-27,320.6952209472656
2016-07-28,320.1357116699219
2016-07-29,311.65673828125
2016-08-01,313.3353271484375
2016-08-02,307.998291015625
2016-08-03,308.90216064453125
2016-08-04,315.2721862792969
2016-08-05,313.3353271484375
2016-08-08,302.6181945800781
2016-08-09,300.8104553222656
2016-08-10,298.2280578613281
2016-08-11,299.31695556640625
2016-08-12,300.5700988769531
2016-08-16,295.94659423828125
2016-08-17,298.7120056152344
2016-08-18,305.19354248046875
2016-08-19,303.6811828613281
2016-08-22,302.6441650390625
2016-08-23,305.7120666503906
2016-08-24,304.71826171875
2016-08-25,299.0144958496094
2016-08-26,297.2428894042969
2016-08-29,296.07623291015625
2016-08-30,286.7860107421875
2016-08-31,286.6131591796875
2016-09-01,268.6376953125
2016-09-02,275.5946044921875
2016-09-06,277.841552734375
2016-09-07,276.6748352050781
2016-09-08,280.34771728515625
2016-09-09,278.3600158691406
2016-09-12,274.8599548339844
2016-09-14,276.41558837890625
2016-09-15,278.8785400390625
2016-09-16,279.65631103515625
2016-09-19,280.1316223144531
2016-09-20,275.85382080078125
2016-09-21,278.1440124511719
2016-09-22,282.5946350097656
2016-09-23,282.55145263671875
2016-09-26,276.8476867675781
2016-09-27,272.0513000488281
2016-09-28,278.0575256347656
2016-09-29,272.8291015625
2016-09-30,271.3599853515625
2016-10-03,275.4217224121094
2016-10-04,280.00201416015625
2016-10-05,278.01434326171875
2016-10-06,278.5328369140625
2016-10-07,276.0699157714844
2016-10-10,273.00201416015625
2016-10-13,265.094482421875
2016-10-14,263.9277648925781
2016-10-17,260.38458251953125
2016-10-18,265.0080871582031
2016-10-19,265.267333984375
2016-10-20,267.1253662109375
2016-10-21,267.6871337890625
2016-10-24,265.0080871582031
2016-10-25,269.4587097167969
2016-10-26,274.5575256347656
2016-10-27,279.2242736816406
2016-10-28,275.5513916015625
2016-11-01,274.3414611816406
2016-11-02,267.55743408203125
2016-11-03,266.9957275390625
2016-11-04,265.0512390136719
2016-11-07,264.1006774902344
2016-11-08,263.4957275390625
2016-11-09,260.12530517578125
2016-11-10,266.7364501953125
2016-11-11,260.47100830078125
2016-11-15,261.55126953125
2016-11-16,267.6007080078125
2016-11-17,256.79815673828125
2016-11-18,262.50189208984375
2016-11-21,258.8289794921875
2016-11-22,262.6747131347656
2016-11-23,259.7364196777344
2016-11-24,261.33514404296875
2016-11-25,260.12530517578125
2016-11-28,275.50811767578125
2016-11-29,280.736572265625
2016-11-30,280.5205078125
2016-12-01,274.9896240234375
2016-12-02,275.3353271484375
2016-12-05,282.3785705566406
2016-12-06,284.193359375
2016-12-07,283.5884704589844
2016-12-08,287.3045654296875
2016-12-09,286.9156494140625
2016-12-12,284.45269775390625
2016-12-13,285.1872253417969
2016-12-14,278.79217529296875
2016-12-15,275.2056579589844
2016-12-16,268.1192321777344
2016-12-19,264.0142822265625
2016-12-20,261.4648742675781
2016-12-21,260.7302551269531
2016-12-22,252.5635528564453
2016-12-23,255.4154052734375
2016-12-26,255.8907470703125
2016-12-27,258.9154052734375
2016-12-28,258.8289794921875
2016-12-29,261.853759765625
2016-12-30,264.1438293457031
2017-01-02,268.767333984375
2017-01-03,263.10687255859375
2017-01-04,271.2735595703125
2017-01-05,277.495849609375
2017-01-06,276.3291931152344
2017-01-09,274.7735900878906
2017-01-10,276.6316833496094
2017-01-11,278.9217834472656
2017-01-12,278.10076904296875
2017-01-13,276.71807861328125
2017-01-16,275.3353271484375
2017-01-17,275.2489013671875
2017-01-18,271.2735595703125
2017-01-19,274.0390319824219
2017-01-20,277.0205383300781
2017-01-23,276.2427062988281
2017-01-24,273.5205078125
2017-01-25,269.0698547363281
2017-01-27,279.7859802246094
2017-01-30,298.7120056152344
2017-01-31,300.91571044921875
2017-02-01,298.23675537109375
2017-02-02,305.32318115234375
2017-02-03,305.7552795410156
2017-02-06,307.0083923339844
2017-02-07,305.19354248046875
2017-02-08,304.37261962890625
2017-02-09,307.0083923339844
2017-02-10,308.99603271484375
2017-02-13,309.4281311035156
2017-02-14,318.8479309082031
2017-02-15,315.69366455078125
2017-02-16,316.03924560546875
2017-02-17,319.32330322265625
2017-02-20,324.37890625
2017-02-21,313.5763244628906
2017-02-22,311.9775695800781
2017-02-23,316.5146484375
2017-02-27,307.39727783203125
2017-02-28,315.5639953613281
2017-03-01,313.48992919921875
2017-03-02,308.3910827636719
2017-03-03,307.7861633300781
2017-03-06,312.40960693359375
2017-03-07,312.0639953613281
2017-03-08,311.7182922363281
2017-03-09,311.2861328125
2017-03-10,315.3479309082031
2017-03-14,312.0639953613281
2017-03-15,313.8787536621094
2017-03-16,311.6750793457031
2017-03-17,299.74908447265625
2017-03-20,301.95281982421875
2017-03-21,302.3848876953125
2017-03-22,292.2737121582031
2017-03-23,292.532958984375
2017-03-24,294.2613830566406
2017-03-27,292.705810546875
2017-03-28,294.4773864746094
2017-03-29,298.0206298828125
2017-03-30,303.50830078125
2017-03-31,302.5145263671875
2017-04-03,295.3848571777344
2017-04-05,297.7181396484375
2017-04-06,295.3848571777344
2017-04-07,297.89105224609375
2017-04-10,298.7552795410156
2017-04-11,302.6441650390625
2017-04-12,303.1626892089844
2017-04-13,294.04534912109375
2017-04-17,294.9527587890625
2017-04-18,292.7922058105469
2017-04-19,293.78607177734375
2017-04-20,296.205810546875
2017-04-21,296.2490539550781
2017-04-24,297.8478088378906
2017-04-25,305.88494873046875
2017-04-26,308.99603271484375
2017-04-27,309.29852294921875
2017-04-28,307.22442626953125
2017-05-02,300.397216796875
2017-05-03,299.31695556640625
2017-05-04,299.0144958496094
2017-05-05,297.9342346191406
2017-05-08,303.59478759765625
2017-05-09,298.3663330078125
2017-05-10,322.1319274902344
2017-05-11,316.2986145019531
2017-05-12,315.5207824707031
2017-05-15,314.6997985839844
2017-05-16,323.5146484375
2017-05-17,324.89739990234375
2017-05-18,320.4035949707031
2017-05-19,322.1319274902344
2017-05-22,321.9591064453125
2017-05-23,321.3973693847656
2017-05-24,318.3294372558594
2017-05-25,320.3603210449219
2017-05-26,322.86651611328125
2017-05-29,322.4344177246094
2017-05-30,320.3603210449219
2017-05-31,321.09490966796875
2017-06-01,317.07635498046875
2017-06-02,322.5640563964844
2017-06-05,321.8294677734375
2017-06-06,318.8912048339844
2017-06-07,322.1751403808594
2017-06-08,317.7677001953125
2017-06-09,317.8541564941406
2017-06-12,315.60723876953125
2017-06-13,313.8787536621094
2017-06-14,315.866455078125
2017-06-15,315.69366455078125
2017-06-16,315.30474853515625
2017-06-19,317.5948486328125
2017-06-20,316.81707763671875
2017-06-21,317.4219970703125
2017-06-22,316.47137451171875
2017-06-23,316.47137451171875
2017-06-27,321.00848388671875
2017-06-28,325.9776611328125
2017-06-29,330.5147399902344
2017-06-30,328.1381530761719
2017-07-03,330.1690673828125
2017-07-04,327.7925109863281
2017-07-05,325.1998596191406
2017-07-06,329.5208740234375
2017-07-07,333.4962158203125
2017-07-10,350.6074523925781
2017-07-11,341.7494201660156
2017-07-12,343.17529296875
2017-07-13,349.2833251953125
2017-07-14,352.618896484375
2017-07-17,353.8751525878906
2017-07-18,353.7452087402344
2017-07-19,364.96490478515625
2017-07-20,363.7086181640625
2017-07-21,356.3443603515625
2017-07-24,363.92523193359375
2017-07-25,370.63970947265625
2017-07-26,369.2968444824219
2017-07-27,360.4596862792969
2017-07-28,358.0771179199219
2017-07-31,362.9721984863281
2017-08-01,361.3260498046875
2017-08-02,360.28643798828125
2017-08-03,367.520751953125
2017-08-04,364.66162109375
2017-08-07,361.67266845703125
2017-08-08,361.97589111328125
2017-08-09,360.4596862792969
2017-08-10,360.63299560546875
2017-08-11,359.1601257324219
2017-08-14,353.9617919921875
2017-08-16,353.2687072753906
2017-08-17,360.7195739746094
2017-08-18,364.748291015625
2017-08-21,363.1454772949219
2017-08-22,365.70135498046875
2017-08-23,374.1919250488281
2017-08-24,375.10162353515625
2017-08-28,376.35791015625
2017-08-29,370.8996276855469
2017-08-30,371.6793518066406
2017-08-31,370.5530700683594
2017-09-01,366.0911865234375
2017-09-04,360.762939453125
2017-09-05,352.1856994628906
2017-09-06,348.7201843261719
2017-09-07,344.2149658203125
2017-09-08,349.5865783691406
2017-09-11,349.11004638671875
2017-09-12,351.05938720703125
2017-09-13,347.9837646484375
2017-09-14,345.6011657714844
2017-09-15,343.0886535644531
2017-09-18,343.6518249511719
2017-09-19,342.0489807128906
2017-09-20,343.8251037597656
2017-09-21,346.6408386230469
2017-09-22,342.5254821777344
2017-09-25,337.67376708984375
2017-09-26,335.5943908691406
2017-09-27,334.3815002441406
2017-09-28,331.0025634765625
2017-09-29,337.4137878417969
2017-10-03,333.25518798828125
2017-10-04,326.7572937011719
2017-10-05,327.2337951660156
2017-10-06,331.21917724609375
2017-10-09,328.3167724609375
2017-10-10,333.2118225097656
2017-10-11,349.6299133300781
2017-10-12,346.77081298828125
2017-10-13,373.3255310058594
2017-10-16,392.7325439453125
2017-10-17,403.6923522949219
2017-10-18,400.22674560546875
2017-10-19,410.4501647949219
2017-10-23,430.8968811035156
2017-10-24,434.9688415527344
2017-10-25,446.83831787109375
2017-10-26,442.98291015625
2017-10-27,420.4569091796875
2017-10-30,427.04144287109375
2017-10-31,430.7668762207031
2017-11-01,467.06842041015625
2017-11-02,470.6206359863281
2017-11-03,468.93115234375
2017-11-06,461.39361572265625
2017-11-07,445.6253967285156
2017-11-08,429.1207580566406
2017-11-09,436.87493896484375
2017-11-10,436.1817626953125
2017-11-13,431.4599914550781
2017-11-14,431.5899353027344
2017-11-15,421.71319580078125
2017-11-16,424.4422607421875
2017-11-17,427.5612487792969
2017-11-20,426.8248291015625
2017-11-21,436.008544921875
2017-11-22,432.4129943847656
2017-11-23,430.03045654296875
2017-11-24,430.42034912109375
2017-11-27,431.4599914550781
2017-11-28,426.2616882324219
2017-11-29,429.5106201171875
2017-11-30,430.1170959472656
2017-12-01,419.4605712890625
2017-12-04,419.5904846191406
2017-12-05,425.09210205078125
2017-12-06,418.8540954589844
2017-12-07,445.9285888671875
2017-12-08,454.98236083984375
2017-12-11,461.5235595703125
2017-12-12,453.85601806640625
2017-12-13,448.22454833984375
2017-12-14,450.7803955078125
2017-12-15,448.7443542480469
2017-12-18,455.93536376953125
2017-12-19,464.9024658203125
2017-12-20,458.2312927246094
2017-12-21,454.0726318359375
2017-12-22,457.9280700683594
2017-12-26,470.40399169921875
2017-12-27,463.2130432128906
2017-12-28,460.35394287109375
2017-12-29,458.881103515625
2018-01-01,457.3648986816406
2018-01-02,447.5314636230469
2018-01-03,448.9609680175781
2018-01-04,453.11962890625
2018-01-05,467.8481750488281
2018-01-08,447.358154296875
2018-01-09,441.6833801269531
2018-01-10,438.7375793457031
2018-01-11,445.971923828125
2018-01-12,441.4667053222656
2018-01-15,437.09149169921875
2018-01-16,430.8101806640625
2018-01-17,433.10614013671875
2018-01-18,428.8608093261719
2018-01-19,431.3733825683594
2018-01-22,425.1353454589844
2018-01-23,426.3482971191406
2018-01-24,398.1041259765625
2018-01-25,392.2127685546875
2018-01-29,381.7294921875
2018-01-30,384.2060241699219
2018-01-31,383.5519714355469
2018-02-01,382.2875061035156
2018-02-02,368.2918395996094
2018-02-05,383.8571472167969
2018-02-06,382.9415588378906
2018-02-07,375.1806640625
2018-02-08,374.78826904296875
2018-02-09,368.422607421875
2018-02-12,370.0794677734375
2018-02-14,379.1483154296875
2018-02-15,374.0470886230469
2018-02-16,365.98101806640625
2018-02-19,361.3157958984375
2018-02-20,364.5858154296875
2018-02-21,365.93743896484375
2018-02-22,362.8417663574219
2018-02-23,371.082275390625
2018-02-26,368.9894104003906
2018-02-27,375.3986511230469
2018-02-28,373.69830322265625
2018-03-01,373.0007019042969
2018-03-05,367.5070495605469
2018-03-06,360.9234313964844
2018-03-07,351.59295654296875
2018-03-08,349.93609619140625
2018-03-09,350.6773376464844
2018-03-12,367.5942077636719
2018-03-13,371.7362976074219
2018-03-14,368.5098571777344
2018-03-15,366.63507080078125
2018-03-16,363.40863037109375
2018-03-19,348.4972839355469
2018-03-20,349.1512756347656
2018-03-21,364.6730651855469
2018-03-22,362.40582275390625
2018-03-23,359.8769836425781
2018-03-26,367.5506591796875
2018-03-27,360.3130187988281
2018-03-28,347.66888427734375
2018-04-02,344.5296936035156
2018-04-03,350.7209167480469
2018-04-04,344.4861145019531
2018-04-05,343.4833068847656
2018-04-06,335.6788024902344
2018-04-09,331.62396240234375
2018-04-10,336.2019958496094
2018-04-11,335.9840087890625
2018-04-12,331.53680419921875
2018-04-13,329.5311584472656
2018-04-16,328.441162109375
2018-04-17,333.1500244140625
2018-04-18,335.0683898925781
2018-04-19,344.7477111816406
2018-04-20,350.5465087890625
2018-04-23,351.2877502441406
2018-04-24,354.2525634765625
2018-04-25,366.1118469238281
2018-04-26,356.8249816894531
2018-04-27,356.4325866699219
2018-04-30,357.1301574707031
2018-05-02,356.1709899902344
2018-05-03,352.6393127441406
2018-05-04,345.968505859375
2018-05-07,347.2765197753906
2018-05-08,349.8052673339844
2018-05-09,350.9389343261719
2018-05-10,359.3537292480469
2018-05-11,337.11761474609375
2018-05-14,334.10919189453125
2018-05-15,333.062744140625
2018-05-16,327.3075866699219
2018-05-17,320.5495300292969
2018-05-18,315.0994873046875
2018-05-21,313.9222717285156
2018-05-22,315.5354309082031
2018-05-23,311.1318359375
2018-05-24,324.29913330078125
2018-05-25,328.7027282714844
2018-05-28,327.1331481933594
2018-05-29,330.6211853027344
2018-05-30,327.6999206542969
2018-05-31,325.7815246582031
2018-06-01,334.58880615234375
2018-06-04,324.6479187011719
2018-06-05,317.6719055175781
2018-06-06,331.1443786621094
2018-06-07,331.3187561035156
2018-06-08,329.2259521484375
2018-06-11,339.0359802246094
2018-06-12,331.92913818359375
2018-06-13,327.5691223144531
2018-06-14,328.31036376953125
2018-06-15,329.8363952636719
2018-06-18,323.4270935058594
2018-06-19,323.688720703125
2018-06-20,324.29913330078125
2018-06-21,321.5086975097656
2018-06-22,326.6099548339844
2018-06-25,326.2611389160156
2018-06-26,331.53680419921875
2018-06-27,327.5691223144531
2018-06-28,329.57476806640625
2018-06-29,333.062744140625
2018-07-02,320.94189453125
2018-07-03,323.2963562011719
2018-07-04,320.3751220703125
2018-07-05,316.8870849609375
2018-07-06,315.88427734375
2018-07-09,315.75347900390625
2018-07-10,320.7239074707031
2018-07-11,315.666259765625
2018-07-12,315.7970275878906
2018-07-13,313.00665283203125
2018-07-16,302.9349670410156
2018-07-17,298.70574951171875
2018-07-18,293.69171142578125
2018-07-19,300.8421325683594
2018-07-20,301.19091796875
2018-07-23,313.00665283203125
2018-07-24,311.1318359375
2018-07-25,307.20782470703125
2018-07-26,311.873046875
2018-07-27,318.0207214355469
2018-07-30,334.1964111328125
2018-07-31,340.60565185546875
2018-08-01,335.2864074707031
2018-08-02,327.386962890625
2018-08-03,328.7035217285156
2018-08-06,338.577880859375
2018-08-07,335.1986389160156
2018-08-08,338.182861328125
2018-08-09,322.1646423339844
2018-08-10,324.57830810546875
2018-08-13,324.885498046875
2018-08-14,322.1206970214844
2018-08-16,326.50927734375
2018-08-17,325.982666015625
2018-08-20,325.236572265625
2018-08-21,323.2179260253906
2018-08-23,324.6660461425781
2018-08-24,323.832275390625
2018-08-27,332.7849426269531
2018-08-28,330.7222900390625
2018-08-29,329.05462646484375
2018-08-30,336.251953125
2018-08-31,336.9101867675781
2018-09-03,336.8663024902344
2018-09-04,332.082763671875
2018-09-05,326.55316162109375
2018-09-06,326.7725830078125
2018-09-07,341.9570617675781
2018-09-10,340.90374755859375
2018-09-11,332.38995361328125
2018-09-12,330.634521484375
2018-09-14,336.6907653808594
2018-09-17,335.330322265625
2018-09-18,328.00140380859375
2018-09-19,324.7977294921875
2018-09-21,325.19268798828125
2018-09-24,312.64141845703125
2018-09-25,316.4155578613281
2018-09-26,317.1177673339844
2018-09-27,313.1680603027344
2018-09-28,297.1497802734375
2018-10-01,286.7927551269531
2018-10-03,279.5077209472656
2018-10-04,272.2227478027344
2018-10-05,262.08514404296875
2018-10-08,259.1009216308594
2018-10-09,253.65908813476562
2018-10-10,259.0131530761719
2018-10-11,250.4554443359375
2018-10-12,254.58065795898438
2018-10-15,255.50225830078125
2018-10-16,258.04766845703125
2018-10-17,253.22023010253906
2018-10-19,252.1669921875
2018-10-22,250.80654907226562
2018-10-23,250.93821716308594
2018-10-24,277.2256774902344
2018-10-25,259.4081115722656
2018-10-26,261.5146179199219
2018-10-29,258.13543701171875
2018-10-30,256.8188781738281
2018-10-31,256.59942626953125
2018-11-01,257.60882568359375
2018-11-02,265.11328125
2018-11-05,268.3436279296875
2018-11-06,269.98095703125
2018-11-07,271.0429992675781
2018-11-09,265.2902526855469
2018-11-12,262.14837646484375
2018-11-13,263.3431701660156
2018-11-14,266.66204833984375
2018-11-15,269.40570068359375
2018-11-16,294.49652099609375
2018-11-19,298.12518310546875
2018-11-20,293.7884826660156
2018-11-21,294.4522705078125
2018-11-22,290.15985107421875
2018-11-26,296.089599609375
2018-11-27,290.4253234863281
2018-11-28,277.99053955078125
2018-11-29,280.7341613769531
2018-11-30,277.4595031738281
2018-12-03,282.99102783203125
2018-12-04,281.9289855957031
2018-12-05,276.8399963378906
2018-12-06,269.05169677734375
2018-12-07,269.00738525390625
2018-12-10,261.04205322265625
2018-12-11,256.88238525390625
2018-12-12,270.4234619140625
2018-12-13,268.255126953125
2018-12-14,282.54852294921875
2018-12-17,278.964111328125
2018-12-18,281.26519775390625
2018-12-19,285.6018981933594
2018-12-20,280.1589050292969
2018-12-21,272.5032958984375
2018-12-24,273.5653381347656
2018-12-26,283.61053466796875
2018-12-27,280.2916259765625
2018-12-28,280.1589050292969
2018-12-31,276.574462890625
2019-01-01,282.7697448730469
2019-01-02,276.70721435546875
2019-01-03,277.4595031738281
2019-01-04,285.380615234375
2019-01-07,287.5932312011719
2019-01-08,291.3988952636719
2019-01-09,296.04534912109375
2019-01-10,298.5234375
2019-01-11,296.5763854980469
2019-01-14,293.4787292480469
2019-01-15,298.9217224121094
2019-01-16,295.55853271484375
2019-01-17,293.8769836425781
2019-01-18,275.37969970703125
2019-01-21,275.55670166015625
2019-01-22,269.8039855957031
2019-01-23,268.7861328125
2019-01-24,266.9718322753906
2019-01-25,272.1492919921875
2019-01-28,270.0694885253906
2019-01-29,272.4590759277344
2019-01-30,268.7861328125
2019-01-31,271.17578125
2019-02-01,275.99920654296875
2019-02-04,271.30853271484375
2019-02-05,272.7688293457031
2019-02-06,273.2555847167969
2019-02-07,275.37969970703125
2019-02-08,277.2383117675781
2019-02-11,276.3089904785156
2019-02-12,275.46820068359375
2019-02-14,266.2195129394531
2019-02-15,269.58270263671875
2019-02-18,267.7683410644531
2019-02-19,268.7861328125
2019-02-20,273.47686767578125
2019-02-21,274.2734069824219
2019-02-22,277.769287109375
2019-02-25,280.7784423828125
2019-02-26,279.1853332519531
2019-02-27,283.34503173828125
2019-02-28,281.4864196777344
2019-03-01,272.28204345703125
2019-03-05,272.4590759277344
2019-03-06,273.8308410644531
2019-03-07,272.28204345703125
2019-03-08,273.2113342285156
2019-03-11,295.4258117675781
2019-03-12,311.35650634765625
2019-03-13,298.9217224121094
2019-03-14,303.037109375
2019-03-15,298.8774719238281
2019-03-18,292.637939453125
2019-03-19,298.03668212890625
2019-03-20,295.6028137207031
2019-03-22,293.43450927734375
2019-03-25,289.4075622558594
2019-03-26,290.1155700683594
2019-03-27,285.42486572265625
2019-03-28,292.0184326171875
2019-04-01,301.6210632324219
2019-04-02,315.4719543457031
2019-04-03,309.763427734375
2019-04-04,315.7817077636719
2019-04-05,315.6489562988281
2019-04-08,314.1444091796875
2019-04-09,311.17950439453125
2019-04-10,300.9130554199219
2019-04-11,306.53302001953125
2019-04-12,302.63885498046875
2019-04-15,307.72784423828125
2019-04-16,308.6571350097656
2019-04-18,307.0640869140625
2019-04-22,309.2324523925781
2019-04-23,305.0765075683594
2019-04-24,312.7877502441406
2019-04-25,316.64337158203125
2019-04-26,313.7034606933594
2019-04-30,308.7393493652344
2019-05-02,312.49859619140625
2019-05-03,319.48687744140625
2019-05-06,321.4147033691406
2019-05-07,313.22149658203125
2019-05-08,312.7877502441406
2019-05-09,304.0644226074219
2019-05-10,312.4022216796875
2019-05-13,307.14886474609375
2019-05-14,324.4510192871094
2019-05-15,319.2940979003906
2019-05-16,313.4624938964844
2019-05-17,316.59521484375
2019-05-20,327.82470703125
2019-05-21,318.71575927734375
2019-05-22,323.0533447265625
2019-05-23,326.5716247558594
2019-05-24,340.451904296875
2019-05-27,336.8854064941406
2019-05-28,333.12615966796875
2019-05-29,326.5716247558594
2019-05-30,334.1864929199219
2019-05-31,336.2107238769531
2019-06-03,340.01812744140625
2019-06-04,339.68072509765625
2019-06-06,341.03021240234375
2019-06-07,344.21112060546875
2019-06-10,350.3319396972656
2019-06-11,350.13916015625
2019-06-12,346.9100646972656
2019-06-13,350.62109375
2019-06-14,340.54827880859375
2019-06-17,331.5839538574219
2019-06-18,332.6924743652344
2019-06-19,328.7886047363281
2019-06-20,335.9696960449219
2019-06-21,331.39117431640625
2019-06-24,332.64422607421875
2019-06-25,336.0179138183594
2019-06-26,333.0780334472656
2019-06-27,336.06610107421875
2019-06-28,334.1382751464844
2019-07-01,335.9215087890625
2019-07-02,340.8374328613281
2019-07-03,340.451904296875
2019-07-04,349.6571960449219
2019-07-05,351.6332092285156
2019-07-08,343.536376953125
2019-07-09,349.2234191894531
2019-07-10,345.6087951660156
2019-07-11,347.7293701171875
2019-07-12,343.2472229003906
2019-07-15,337.9457092285156
2019-07-16,338.0903015136719
2019-07-17,333.7527160644531
2019-07-18,330.1380920410156
2019-07-19,327.6800842285156
2019-07-22,330.1863098144531
2019-07-23,331.1983947753906
2019-07-24,326.6679992675781
2019-07-25,326.7643737792969
2019-07-26,322.8123779296875
2019-07-29,322.4750671386719
2019-07-30,333.2707824707031
2019-07-31,325.4149475097656
2019-08-01,312.20941162109375
2019-08-02,331.15020751953125
2019-08-05,344.7894592285156
2019-08-06,355.1514587402344
2019-08-07,352.88629150390625
2019-08-08,358.7178955078125
2019-08-09,357.7539978027344
2019-08-13,338.95782470703125
2019-08-14,348.1631164550781
2019-08-16,348.50048828125
2019-08-19,347.9703674316406
2019-08-20,345.1268615722656
2019-08-21,342.0905456542969
2019-08-22,340.01812744140625
2019-08-23,343.536376953125
2019-08-26,347.63299560546875
2019-08-27,335.728759765625
2019-08-28,333.3189392089844
2019-08-29,331.1020202636719
2019-08-30,334.2828674316406
2019-09-03,324.6920166015625
2019-09-04,333.2225646972656
2019-09-05,335.150390625
2019-09-06,336.64447021484375
2019-09-09,343.5845642089844
2019-09-11,342.2833557128906
2019-09-12,335.0057678222656
2019-09-13,330.668212890625
2019-09-16,331.5839538574219
2019-09-17,327.583740234375
2019-09-18,323.48712158203125
2019-09-19,325.4149475097656
2019-09-20,343.536376953125
2019-09-23,335.4395751953125
2019-09-24,336.06610107421875
2019-09-25,329.3187255859375
2019-09-26,331.6321105957031
2019-09-27,336.4998779296875
2019-09-30,353.8019714355469
2019-10-01,338.2830810546875
2019-10-03,332.4514465332031
2019-10-04,327.246337890625
2019-10-07,329.2223815917969
2019-10-09,346.4281005859375
2019-10-10,363.6338195800781
2019-10-11,369.0799255371094
2019-10-14,379.34552001953125
2019-10-15,369.8028564453125
2019-10-16,371.3451232910156
2019-10-17,371.9234619140625
2019-10-18,369.65826416015625
2019-10-22,360.5975341796875
2019-10-23,347.3437805175781
2019-10-24,358.91070556640625
2019-10-25,361.609619140625
2019-10-27,359.6336669921875
2019-10-29,346.9100646972656
2019-10-30,354.66949462890625
2019-10-31,360.74212646484375
2019-11-01,359.5854187011719
2019-11-04,364.3567810058594
2019-11-05,370.09197998046875
2019-11-06,358.043212890625
2019-11-07,358.3323059082031
2019-11-08,355.8262023925781
2019-11-11,358.0914001464844
2019-11-13,355.2960510253906
2019-11-14,349.41619873046875
2019-11-15,378.8635559082031
2019-11-18,394.4306640625
2019-11-19,423.4924621582031
2019-11-20,421.5164489746094
2019-11-21,410.9134521484375
2019-11-22,405.4674072265625
2019-11-25,435.1075134277344
2019-11-26,416.7451171875
2019-11-27,417.7090148925781
2019-11-28,420.8898620605469
2019-11-29,426.4805603027344
2019-12-02,442.0476989746094
2019-12-03,442.52960205078125
2019-12-04,444.74658203125
2019-12-05,431.2037048339844
2019-12-06,428.7939453125
2019-12-09,429.7578430175781
2019-12-10,430.8663635253906
2019-12-11,426.7697448730469
2019-12-12,422.8177185058594
2019-12-13,412.35931396484375
2019-12-16,406.62408447265625
2019-12-17,424.07080078125
2019-12-18,422.4803466796875
2019-12-19,433.2279052734375
2019-12-20,437.4208984375
2019-12-23,438.38482666015625
2019-12-24,440.6499938964844
2019-12-26,431.396484375
2019-12-27,438.6739807128906
2019-12-30,443.87908935546875
2019-12-31,439.34869384765625
2020-01-01,436.93896484375
2020-01-02,438.7703552246094
2020-01-03,438.6739807128906
2020-01-06,433.4206848144531
2020-01-07,429.034912109375
2020-01-08,442.2886047363281
2020-01-09,443.4934997558594
2020-01-10,440.5054016113281
2020-01-13,451.97589111328125
2020-01-14,452.4096374511719
2020-01-15,450.96380615234375
2020-01-16,456.7954406738281
2020-01-17,482.00164794921875
2020-01-20,490.3393859863281
2020-01-21,493.279296875
2020-01-22,495.9300537109375
2020-01-23,504.749755859375
2020-01-24,505.32818603515625
2020-01-27,495.83367919921875
2020-01-28,473.51922607421875
2020-01-29,472.5552978515625
2020-01-30,472.12152099609375
2020-01-31,478.5315246582031
2020-02-03,491.6406555175781
2020-02-04,500.1712341308594
2020-02-05,514.0996704101562
2020-02-06,527.0642700195312
2020-02-07,519.9794921875
2020-02-10,519.2565307617188
2020-02-11,515.015380859375
2020-02-12,520.1240844726562
2020-02-13,520.4614868164062
2020-02-14,544.6073608398438
2020-02-17,544.4627075195312
2020-02-18,528.4619140625
2020-02-19,523.7869262695312
2020-02-20,525.9075927734375
2020-02-24,510.7742004394531
2020-02-25,515.9310913085938
2020-02-26,516.6058349609375
2020-02-27,512.4611206054688
2020-02-28,504.6051940917969
2020-03-02,499.64111328125
2020-03-03,502.0026550292969
2020-03-04,498.09881591796875
2020-03-05,507.8824768066406
2020-03-06,500.4122009277344
2020-03-09,478.3387451171875
2020-03-11,475.9772033691406
2020-03-12,448.16845703125
2020-03-13,474.0975646972656
2020-03-16,448.0238342285156
2020-03-17,438.2884521484375
2020-03-18,410.1905822753906
2020-03-19,428.69757080078125
2020-03-20,445.9514465332031
2020-03-23,392.6474304199219
2020-03-24,389.4665222167969
2020-03-25,413.6123962402344
2020-03-26,453.7109069824219
2020-03-27,432.7460021972656
2020-03-30,415.4920349121094
2020-03-31,424.98651123046875
2020-04-01,406.1421203613281
2020-04-03,408.6482849121094
2020-04-07,453.22900390625
2020-04-08,444.987548828125
2020-04-09,471.0612487792969
2020-04-13,493.71307373046875
2020-04-15,492.0744323730469
2020-04-16,482.38714599609375
2020-04-17,484.31494140625
2020-04-20,472.603515625
2020-04-21,482.43536376953125
2020-04-22,483.3028564453125
2020-04-23,478.0978088378906
2020-04-24,476.41094970703125
2020-04-27,476.2181396484375
2020-04-28,468.121337890625
2020-04-29,478.0978088378906
2020-04-30,495.7372741699219
2020-05-04,513.2803955078125
2020-05-05,508.9909973144531
2020-05-06,526.2931518554688
2020-05-07,508.9909973144531
2020-05-08,510.9187927246094
2020-05-11,516.8468627929688
2020-05-12,539.6432495117188
2020-05-13,535.884033203125
2020-05-14,520.3651123046875
2020-05-15,534.1007080078125
2020-05-18,518.6300659179688
2020-05-19,577.1873779296875
2020-05-20,572.6087646484375
2020-05-21,573.0907592773438
2020-05-22,571.78955078125
2020-05-26,539.0648803710938
2020-05-27,542.7759399414062
2020-05-28,542.4385375976562
2020-05-29,532.6548461914062
2020-06-01,538.8720703125
2020-06-02,537.9563598632812
2020-06-03,531.7391967773438
2020-06-04,551.7884521484375
2020-06-05,563.2589111328125
2020-06-08,564.0300903320312
2020-06-09,547.3062744140625
2020-06-10,546.631591796875
2020-06-11,531.9319458007812
2020-06-12,539.8841552734375
2020-06-15,530.823486328125
2020-06-16,525.2327270507812
2020-06-17,543.11328125
2020-06-18,540.6553344726562
2020-06-19,551.8366088867188
2020-06-22,560.0780639648438
2020-06-23,557.9093017578125
2020-06-24,537.2334594726562
2020-06-25,538.8239135742188
2020-06-26,540.1734008789062
2020-06-29,546.631591796875
2020-06-30,539.6432495117188
2020-07-01,539.9324340820312
2020-07-02,538.2937622070312
2020-07-03,560.4635620117188
2020-07-06,555.7886352539062
2020-07-07,546.6796875
2020-07-08,541.0409545898438
2020-07-09,548.1256103515625
2020-07-10,553.957275390625
2020-07-13,565.6204223632812
2020-07-14,568.0785522460938
2020-07-15,543.2578735351562
2020-07-16,542.4385375976562
2020-07-17,546.2941284179688
2020-07-20,554.9693603515625
2020-07-21,547.2581176757812
2020-07-22,548.6075439453125
2020-07-23,546.7279663085938
2020-07-24,539.2576293945312
2020-07-27,539.3058471679688
2020-07-28,544.2218017578125
2020-07-29,545.7640380859375
2020-07-30,532.7513427734375
2020-07-31,534.8237915039062
2020-08-03,527.5943603515625
2020-08-04,529.1848754882812
2020-08-05,538.7756958007812
2020-08-06,537.1795654296875
2020-08-07,542.5000610351562
2020-08-10,540.6137084960938
2020-08-11,533.1165771484375
2020-08-12,529.8275756835938
2020-08-13,517.8805541992188
2020-08-14,511.350830078125
2020-08-17,504.3857727050781
2020-08-18,509.1258544921875
2020-08-19,518.3641967773438
2020-08-20,508.4002990722656
2020-08-21,503.2732849121094
2020-08-24,509.706298828125
2020-08-25,511.3992004394531
2020-08-26,497.7109069824219
2020-08-27,494.47021484375
2020-08-28,506.3688659667969
2020-08-31,496.3565673828125
2020-09-01,528.4248657226562
2020-09-02,532.5845336914062
2020-09-03,520.4440307617188
2020-09-04,506.0786437988281
2020-09-07,498.62994384765625
2020-09-08,481.8460693359375
2020-09-09,487.79541015625
2020-09-10,481.1205749511719
2020-09-11,475.6065673828125
2020-09-14,458.6292419433594
2020-09-15,469.70562744140625
2020-09-16,466.0296325683594
2020-09-17,463.3693542480469
2020-09-18,478.41192626953125
2020-09-21,452.4864501953125
2020-09-22,455.5820617675781
2020-09-23,419.64434814453125
2020-09-24,405.6174621582031
2020-09-25,425.3034362792969
2020-09-28,429.1728820800781
2020-09-29,421.3855895996094
2020-09-30,407.213623046875
2020-10-01,418.24163818359375
2020-10-05,410.5993957519531
2020-10-06,412.8243408203125
2020-10-07,408.6646728515625
2020-10-08,410.5993957519531
2020-10-09,411.324951171875
2020-10-12,401.5061340332031
2020-10-13,401.74798583984375
2020-10-14,399.764892578125
2020-10-15,386.1733703613281
2020-10-16,388.54339599609375
2020-10-19,384.7223205566406
2020-10-20,391.7840881347656
2020-10-21,405.3272705078125
2020-10-22,416.59710693359375
2020-10-23,420.2247314453125
2020-10-26,419.8861389160156
2020-10-27,419.208984375
2020-10-28,437.1053161621094
2020-10-29,436.0895690917969
2020-10-30,419.595947265625
2020-11-02,442.4742126464844
2020-11-03,439.7655334472656
2020-11-04,438.2661437988281
2020-11-05,442.37744140625
2020-11-06,435.2189636230469
2020-11-09,456.404296875
2020-11-10,451.1805114746094
2020-11-11,462.982421875
2020-11-12,464.1916198730469
2020-11-13,460.22540283203125
2020-11-14,465.7877502441406
2020-11-17,468.73822021484375
2020-11-18,462.7889404296875
2020-11-19,453.2603454589844
2020-11-20,467.9159851074219
2020-11-23,461.6764831542969
2020-11-24,458.7743225097656
2020-11-25,448.95556640625
2020-11-26,453.115234375
2020-11-27,448.13330078125
2020-12-01,463.8046875
2020-12-02,469.0768127441406
2020-12-03,464.239990234375
2020-12-04,477.6380615234375
2020-12-07,492.342041015625
2020-12-08,487.1666259765625
2020-12-09,486.63458251953125
2020-12-10,488.66607666015625
2020-12-11,487.94049072265625
2020-12-14,486.63458251953125
2020-12-15,487.7470397949219
2020-12-16,499.35546875
2020-12-17,498.2913513183594
2020-12-18,493.9865417480469
2020-12-21,474.8810729980469
2020-12-22,483.97430419921875
2020-12-23,490.64910888671875
2020-12-24,500.4195861816406
2020-12-28,504.5792236328125
2020-12-29,503.2732849121094
