Date,HDFCBANK.NS
2008-01-01,152.1926727294922
2008-01-02,150.94313049316406
2008-01-03,149.10397338867188
2008-01-04,149.2799530029297
2008-01-07,145.67201232910156
2008-01-08,150.98272705078125
2008-01-09,153.52145385742188
2008-01-10,151.53269958496094
2008-01-11,155.27703857421875
2008-01-14,156.91375732421875
2008-01-15,157.4241943359375
2008-01-16,147.2867889404297
2008-01-17,144.63365173339844
2008-01-18,138.24496459960938
2008-01-21,132.6218719482422
2008-01-22,125.5204849243164
2008-01-23,135.01548767089844
2008-01-24,132.9123077392578
2008-01-25,141.54049682617188
2008-01-28,139.93453979492188
2008-01-29,135.2838592529297
2008-01-30,134.89666748046875
2008-01-31,138.11740112304688
2008-02-01,138.24496459960938
2008-02-04,136.1682586669922
2008-02-05,133.0751190185547
2008-02-06,132.00592041015625
2008-02-07,131.27554321289062
2008-02-08,126.88885498046875
2008-02-11,124.14330291748047
2008-02-12,123.87054443359375
2008-02-13,129.22518920898438
2008-02-14,135.20469665527344
2008-02-15,137.4749755859375
2008-02-18,136.9998321533203
2008-02-19,138.32421875
2008-02-20,135.2706756591797
2008-02-21,135.5918426513672
2008-02-22,129.73556518554688
2008-02-25,125.11126708984375
2008-02-26,128.02841186523438
2008-02-27,127.79961395263672
2008-02-28,129.58160400390625
2008-02-29,128.1912078857422
2008-03-03,122.30854797363281
2008-03-04,118.95143127441406
2008-03-05,117.27943420410156
2008-03-07,112.8355712890625
2008-03-10,115.40950012207031
2008-03-11,117.31905364990234
2008-03-12,120.60577392578125
2008-03-13,114.3227310180664
2008-03-14,115.757080078125
2008-03-17,107.8856430053711
2008-03-18,108.32125854492188
2008-03-19,111.98636627197266
2008-03-24,118.08464050292969
2008-03-25,124.42930603027344
2008-03-26,126.64685821533203
2008-03-27,126.11885070800781
2008-03-28,123.8133316040039
2008-03-31,117.1474380493164
2008-04-01,115.23789978027344
2008-04-02,116.8614501953125
2008-04-03,117.138671875
2008-04-04,113.85633850097656
2008-04-07,114.69670104980469
2008-04-08,115.14988708496094
2008-04-09,121.42416381835938
2008-04-10,116.73387145996094
2008-04-11,117.0418701171875
2008-04-15,114.68792724609375
2008-04-16,115.12789916992188
2008-04-17,123.30292510986328
2008-04-21,128.543212890625
2008-04-22,132.7230987548828
2008-04-23,127.18804168701172
2008-04-24,126.94600677490234
2008-04-25,132.03231811523438
2008-04-28,134.05189514160156
2008-04-29,136.9676971435547
2008-04-30,134.87486267089844
2008-05-02,136.31283569335938
2008-05-05,135.2642364501953
2008-05-06,136.52964782714844
2008-05-07,136.4456024169922
2008-05-08,133.47669982910156
2008-05-09,128.534423828125
2008-05-12,129.91046142578125
2008-05-13,130.9900665283203
2008-05-14,129.6228790283203
2008-05-15,130.83523559570312
2008-05-16,132.77316284179688
2008-05-20,129.3043212890625
2008-05-21,124.77794647216797
2008-05-22,122.45063018798828
2008-05-23,122.25151062011719
2008-05-26,119.25164031982422
2008-05-27,117.93311309814453
2008-05-28,119.58348083496094
2008-05-29,116.76942443847656
2008-05-30,121.11882019042969
2008-06-02,115.96859741210938
2008-06-03,112.06608581542969
2008-06-04,107.5176010131836
2008-06-05,110.45111083984375
2008-06-06,109.0617904663086
2008-06-09,104.73896026611328
2008-06-10,100.20376586914062
2008-06-11,105.86724090576172
2008-06-12,102.7876968383789
2008-06-13,99.30113983154297
2008-06-16,101.69927978515625
2008-06-17,107.39813995361328
2008-06-18,103.39387512207031
2008-06-19,99.37193298339844
2008-06-20,97.1861801147461
2008-06-23,96.9472427368164
2008-06-24,93.77039337158203
2008-06-25,95.07122802734375
2008-06-26,93.84561920166016
2008-06-27,90.40327453613281
2008-06-30,89.14669799804688
2008-07-01,85.4167709350586
2008-07-02,90.93424224853516
2008-07-03,87.11581420898438
2008-07-04,88.5184097290039
2008-07-07,88.9697036743164
2008-07-08,88.64671325683594
2008-07-09,93.6465072631836
2008-07-10,93.2881088256836
2008-07-11,94.49160766601562
2008-07-14,91.29261779785156
2008-07-15,81.2488021850586
2008-07-16,79.96124267578125
2008-07-17,84.83271789550781
2008-07-18,91.54483032226562
2008-07-21,95.89864349365234
2008-07-22,97.45609283447266
2008-07-23,106.59729766845703
2008-07-24,107.42027282714844
2008-07-25,99.68165588378906
2008-07-28,99.74803161621094
2008-07-29,91.08467102050781
2008-07-30,96.81452941894531
2008-07-31,97.17733001708984
2008-08-01,98.07552337646484
2008-08-04,98.1153335571289
2008-08-05,104.81859588623047
2008-08-06,107.64149475097656
2008-08-07,110.84932708740234
2008-08-08,113.54389190673828
2008-08-11,116.05707550048828
2008-08-12,111.94661712646484
2008-08-13,107.7255630493164
2008-08-14,103.96022033691406
2008-08-18,106.50439453125
2008-08-19,106.79639434814453
2008-08-20,109.57061767578125
2008-08-21,103.21247863769531
2008-08-22,105.65926361083984
2008-08-25,106.87161254882812
2008-08-26,110.72985076904297
2008-08-27,109.1989517211914
2008-08-28,107.34947204589844
2008-08-29,112.9775619506836
2008-09-01,114.88896942138672
2008-09-02,118.54812622070312
2008-09-04,115.30929565429688
2008-09-05,110.48207092285156
2008-09-08,115.13675689697266
2008-09-09,114.47306060791016
2008-09-10,112.88905334472656
2008-09-11,110.88031005859375
2008-09-12,110.14580535888672
2008-09-15,106.49110412597656
2008-09-16,108.8759765625
2008-09-17,105.07080841064453
2008-09-18,108.29190063476562
2008-09-19,114.99958801269531
2008-09-22,115.10136413574219
2008-09-23,109.17684173583984
2008-09-24,113.32268524169922
2008-09-25,115.096923828125
2008-09-26,110.13697814941406
2008-09-29,106.22120666503906
2008-09-30,108.81843566894531
2008-10-01,114.61907196044922
2008-10-03,112.89349365234375
2008-10-06,106.43358612060547
2008-10-07,99.89405059814453
2008-10-08,97.87641143798828
2008-10-10,92.71733856201172
2008-10-13,103.80537414550781
2008-10-14,100.96920776367188
2008-10-15,100.59310913085938
2008-10-16,96.74815368652344
2008-10-17,90.8236312866211
2008-10-20,95.60218048095703
2008-10-21,96.41631317138672
2008-10-22,92.78372955322266
2008-10-23,95.06238555908203
2008-10-24,86.09371948242188
2008-10-27,82.50096130371094
2008-10-29,84.15133666992188
2008-10-31,90.49178314208984
2008-11-03,94.73497009277344
2008-11-04,98.46045684814453
2008-11-05,97.19503021240234
2008-11-06,94.0004653930664
2008-11-07,96.43842315673828
2008-11-10,97.4029769897461
2008-11-11,90.55815124511719
2008-11-12,89.08033752441406
2008-11-14,89.28385925292969
2008-11-17,82.8681869506836
2008-11-18,80.97889709472656
2008-11-19,78.27547454833984
2008-11-20,72.6695327758789
2008-11-21,75.78885650634766
2008-11-24,73.36860656738281
2008-11-25,73.92610168457031
2008-11-26,80.17804718017578
2008-11-27,80.17804718017578
2008-11-28,81.65585327148438
2008-12-01,79.54090118408203
2008-12-02,78.39493560791016
2008-12-03,77.90824127197266
2008-12-04,80.70014190673828
2008-12-05,78.7843017578125
2008-12-08,79.46568298339844
2008-12-10,81.74435424804688
2008-12-11,81.28419494628906
2008-12-12,81.4080810546875
2008-12-15,83.55845642089844
2008-12-16,87.1600570678711
2008-12-17,88.6865463256836
2008-12-18,93.68189239501953
2008-12-19,93.10228729248047
2008-12-22,90.12896728515625
2008-12-23,86.70433044433594
2008-12-24,87.09368133544922
2008-12-26,86.08487701416016
2008-12-29,88.69981384277344
2008-12-30,90.17321014404297
2008-12-31,88.34585571289062
2009-01-02,89.87677001953125
2009-01-05,92.39435577392578
2009-01-06,97.37644958496094
2009-01-07,89.31041717529297
2009-01-09,90.04046630859375
2009-01-12,88.81926727294922
2009-01-13,87.50515747070312
2009-01-14,86.50521850585938
2009-01-15,81.83726501464844
2009-01-16,82.96553802490234
2009-01-19,83.27970123291016
2009-01-20,80.74439239501953
2009-01-21,78.7090835571289
2009-01-22,79.68693542480469
2009-01-23,77.20471954345703
2009-01-27,78.7090835571289
2009-01-28,80.68245697021484
2009-01-29,81.71781158447266
2009-01-30,81.90806579589844
2009-02-02,78.64271545410156
2009-02-03,79.48339080810547
2009-02-04,78.39051818847656
2009-02-05,78.24893188476562
2009-02-06,79.50108337402344
2009-02-09,81.36384582519531
2009-02-10,83.80179595947266
2009-02-11,82.69563293457031
2009-02-12,82.63813018798828
2009-02-13,83.54959106445312
2009-02-16,80.87712860107422
2009-02-17,77.8993911743164
2009-02-18,77.55426025390625
2009-02-19,78.27547454833984
2009-02-20,76.67820739746094
2009-02-24,75.61629486083984
2009-02-25,76.48351287841797
2009-02-26,77.41268157958984
2009-02-27,78.71350860595703
2009-03-02,74.83757019042969
2009-03-03,73.58098602294922
2009-03-04,74.24468231201172
2009-03-05,70.91737365722656
2009-03-06,70.95277404785156
2009-03-09,70.68287658691406
2009-03-12,70.67401885986328
2009-03-13,73.82433319091797
2009-03-16,74.76234436035156
2009-03-17,73.28453826904297
2009-03-18,74.59864044189453
2009-03-19,73.66063690185547
2009-03-20,74.27120971679688
2009-03-23,78.31529998779297
2009-03-24,83.33277130126953
2009-03-25,86.02735137939453
2009-03-26,87.90780639648438
2009-03-27,88.62015533447266
2009-03-30,83.6690444946289
2009-03-31,86.13796997070312
2009-04-01,88.49185180664062
2009-04-02,91.72622680664062
2009-04-06,94.16861724853516
2009-04-08,92.62886810302734
2009-04-09,92.42091369628906
2009-04-13,97.19503021240234
2009-04-15,95.81456756591797
2009-04-16,94.34117126464844
2009-04-17,94.85443115234375
2009-04-20,94.4296646118164
2009-04-21,96.19949340820312
2009-04-22,96.39861297607422
2009-04-23,96.67733764648438
2009-04-24,98.24808502197266
2009-04-27,98.70381927490234
2009-04-28,94.8499984741211
2009-04-29,97.37203979492188
2009-04-30,97.37203979492188
2009-05-04,106.13713836669922
2009-05-05,105.59290313720703
2009-05-06,103.70801544189453
2009-05-07,104.09740447998047
2009-05-08,101.2391128540039
2009-05-11,101.50016784667969
2009-05-12,105.7743148803711
2009-05-13,103.03106689453125
2009-05-14,102.97354125976562
2009-05-15,104.85844421386719
2009-05-18,121.95064544677734
2009-05-19,124.93279266357422
2009-05-20,122.171875
2009-05-21,121.32234191894531
2009-05-22,121.22057342529297
2009-05-25,120.6675033569336
2009-05-26,118.22512817382812
2009-05-27,124.69386291503906
2009-05-28,127.42385864257812
2009-05-29,127.82648468017578
2009-06-01,126.86638641357422
2009-06-02,123.69393157958984
2009-06-03,121.30020141601562
2009-06-04,122.89749908447266
2009-06-05,125.5345458984375
2009-06-08,123.89305114746094
2009-06-09,125.68055725097656
2009-06-10,132.8484344482422
2009-06-11,137.7375946044922
2009-06-12,135.22886657714844
2009-06-15,135.66241455078125
2009-06-16,136.8260955810547
2009-06-17,136.69781494140625
2009-06-18,134.9368133544922
2009-06-19,137.94552612304688
2009-06-22,137.43341064453125
2009-06-23,132.2989044189453
2009-06-24,129.8274383544922
2009-06-25,130.43307495117188
2009-06-26,133.44338989257812
2009-06-29,134.2895050048828
2009-06-30,132.98471069335938
2009-07-01,133.81747436523438
2009-07-02,133.6393280029297
2009-07-03,134.99752807617188
2009-07-06,126.82152557373047
2009-07-07,127.1198959350586
2009-07-08,122.48860168457031
2009-07-09,124.6795883178711
2009-07-10,122.80479431152344
2009-07-13,122.35502624511719
2009-07-14,121.35307312011719
2009-07-15,123.06307220458984
2009-07-16,123.83790588378906
2009-07-17,127.95262908935547
2009-07-20,131.25685119628906
2009-07-21,130.1124267578125
2009-07-22,128.7096710205078
2009-07-23,129.9476776123047
2009-07-24,129.13719177246094
2009-07-27,127.66317749023438
2009-07-28,126.86610412597656
2009-07-29,126.35396575927734
2009-07-30,130.4197235107422
2009-07-31,133.51466369628906
2009-08-03,133.01141357421875
2009-08-04,130.83827209472656
2009-08-05,128.9501953125
2009-08-06,125.89972686767578
2009-08-07,123.815673828125
2009-08-10,122.49307250976562
2009-08-11,122.83149719238281
2009-08-12,125.24508666992188
2009-08-13,126.8749771118164
2009-08-14,127.1198959350586
2009-08-17,125.24065399169922
2009-08-18,128.33114624023438
2009-08-19,129.11940002441406
2009-08-20,131.81797790527344
2009-08-21,130.56219482421875
2009-08-24,132.22769165039062
2009-08-25,132.43252563476562
2009-08-26,130.085693359375
2009-08-27,129.7650604248047
2009-08-28,129.83189392089844
2009-08-31,131.01199340820312
2009-09-01,128.79429626464844
2009-09-02,128.13966369628906
2009-09-03,127.84130096435547
2009-09-04,129.5201873779297
2009-09-07,130.69134521484375
2009-09-08,129.751708984375
2009-09-09,131.4082794189453
2009-09-10,132.30783081054688
2009-09-11,132.8155059814453
2009-09-14,133.04263305664062
2009-09-15,134.86395263671875
2009-09-16,135.091064453125
2009-09-17,136.703125
2009-09-18,135.7723846435547
2009-09-22,137.72288513183594
2009-09-23,139.79360961914062
2009-09-24,144.62083435058594
2009-09-25,143.2626190185547
2009-09-29,143.51197814941406
2009-09-30,146.99884033203125
2009-10-01,146.44664001464844
2009-10-05,145.53370666503906
2009-10-06,147.81375122070312
2009-10-07,149.42132568359375
2009-10-08,150.28079223632812
2009-10-09,149.23878479003906
2009-10-12,151.6078338623047
2009-10-13,151.6078338623047
2009-10-14,151.60337829589844
2009-10-15,153.3935546875
2009-10-16,153.1575469970703
2009-10-20,150.63259887695312
2009-10-21,147.94290161132812
2009-10-22,148.3793182373047
2009-10-23,150.68603515625
2009-10-26,150.7751007080078
2009-10-27,148.7444305419922
2009-10-28,144.2423095703125
2009-10-29,143.67674255371094
2009-10-30,144.34474182128906
2009-11-03,142.545654296875
2009-11-04,144.63418579101562
2009-11-05,144.58074951171875
2009-11-06,146.06362915039062
2009-11-09,152.07095336914062
2009-11-10,151.71470642089844
2009-11-11,154.60035705566406
2009-11-12,152.88143920898438
2009-11-13,153.3891143798828
2009-11-16,153.5093536376953
2009-11-17,155.8294219970703
2009-11-18,155.8249969482422
2009-11-19,153.1486358642578
2009-11-20,156.21682739257812
2009-11-23,157.23666381835938
2009-11-24,158.2564239501953
2009-11-25,160.55422973632812
2009-11-26,156.85812377929688
2009-11-27,155.89178466796875
2009-11-30,157.30787658691406
2009-12-01,159.39645385742188
2009-12-02,160.9460906982422
2009-12-03,160.93275451660156
2009-12-04,159.383056640625
2009-12-07,160.0777130126953
2009-12-08,163.2751007080078
2009-12-09,160.7012176513672
2009-12-10,158.98670959472656
2009-12-11,158.99118041992188
2009-12-14,156.51075744628906
2009-12-15,151.4786834716797
2009-12-16,150.8151397705078
2009-12-17,148.869140625
2009-12-18,148.21009826660156
2009-12-21,147.19923400878906
2009-12-22,146.64703369140625
2009-12-23,150.5479736328125
2009-12-24,152.35595703125
2009-12-29,151.13584899902344
2009-12-30,150.73947143554688
2009-12-31,151.6078338623047
2010-01-04,151.9151153564453
2010-01-05,152.04873657226562
2010-01-06,152.151123046875
2010-01-07,152.5474395751953
2010-01-08,152.74783325195312
2010-01-11,152.13331604003906
2010-01-12,150.97991943359375
2010-01-13,150.4544677734375
2010-01-14,149.96463012695312
2010-01-15,150.88641357421875
2010-01-18,157.34349060058594
2010-01-19,158.46124267578125
2010-01-20,156.4038848876953
2010-01-21,152.44500732421875
2010-01-22,149.36790466308594
2010-01-25,147.551025390625
2010-01-27,142.2517547607422
2010-01-28,141.8999481201172
2010-01-29,145.2665252685547
2010-02-01,142.47885131835938
2010-02-02,140.63970947265625
2010-02-03,144.52731323242188
2010-02-04,143.99293518066406
2010-02-05,140.12762451171875
2010-02-08,139.59767150878906
2010-02-09,139.9761962890625
2010-02-10,141.9266357421875
2010-02-11,142.32301330566406
2010-02-15,143.73020935058594
2010-02-16,143.07113647460938
2010-02-17,147.48422241210938
2010-02-18,149.96017456054688
2010-02-19,150.8641357421875
2010-02-22,151.10462951660156
2010-02-23,151.49655151367188
2010-02-24,151.45196533203125
2010-02-25,150.61029052734375
2010-02-26,151.83494567871094
2010-03-02,155.41082763671875
2010-03-03,158.23416137695312
2010-03-04,158.6349334716797
2010-03-05,158.88876342773438
2010-03-08,158.9065399169922
2010-03-09,161.311279296875
2010-03-10,161.6007537841797
2010-03-11,162.71401977539062
2010-03-12,160.42507934570312
2010-03-15,161.43150329589844
2010-03-16,160.72344970703125
2010-03-17,160.9995574951172
2010-03-18,160.3939208984375
2010-03-19,162.0816650390625
2010-03-22,163.61798095703125
2010-03-23,167.79507446289062
2010-03-25,171.54910278320312
2010-03-26,173.8023681640625
2010-03-29,175.013671875
2010-03-30,169.8301544189453
2010-03-31,172.20367431640625
2010-04-01,172.71580505371094
2010-04-05,173.5396728515625
2010-04-06,172.15023803710938
2010-04-07,172.04783630371094
2010-04-08,169.4694366455078
2010-04-09,173.6153564453125
2010-04-12,174.04730224609375
2010-04-13,173.82464599609375
2010-04-15,174.30113220214844
2010-04-16,174.94236755371094
2010-04-19,172.25714111328125
2010-04-20,173.1878204345703
2010-04-21,172.87168884277344
2010-04-22,172.26156616210938
2010-04-23,173.8335418701172
2010-04-26,177.2001495361328
2010-04-27,176.30508422851562
2010-04-28,175.28973388671875
2010-04-29,176.8572540283203
2010-04-30,178.16647338867188
2010-05-03,175.43667602539062
2010-05-04,172.5154266357422
2010-05-05,170.67625427246094
2010-05-06,168.81927490234375
2010-05-07,164.59324645996094
2010-05-10,172.2660675048828
2010-05-11,173.5218505859375
2010-05-12,175.89089965820312
2010-05-13,175.0403594970703
2010-05-14,173.8291015625
2010-05-17,171.78956604003906
2010-05-18,168.8460235595703
2010-05-19,166.41903686523438
2010-05-20,164.85154724121094
2010-05-21,162.67835998535156
2010-05-24,162.500244140625
2010-05-25,160.6477508544922
2010-05-26,162.78526306152344
2010-05-27,168.91726684570312
2010-05-28,168.93507385253906
2010-05-31,168.19137573242188
2010-06-01,165.2211151123047
2010-06-02,165.03854370117188
2010-06-03,169.71884155273438
2010-06-04,167.9464569091797
2010-06-07,167.14047241210938
2010-06-08,165.89804077148438
2010-06-09,167.51898193359375
2010-06-10,171.7542266845703
2010-06-11,174.45672607421875
2010-06-14,176.86343383789062
2010-06-15,176.03431701660156
2010-06-16,177.12335205078125
2010-06-17,178.92054748535156
2010-06-18,178.52613830566406
2010-06-21,179.1670379638672
2010-06-22,178.10934448242188
2010-06-23,179.15806579589844
2010-06-24,179.41355895996094
2010-06-25,174.57772827148438
2010-06-28,174.8511199951172
2010-06-29,170.70101928710938
2010-06-30,172.00965881347656
2010-07-01,170.96995544433594
2010-07-02,171.4584197998047
2010-07-05,171.6690673828125
2010-07-06,176.04322814941406
2010-07-07,173.64999389648438
2010-07-08,174.40293884277344
2010-07-09,179.5166015625
2010-07-12,183.7025909423828
2010-07-13,185.77316284179688
2010-07-14,187.00564575195312
2010-07-15,184.88128662109375
2010-07-16,182.76144409179688
2010-07-19,183.55917358398438
2010-07-20,183.24990844726562
2010-07-21,182.2325439453125
2010-07-22,184.40171813964844
2010-07-23,182.73004150390625
2010-07-26,183.92221069335938
2010-07-27,185.2577362060547
2010-07-28,186.98770141601562
2010-07-29,188.28741455078125
2010-07-30,190.64483642578125
2010-08-02,191.49185180664062
2010-08-03,190.24594116210938
2010-08-04,189.56021118164062
2010-08-05,188.25604248046875
2010-08-06,187.40003967285156
2010-08-09,186.62020874023438
2010-08-10,187.7989044189453
2010-08-11,187.2924346923828
2010-08-12,185.826904296875
2010-08-13,187.11767578125
2010-08-16,186.79945373535156
2010-08-17,190.1204376220703
2010-08-18,196.47557067871094
2010-08-19,199.89962768554688
2010-08-20,200.00274658203125
2010-08-23,196.8923797607422
2010-08-24,197.97247314453125
2010-08-25,196.50247192382812
2010-08-26,195.2565155029297
2010-08-27,191.7428436279297
2010-08-30,191.07505798339844
2010-08-31,191.30364990234375
2010-09-01,192.64817810058594
2010-09-02,196.07220458984375
2010-09-03,196.6548614501953
2010-09-06,197.5825653076172
2010-09-07,197.116455078125
2010-09-08,195.3685760498047
2010-09-09,201.21728515625
2010-09-13,204.5875244140625
2010-09-14,209.22618103027344
2010-09-15,212.92361450195312
2010-09-16,214.70286560058594
2010-09-17,215.17791748046875
2010-09-20,219.26528930664062
2010-09-21,221.4658203125
2010-09-22,222.44284057617188
2010-09-23,220.8473663330078
2010-09-24,223.6619110107422
2010-09-27,218.57066345214844
2010-09-28,219.64173889160156
2010-09-29,218.96502685546875
2010-09-30,223.13302612304688
2010-10-01,224.15487670898438
2010-10-04,223.5498504638672
2010-10-05,219.40872192382812
2010-10-06,220.21095275878906
2010-10-07,218.13140869140625
2010-10-08,215.63955688476562
2010-10-11,214.09335327148438
2010-10-12,213.3583221435547
2010-10-13,218.8216094970703
2010-10-14,217.3067626953125
2010-10-15,213.8916778564453
2010-10-18,214.98519897460938
2010-10-19,212.33201599121094
2010-10-20,209.34719848632812
2010-10-21,211.99586486816406
2010-10-22,208.54942321777344
2010-10-25,206.58192443847656
2010-10-26,206.28611755371094
2010-10-27,202.06431579589844
2010-10-28,203.17579650878906
2010-10-29,204.35897827148438
2010-11-01,210.57066345214844
2010-11-02,210.6737518310547
2010-11-03,211.74041748046875
2010-11-04,214.1561279296875
2010-11-08,209.333740234375
2010-11-09,214.98968505859375
2010-11-10,214.75216674804688
2010-11-11,210.93820190429688
2010-11-12,207.49618530273438
2010-11-15,213.85580444335938
2010-11-16,212.6681365966797
2010-11-18,209.7774200439453
2010-11-19,206.48333740234375
2010-11-22,213.32249450683594
2010-11-23,212.596435546875
2010-11-24,207.1824951171875
2010-11-25,208.2267303466797
2010-11-26,205.9723663330078
2010-11-29,205.9723663330078
2010-11-30,204.8519744873047
2010-12-01,212.17068481445312
2010-12-02,214.38465881347656
2010-12-03,214.73423767089844
2010-12-06,213.62278747558594
2010-12-07,210.79029846191406
2010-12-08,204.4082794189453
2010-12-09,200.06544494628906
2010-12-10,199.2004852294922
2010-12-13,200.69288635253906
2010-12-14,200.6256866455078
2010-12-15,193.8716583251953
2010-12-16,197.26885986328125
2010-12-20,194.73216247558594
2010-12-21,198.4609832763672
2010-12-22,195.296875
2010-12-23,196.38592529296875
2010-12-24,198.84642028808594
2010-12-27,198.42510986328125
2010-12-28,202.2301483154297
2010-12-29,208.6525115966797
2010-12-30,206.6536407470703
2010-12-31,210.3152618408203
2011-01-03,214.27261352539062
2011-01-04,210.24351501464844
2011-01-05,206.8956756591797
2011-01-06,208.64801025390625
2011-01-07,203.4222869873047
2011-01-10,192.9170684814453
2011-01-11,192.41064453125
2011-01-12,197.67218017578125
2011-01-13,192.08795166015625
2011-01-14,183.7115478515625
2011-01-17,185.374267578125
2011-01-18,189.07174682617188
2011-01-19,186.03311157226562
2011-01-20,189.80674743652344
2011-01-21,187.70925903320312
2011-01-24,192.58990478515625
2011-01-25,186.82632446289062
2011-01-27,183.83255004882812
2011-01-28,184.13284301757812
2011-01-31,183.50987243652344
2011-02-01,182.81967163085938
2011-02-02,181.05386352539062
2011-02-03,184.73338317871094
2011-02-04,180.86114501953125
2011-02-07,182.75247192382812
2011-02-08,179.52561950683594
2011-02-09,181.26898193359375
2011-02-10,180.69085693359375
2011-02-11,184.58546447753906
2011-02-14,188.72215270996094
2011-02-15,188.86109924316406
2011-02-16,187.77198791503906
2011-02-17,195.9063720703125
2011-02-18,195.0548553466797
2011-02-21,197.34950256347656
2011-02-22,191.68008422851562
2011-02-23,189.4975128173828
2011-02-24,184.56756591796875
2011-02-25,183.0482635498047
2011-02-28,183.9535675048828
2011-03-01,191.72938537597656
2011-03-03,196.58316040039062
2011-03-04,198.8329620361328
2011-03-07,194.79046630859375
2011-03-08,197.77975463867188
2011-03-09,197.7394561767578
2011-03-10,197.9500732421875
2011-03-11,195.9736328125
2011-03-14,198.51925659179688
2011-03-15,195.82122802734375
2011-03-16,195.7405548095703
2011-03-17,195.53887939453125
2011-03-18,192.65261840820312
2011-03-21,193.11428833007812
2011-03-22,192.8588104248047
2011-03-23,193.98818969726562
2011-03-24,196.5517578125
2011-03-25,203.0279083251953
2011-03-28,205.86932373046875
2011-03-29,206.6222381591797
2011-03-30,209.8804931640625
2011-03-31,210.27041625976562
2011-04-01,209.18582153320312
2011-04-04,215.1958770751953
2011-04-05,214.74319458007812
2011-04-06,212.96841430664062
2011-04-07,211.06817626953125
2011-04-08,210.85751342773438
2011-04-11,205.80657958984375
2011-04-13,212.34097290039062
2011-04-15,211.81661987304688
2011-04-18,207.2183380126953
2011-04-19,210.41827392578125
2011-04-20,212.60989379882812
2011-04-21,216.0787811279297
2011-04-25,214.31744384765625
2011-04-26,211.52529907226562
2011-04-27,210.93368530273438
2011-04-28,209.54437255859375
2011-04-29,205.76177978515625
2011-05-02,205.27774047851562
2011-05-03,200.3926239013672
2011-05-04,202.70521545410156
2011-05-05,199.0301971435547
2011-05-06,205.91415405273438
2011-05-09,204.26487731933594
2011-05-10,201.35618591308594
2011-05-11,202.66932678222656
2011-05-12,200.80047607421875
2011-05-13,201.77301025390625
2011-05-16,201.9522705078125
2011-05-17,201.8985137939453
2011-05-18,203.2340545654297
2011-05-19,203.8122100830078
2011-05-20,207.56790161132812
2011-05-23,202.9965362548828
2011-05-24,202.15396118164062
2011-05-25,202.10464477539062
2011-05-26,202.9517059326172
2011-05-27,206.4878387451172
2011-05-30,206.84185791015625
2011-05-31,215.08383178710938
2011-06-01,214.9628143310547
2011-06-02,213.03131103515625
2011-06-03,212.71092224121094
2011-06-06,214.9221954345703
2011-06-07,214.4934539794922
2011-06-08,212.5755157470703
2011-06-09,213.2569580078125
2011-06-10,213.22540283203125
2011-06-13,214.14146423339844
2011-06-14,215.03501892089844
2011-06-15,214.15951538085938
2011-06-16,211.46990966796875
2011-06-17,212.03851318359375
2011-06-20,207.49862670898438
2011-06-21,209.89492797851562
2011-06-22,209.63768005371094
2011-06-23,210.63502502441406
2011-06-24,215.09364318847656
2011-06-27,218.0721435546875
2011-06-28,218.6948699951172
2011-06-29,224.6562957763672
2011-06-30,227.04356384277344
2011-07-01,225.75291442871094
2011-07-04,228.5463409423828
2011-07-05,229.35415649414062
2011-07-06,229.72872924804688
2011-07-07,231.5789337158203
2011-07-08,230.978759765625
2011-07-11,227.83782958984375
2011-07-12,223.8124237060547
2011-07-13,227.41812133789062
2011-07-14,228.3252410888672
2011-07-15,229.67909240722656
2011-07-18,232.43185424804688
2011-07-19,230.5364990234375
2011-07-20,227.03904724121094
2011-07-21,223.9703826904297
2011-07-22,226.33958435058594
2011-07-25,227.98675537109375
2011-07-26,224.80523681640625
2011-07-27,226.56521606445312
2011-07-28,219.90884399414062
2011-07-29,219.68319702148438
2011-08-01,220.22471618652344
2011-08-02,217.90065002441406
2011-08-03,217.53961181640625
2011-08-04,215.01243591308594
2011-08-05,213.4781036376953
2011-08-08,208.53656005859375
2011-08-09,209.5970916748047
2011-08-10,216.56936645507812
2011-08-11,216.59193420410156
2011-08-12,211.2216796875
2011-08-16,205.98683166503906
2011-08-17,210.97348022460938
2011-08-18,208.67196655273438
2011-08-19,207.9724578857422
2011-08-22,204.45248413085938
2011-08-23,207.31813049316406
2011-08-24,205.78378295898438
2011-08-25,200.21043395996094
2011-08-26,198.0894317626953
2011-08-29,205.98683166503906
2011-08-30,212.98171997070312
2011-09-02,213.36529541015625
2011-09-05,212.21449279785156
2011-09-06,213.36529541015625
2011-09-07,220.26986694335938
2011-09-08,218.2842254638672
2011-09-09,213.56832885742188
2011-09-12,211.808349609375
2011-09-13,211.06373596191406
2011-09-14,216.11807250976562
2011-09-15,218.71295166015625
2011-09-16,218.2842254638672
2011-09-19,218.75808715820312
2011-09-20,221.7365264892578
2011-09-21,223.15805053710938
2011-09-22,213.13963317871094
2011-09-23,205.96426391601562
2011-09-26,203.1212158203125
2011-09-27,206.43812561035156
2011-09-28,206.6863555908203
2011-09-29,212.37246704101562
2011-09-30,211.04119873046875
2011-10-03,205.80633544921875
2011-10-04,202.5796661376953
2011-10-05,197.97665405273438
2011-10-07,203.0760498046875
2011-10-10,205.19712829589844
2011-10-11,206.460693359375
2011-10-12,210.81553649902344
2011-10-13,212.39500427246094
2011-10-14,213.8616943359375
2011-10-17,215.7344970703125
2011-10-18,215.77963256835938
2011-10-19,221.96217346191406
2011-10-20,220.9241943359375
2011-10-21,219.77345275878906
2011-10-24,218.5775604248047
2011-10-25,211.1991424560547
2011-10-28,217.81039428710938
2011-10-31,221.12730407714844
2011-11-01,217.65245056152344
2011-11-02,218.01348876953125
2011-11-03,217.44935607910156
2011-11-04,217.96832275390625
2011-11-08,218.53245544433594
2011-11-09,215.3734893798828
2011-11-11,209.4165802001953
2011-11-14,212.7334747314453
2011-11-15,213.1170654296875
2011-11-16,210.1611785888672
2011-11-17,207.29556274414062
2011-11-18,206.8217315673828
2011-11-21,200.66172790527344
2011-11-22,200.39096069335938
2011-11-23,192.29049682617188
2011-11-24,193.8925323486328
2011-11-25,194.45664978027344
2011-11-28,198.94686889648438
2011-11-29,196.3971405029297
2011-11-30,199.69149780273438
2011-12-01,204.6555633544922
2011-12-02,210.2965850830078
2011-12-05,208.64939880371094
2011-12-07,210.79299926757812
2011-12-08,204.76840209960938
2011-12-09,200.25558471679688
2011-12-12,194.9755859375
2011-12-13,197.84124755859375
2011-12-14,196.01353454589844
2011-12-15,194.6597137451172
2011-12-16,187.41665649414062
2011-12-19,183.2197723388672
2011-12-20,186.92027282714844
2011-12-21,196.5099334716797
2011-12-22,199.84942626953125
2011-12-23,197.4576416015625
2011-12-26,200.2330322265625
2011-12-27,198.42791748046875
2011-12-28,198.47300720214844
2011-12-29,193.86997985839844
2011-12-30,192.62896728515625
2012-01-02,192.62896728515625
2012-01-03,198.1796875
2012-01-04,200.05252075195312
2012-01-05,200.21043395996094
2012-01-06,204.5653076171875
2012-01-09,205.6483917236328
2012-01-10,207.45352172851562
2012-01-11,208.78475952148438
2012-01-12,210.58990478515625
2012-01-13,211.9211883544922
2012-01-16,207.81454467773438
2012-01-17,211.37960815429688
2012-01-18,217.47190856933594
2012-01-19,219.68319702148438
2012-01-20,221.37548828125
2012-01-23,218.4196319580078
2012-01-24,220.5857391357422
2012-01-25,221.21754455566406
2012-01-27,218.50987243652344
2012-01-30,216.18577575683594
2012-01-31,222.0749969482422
2012-02-01,224.35394287109375
2012-02-02,224.69239807128906
2012-02-03,228.46063232421875
2012-02-06,229.11497497558594
2012-02-07,229.83702087402344
2012-02-08,229.45343017578125
2012-02-09,235.8164520263672
2012-02-10,233.53750610351562
2012-02-13,235.5457305908203
2012-02-14,233.718017578125
2012-02-15,240.5548553466797
2012-02-16,237.57644653320312
2012-02-17,238.4113311767578
2012-02-21,240.10357666015625
2012-02-22,239.83290100097656
2012-02-23,240.6000518798828
2012-02-24,236.76416015625
2012-02-27,232.68003845214844
2012-02-28,239.4041290283203
2012-02-29,233.3570098876953
2012-03-01,231.9580078125
2012-03-02,234.1016082763672
2012-03-05,230.58163452148438
2012-03-06,228.97958374023438
2012-03-07,232.70265197753906
2012-03-09,236.1097869873047
2012-03-12,234.19187927246094
2012-03-13,236.65133666992188
2012-03-14,238.3662109375
2012-03-15,230.51390075683594
2012-03-16,229.1826629638672
2012-03-19,225.1211395263672
2012-03-20,228.07699584960938
2012-03-21,232.70265197753906
2012-03-22,227.5580596923828
2012-03-23,231.93548583984375
2012-03-26,230.8975372314453
2012-03-27,234.14674377441406
2012-03-28,231.7097930908203
2012-03-29,230.197998046875
2012-03-30,234.59799194335938
2012-04-02,238.4338836669922
2012-04-03,239.2687530517578
2012-04-04,237.62155151367188
2012-04-09,235.4554443359375
2012-04-10,236.8543701171875
2012-04-11,237.57644653320312
2012-04-12,239.35903930664062
2012-04-13,238.88519287109375
2012-04-16,239.065673828125
2012-04-17,239.2913360595703
2012-04-18,242.63082885742188
2012-04-19,250.0317840576172
2012-04-20,248.7004852294922
2012-04-23,246.10568237304688
2012-04-24,244.52615356445312
2012-04-25,246.69236755371094
2012-04-26,243.9169158935547
2012-04-27,244.21029663085938
2012-04-30,244.8195037841797
2012-05-02,248.1589813232422
2012-05-03,250.0317840576172
2012-05-04,242.56312561035156
2012-05-07,240.19387817382812
2012-05-08,232.5672149658203
2012-05-09,231.3488006591797
2012-05-10,233.53750610351562
2012-05-11,230.40110778808594
2012-05-14,225.88827514648438
2012-05-15,225.2339324951172
2012-05-16,223.4739532470703
2012-05-17,224.64727783203125
2012-05-18,225.88827514648438
2012-05-21,224.48931884765625
2012-05-22,220.78883361816406
2012-05-23,219.8637237548828
2012-05-24,225.50473022460938
2012-05-25,225.6400909423828
2012-05-28,229.58880615234375
2012-05-29,227.8739471435547
2012-05-30,225.93344116210938
2012-05-31,228.43804931640625
2012-06-01,221.3078155517578
2012-06-04,223.67703247070312
2012-06-05,226.3170166015625
2012-06-06,234.62057495117188
2012-06-07,242.69851684570312
2012-06-08,243.28515625
2012-06-11,244.57127380371094
2012-06-12,248.0236053466797
2012-06-13,244.4810333251953
2012-06-14,241.16416931152344
2012-06-15,247.09848022460938
2012-06-18,241.412353515625
2012-06-19,242.0892791748047
2012-06-20,241.07395935058594
2012-06-21,244.99998474121094
2012-06-22,245.65438842773438
2012-06-25,242.2020721435547
2012-06-26,245.2482452392578
2012-06-27,247.7528076171875
2012-06-28,249.4812469482422
2012-06-29,256.32659912109375
2012-07-02,261.0570068359375
2012-07-03,261.9211730957031
2012-07-04,262.89910888671875
2012-07-05,265.673583984375
2012-07-06,264.49102783203125
2012-07-09,262.96734619140625
2012-07-10,267.7431640625
2012-07-11,266.99267578125
2012-07-12,263.854248046875
2012-07-13,267.0154113769531
2012-07-16,265.01409912109375
2012-07-17,265.2869873046875
2012-07-18,266.99267578125
2012-07-19,268.0842590332031
2012-07-20,264.9913635253906
2012-07-23,260.6248779296875
2012-07-24,261.1024475097656
2012-07-25,262.01214599609375
2012-07-26,257.3500061035156
2012-07-27,265.9010314941406
2012-07-30,267.10638427734375
2012-07-31,267.3338317871094
2012-08-01,266.7652587890625
2012-08-02,264.94586181640625
2012-08-03,267.5384826660156
2012-08-06,273.019287109375
2012-08-07,272.9511413574219
2012-08-08,272.4053039550781
2012-08-09,275.0206604003906
2012-08-10,273.883544921875
2012-08-13,276.29425048828125
2012-08-14,276.6125793457031
2012-08-16,272.9283447265625
2012-08-17,270.6768798828125
2012-08-21,271.2682189941406
2012-08-22,271.4957275390625
2012-08-23,271.8595275878906
2012-08-24,271.2226867675781
2012-08-27,270.3357238769531
2012-08-28,268.0615539550781
2012-08-29,267.6976623535156
2012-08-30,271.04083251953125
2012-08-31,270.79058837890625
2012-09-03,268.5618591308594
2012-09-04,268.4027099609375
2012-09-05,269.3123474121094
2012-09-06,267.5157470703125
2012-09-07,268.5391845703125
2012-09-10,268.8802490234375
2012-09-11,270.3585205078125
2012-09-12,272.54180908203125
2012-09-13,272.54180908203125
2012-09-14,278.7048645019531
2012-09-17,276.6808166503906
2012-09-18,275.3845520019531
2012-09-20,276.0440673828125
2012-09-21,284.344970703125
2012-09-24,288.8251037597656
2012-09-25,289.6893615722656
2012-09-26,286.8919982910156
2012-09-27,286.914794921875
2012-09-28,286.1642761230469
2012-10-01,283.2987976074219
2012-10-03,281.7523498535156
2012-10-04,287.1421813964844
2012-10-05,283.0941467285156
2012-10-08,282.32086181640625
2012-10-09,284.61785888671875
2012-10-10,281.0700378417969
2012-10-11,284.20849609375
2012-10-12,287.073974609375
2012-10-15,288.4385986328125
2012-10-16,286.7328186035156
2012-10-17,285.68670654296875
2012-10-18,289.37091064453125
2012-10-19,285.86865234375
2012-10-22,290.64447021484375
2012-10-23,288.4157409667969
2012-10-25,289.89398193359375
2012-10-29,291.37225341796875
2012-10-30,288.2110900878906
2012-10-31,288.46124267578125
2012-11-01,285.91412353515625
2012-11-02,286.68731689453125
2012-11-05,288.8251037597656
2012-11-06,290.8946228027344
2012-11-07,291.1220703125
2012-11-08,290.64447021484375
2012-11-09,290.8037109375
2012-11-12,296.2391052246094
2012-11-15,293.942138671875
2012-11-16,292.1227722167969
2012-11-19,294.16949462890625
2012-11-20,297.39892578125
2012-11-21,301.8791198730469
2012-11-22,304.3352355957031
2012-11-23,304.6308898925781
2012-11-26,301.0603942871094
2012-11-27,309.5205078125
2012-11-29,318.32159423828125
2012-11-30,320.1865539550781
2012-12-03,312.45416259765625
2012-12-04,311.635498046875
2012-12-05,315.0240478515625
2012-12-06,316.001953125
2012-12-07,315.2514953613281
2012-12-10,315.2060241699219
2012-12-11,314.2280578613281
2012-12-12,315.5926513671875
2012-12-13,314.3190612792969
2012-12-14,313.27288818359375
2012-12-17,307.7010803222656
2012-12-18,307.4509582519531
2012-12-19,312.93182373046875
2012-12-20,310.8395080566406
2012-12-21,307.4736633300781
2012-12-24,307.5191650390625
2012-12-26,309.4294738769531
2012-12-27,309.3385009765625
2012-12-28,308.2241516113281
2012-12-31,308.6562805175781
2013-01-01,311.3398132324219
2013-01-02,312.6360778808594
2013-01-03,310.8167419433594
2013-01-04,308.99737548828125
2013-01-07,303.9259338378906
2013-01-08,304.85833740234375
2013-01-09,303.60748291015625
2013-01-10,307.3826904296875
2013-01-11,304.4261779785156
2013-01-14,304.4261779785156
2013-01-15,303.9714050292969
2013-01-16,300.4236145019531
2013-01-17,303.2890625
2013-01-18,301.4924621582031
2013-01-21,299.5366516113281
2013-01-22,297.35345458984375
2013-01-23,298.6497497558594
2013-01-24,300.33270263671875
2013-01-25,302.4931640625
2013-01-28,304.90380859375
2013-01-29,296.7621154785156
2013-01-30,298.6724853515625
2013-01-31,292.4866027832031
2013-02-01,291.16754150390625
2013-02-04,294.2377624511719
2013-02-05,292.9869079589844
2013-02-06,290.8719787597656
2013-02-07,291.7816162109375
2013-02-08,295.6705017089844
2013-02-11,298.80889892578125
2013-02-12,302.5614013671875
2013-02-13,302.1064758300781
2013-02-14,306.9278564453125
2013-02-15,307.8148193359375
2013-02-18,307.4736633300781
2013-02-19,306.9278564453125
2013-02-20,307.90576171875
2013-02-21,303.0389709472656
2013-02-22,299.8777770996094
2013-02-25,298.5815124511719
2013-02-26,296.2163391113281
2013-02-27,292.3501892089844
2013-02-28,284.4358825683594
2013-03-01,283.1395568847656
2013-03-04,285.4820251464844
2013-03-05,287.8926696777344
2013-03-06,286.7783508300781
2013-03-07,291.9181213378906
2013-03-08,298.9681091308594
2013-03-11,298.0357360839844
2013-03-12,292.9187316894531
2013-03-13,288.7796325683594
2013-03-14,295.30657958984375
2013-03-15,290.8264465332031
2013-03-18,292.6002502441406
2013-03-19,287.25592041015625
2013-03-20,284.504150390625
2013-03-21,276.0895080566406
2013-03-22,275.29351806640625
2013-03-25,277.18115234375
2013-03-26,279.5008850097656
2013-03-28,284.4358825683594
2013-04-01,283.75360107421875
2013-04-02,286.5054931640625
2013-04-03,283.66265869140625
2013-04-04,280.25140380859375
2013-04-05,282.4346008300781
2013-04-08,284.0264892578125
2013-04-09,282.2753601074219
2013-04-10,287.4606018066406
2013-04-11,290.7582092285156
2013-04-12,292.7822570800781
2013-04-15,291.8043518066406
2013-04-16,301.7199401855469
2013-04-17,300.2416076660156
2013-04-18,306.38201904296875
2013-04-22,317.61669921875
2013-04-23,313.3866271972656
2013-04-25,313.6367492675781
2013-04-26,313.43206787109375
2013-04-29,316.1839294433594
2013-04-30,310.33917236328125
2013-05-02,314.97857666015625
2013-05-03,309.7251892089844
2013-05-06,307.24627685546875
2013-05-07,312.95458984375
2013-05-08,317.0936584472656
2013-05-09,313.8642272949219
2013-05-10,319.91363525390625
2013-05-13,315.0923156738281
2013-05-14,313.4093933105469
2013-05-15,325.144287109375
2013-05-16,328.7602844238281
2013-05-17,326.9864807128906
2013-05-20,324.9851379394531
2013-05-21,321.93768310546875
2013-05-22,319.9590759277344
2013-05-23,317.7531433105469
2013-05-24,319.0039367675781
2013-05-27,325.23529052734375
2013-05-28,324.43927001953125
2013-05-29,325.6446228027344
2013-05-30,329.8291931152344
2013-05-31,318.6173095703125
2013-06-03,313.4548645019531
2013-06-04,310.6802978515625
2013-06-05,312.90899658203125
2013-06-06,310.2937316894531
2013-06-07,307.54193115234375
2013-06-10,307.63287353515625
2013-06-11,302.4248962402344
2013-06-12,301.9927978515625
2013-06-13,300.4563903808594
2013-06-14,305.01983642578125
2013-06-17,306.0747375488281
2013-06-18,301.5341796875
2013-06-19,305.08868408203125
2013-06-20,291.971435546875
2013-06-21,291.352294921875
2013-06-24,286.811767578125
2013-06-25,290.779052734375
2013-06-26,285.6651306152344
2013-06-27,296.5120544433594
2013-06-28,307.060791015625
2013-07-01,306.7168273925781
2013-07-02,301.12139892578125
2013-07-03,298.4154357910156
2013-07-04,300.47930908203125
2013-07-05,306.2582092285156
2013-07-08,302.9100646972656
2013-07-09,307.427734375
2013-07-10,302.3826599121094
2013-07-11,313.3670959472656
2013-07-12,319.10015869140625
2013-07-15,318.96258544921875
2013-07-16,311.28033447265625
2013-07-17,304.0338134765625
2013-07-18,313.7569274902344
2013-07-19,311.87652587890625
2013-07-22,312.8168029785156
2013-07-23,313.5276794433594
2013-07-24,302.6807556152344
2013-07-25,299.8830871582031
2013-07-26,295.4113464355469
2013-07-29,290.0910339355469
2013-07-30,286.811767578125
2013-07-31,279.65692138671875
2013-08-01,289.9534606933594
2013-08-02,289.51776123046875
2013-08-05,290.18280029296875
2013-08-06,279.15240478515625
2013-08-07,275.73553466796875
2013-08-08,280.0009460449219
2013-08-12,276.1942138671875
2013-08-13,284.5873107910156
2013-08-14,284.9772033691406
2013-08-16,269.6356201171875
2013-08-19,268.16796875
2013-08-20,268.19097900390625
2013-08-21,272.1351623535156
2013-08-22,270.0025634765625
2013-08-23,278.64794921875
2013-08-26,280.3678283691406
2013-08-27,257.7109375
2013-08-28,257.7339172363281
2013-08-29,262.36614990234375
2013-08-30,272.4333190917969
2013-09-02,270.3694152832031
2013-09-03,258.0090637207031
2013-09-04,258.697021484375
2013-09-05,279.5423278808594
2013-09-06,282.6152038574219
2013-09-10,292.6135559082031
2013-09-11,296.85601806640625
2013-09-12,290.75604248046875
2013-09-13,288.5775146484375
2013-09-16,294.8150634765625
2013-09-17,294.56280517578125
2013-09-18,298.34661865234375
2013-09-19,313.34417724609375
2013-09-20,302.26800537109375
2013-09-23,294.4252014160156
2013-09-24,292.8199462890625
2013-09-25,284.6331481933594
2013-09-26,284.8854675292969
2013-09-27,279.26715087890625
2013-09-30,271.9975891113281
2013-10-01,280.52838134765625
2013-10-03,291.78802490234375
2013-10-04,293.73724365234375
2013-10-07,290.9165954589844
2013-10-08,290.1598815917969
2013-10-09,297.7274169921875
2013-10-10,294.0124206542969
2013-10-11,303.2999267578125
2013-10-14,306.1434631347656
2013-10-15,299.240966796875
2013-10-17,300.0435485839844
2013-10-18,310.3171691894531
2013-10-21,307.8634033203125
2013-10-22,306.8314514160156
2013-10-23,302.7954406738281
2013-10-24,306.96905517578125
2013-10-25,308.4596862792969
2013-10-28,306.3270263671875
2013-10-29,314.85772705078125
2013-10-30,311.5783996582031
2013-10-31,312.2434997558594
2013-11-01,313.6193542480469
2013-11-05,310.15667724609375
2013-11-06,306.7856750488281
2013-11-07,305.1803894042969
2013-11-08,299.263916015625
2013-11-11,300.0664978027344
2013-11-12,296.259765625
2013-11-13,290.6414794921875
2013-11-14,294.5399169921875
2013-11-18,306.73974609375
2013-11-19,302.7266540527344
2013-11-20,297.91082763671875
2013-11-21,292.4530334472656
2013-11-22,294.5169677734375
2013-11-25,302.5890808105469
2013-11-26,299.47027587890625
2013-11-27,299.7454528808594
2013-11-28,299.6766662597656
2013-11-29,303.2999267578125
2013-12-02,303.2999267578125
2013-12-03,300.75445556640625
2013-12-04,301.60296630859375
2013-12-05,315.591552734375
2013-12-06,313.1148986816406
2013-12-09,319.512939453125
2013-12-10,319.53594970703125
2013-12-11,319.0084228515625
2013-12-12,318.847900390625
2013-12-13,316.44000244140625
2013-12-16,313.8716735839844
2013-12-17,301.60296630859375
2013-12-18,305.57025146484375
2013-12-19,299.286865234375
2013-12-20,304.81341552734375
2013-12-23,304.74462890625
2013-12-24,301.46539306640625
2013-12-26,306.85443115234375
2013-12-27,307.129638671875
2013-12-30,307.060791015625
2013-12-31,305.38677978515625
2014-01-01,305.06573486328125
2014-01-02,301.3277893066406
2014-01-03,304.1255187988281
2014-01-06,303.4833984375
2014-01-07,304.72174072265625
2014-01-08,304.85931396484375
2014-01-09,304.0567626953125
2014-01-10,303.6438903808594
2014-01-13,308.5972595214844
2014-01-14,308.34503173828125
2014-01-15,312.1287536621094
2014-01-16,308.68896484375
2014-01-17,304.9969482421875
2014-01-20,307.3130187988281
2014-01-21,310.0877990722656
2014-01-22,310.54644775390625
2014-01-23,311.6472473144531
2014-01-24,308.8494567871094
2014-01-27,297.75042724609375
2014-01-28,295.57183837890625
2014-01-29,296.0304870605469
2014-01-30,289.77001953125
2014-01-31,288.2564392089844
2014-02-03,287.33917236328125
2014-02-04,289.2196350097656
2014-02-05,292.3612976074219
2014-02-06,296.7413024902344
2014-02-07,297.08538818359375
2014-02-10,295.3195495605469
2014-02-11,295.7322998046875
2014-02-12,296.0304870605469
2014-02-13,290.0910339355469
2014-02-14,294.3564453125
2014-02-17,298.30078125
2014-02-18,302.88714599609375
2014-02-19,307.3130187988281
2014-02-20,303.9649353027344
2014-02-21,304.72174072265625
2014-02-24,307.7488098144531
2014-02-25,307.79461669921875
2014-02-26,310.68408203125
2014-02-28,307.106689453125
2014-03-03,305.5472412109375
2014-03-04,308.06982421875
2014-03-05,307.1754455566406
2014-03-06,309.8584899902344
2014-03-07,326.3008728027344
2014-03-10,336.8495788574219
2014-03-11,332.5841979980469
2014-03-12,332.7676696777344
2014-03-13,340.4729309082031
2014-03-14,335.794677734375
2014-03-18,336.6431579589844
2014-03-19,338.68414306640625
2014-03-20,334.900390625
2014-03-21,336.5743713378906
2014-03-24,344.2795715332031
2014-03-25,344.05029296875
2014-03-26,342.1697998046875
2014-03-27,342.4908752441406
2014-03-28,341.6653137207031
2014-03-31,343.43109130859375
2014-04-01,338.52362060546875
2014-04-02,335.68011474609375
2014-04-03,334.25823974609375
2014-04-04,332.7217712402344
2014-04-07,332.67596435546875
2014-04-09,340.2435302734375
2014-04-10,339.1199035644531
2014-04-11,338.54656982421875
2014-04-15,332.0339050292969
2014-04-16,332.951171875
2014-04-17,329.6260070800781
2014-04-21,328.5940246582031
2014-04-22,333.6849670410156
2014-04-23,336.1845397949219
2014-04-24,336.1845397949219
2014-04-25,333.1575622558594
2014-04-28,332.607177734375
2014-04-29,328.2959289550781
2014-04-30,330.8184814453125
2014-05-02,328.8921203613281
2014-05-05,328.70867919921875
2014-05-06,330.31396484375
2014-05-07,328.2041320800781
2014-05-08,329.4425354003906
2014-05-09,347.1002502441406
2014-05-12,363.31329345703125
2014-05-13,361.47869873046875
2014-05-14,355.65386962890625
2014-05-15,361.57037353515625
2014-05-16,369.0692443847656
2014-05-19,372.3714599609375
2014-05-20,374.2747497558594
2014-05-21,371.27069091796875
2014-05-22,368.1060485839844
2014-05-23,362.1666259765625
2014-05-26,365.6064453125
2014-05-27,369.160888671875
2014-05-28,377.6687316894531
2014-05-29,371.61468505859375
2014-05-30,363.5884094238281
2014-06-02,375.8112487792969
2014-06-03,378.0815124511719
2014-06-04,374.5728759765625
2014-06-05,372.5378112792969
2014-06-06,377.07049560546875
2014-06-09,379.0130920410156
2014-06-10,377.7180480957031
2014-06-11,379.4988098144531
2014-06-12,388.448486328125
2014-06-13,386.39031982421875
2014-06-16,388.0554504394531
2014-06-17,391.54736328125
2014-06-18,386.1359558105469
2014-06-19,381.9269714355469
2014-06-20,380.16937255859375
2014-06-23,379.9381408691406
2014-06-24,383.4302062988281
2014-06-25,381.16375732421875
2014-06-26,375.7524108886719
2014-06-27,377.5098876953125
2014-06-30,379.984375
2014-07-01,380.79376220703125
2014-07-02,388.4716491699219
2014-07-03,387.037841796875
2014-07-04,396.2189025878906
2014-07-07,388.7260437011719
2014-07-08,383.54583740234375
2014-07-09,384.031494140625
2014-07-10,380.81695556640625
2014-07-11,375.47479248046875
2014-07-14,378.0880432128906
2014-07-15,382.4126281738281
2014-07-16,386.55218505859375
2014-07-17,384.7252197265625
2014-07-18,385.0259094238281
2014-07-21,382.7132568359375
2014-07-22,388.448486328125
2014-07-23,386.8065490722656
2014-07-24,389.5585632324219
2014-07-25,386.43658447265625
2014-07-28,383.6845703125
2014-07-30,387.9629211425781
2014-07-31,385.74273681640625
2014-08-01,377.1630554199219
2014-08-04,376.0298156738281
2014-08-05,379.3600158691406
2014-08-06,374.6422424316406
2014-08-07,375.33599853515625
2014-08-08,368.236328125
2014-08-11,366.7562561035156
2014-08-12,373.3471984863281
2014-08-13,375.7524108886719
2014-08-14,382.3663635253906
2014-08-18,384.9795837402344
2014-08-19,381.04815673828125
2014-08-20,379.5218505859375
2014-08-21,385.04901123046875
2014-08-22,391.6399230957031
2014-08-25,390.1136169433594
2014-08-26,389.6741943359375
2014-08-27,386.9453125
2014-08-28,390.1598205566406
2014-09-01,389.0729064941406
2014-09-02,397.3982849121094
2014-09-03,396.2189025878906
2014-09-04,393.998779296875
2014-09-05,392.42620849609375
2014-09-08,399.9653015136719
2014-09-09,400.35845947265625
2014-09-10,396.5195007324219
2014-09-11,395.15509033203125
2014-09-12,395.7795104980469
2014-09-15,397.93023681640625
2014-09-16,393.6056823730469
2014-09-17,391.4779968261719
2014-09-18,396.9126892089844
2014-09-19,397.88397216796875
2014-09-22,396.3113708496094
2014-09-23,392.6112060546875
2014-09-24,395.66387939453125
2014-09-25,393.1200256347656
2014-09-26,403.15673828125
2014-09-29,400.1271667480469
2014-09-30,403.6192321777344
2014-10-01,401.468505859375
2014-10-07,398.90155029296875
2014-10-08,401.28350830078125
2014-10-09,410.5339660644531
2014-10-10,401.14471435546875
2014-10-13,405.5386962890625
2014-10-14,401.63037109375
2014-10-15,401.63037109375
2014-10-16,397.2364501953125
2014-10-17,409.447021484375
2014-10-20,413.4014892578125
2014-10-21,414.2109680175781
2014-10-22,413.3321838378906
2014-10-27,414.99725341796875
2014-10-28,414.0953674316406
2014-10-29,412.3608703613281
2014-10-30,414.7197570800781
2014-10-31,421.75006103515625
2014-11-03,421.2181701660156
2014-11-05,422.1894836425781
2014-11-07,416.0148010253906
2014-11-10,418.419921875
2014-11-11,419.923095703125
2014-11-12,421.7037658691406
2014-11-13,423.64642333984375
2014-11-14,430.1910705566406
2014-11-17,425.033935546875
2014-11-18,431.1623840332031
2014-11-19,428.54913330078125
2014-11-20,424.6871032714844
2014-11-21,431.4629821777344
2014-11-24,437.1752014160156
2014-11-25,441.0372009277344
2014-11-26,439.9965515136719
2014-11-27,438.53955078125
2014-11-28,442.7023010253906
2014-12-01,439.395263671875
2014-12-02,436.2964172363281
2014-12-03,431.57861328125
2014-12-04,435.4175720214844
2014-12-05,436.0419616699219
2014-12-08,428.82666015625
2014-12-09,428.6416015625
2014-12-10,430.7923583984375
2014-12-11,431.8099060058594
2014-12-12,430.8386535644531
2014-12-15,435.4638366699219
2014-12-16,428.17913818359375
2014-12-17,426.375244140625
2014-12-18,432.01800537109375
2014-12-19,435.4407043457031
2014-12-22,445.7318420410156
2014-12-23,443.9048156738281
2014-12-24,437.1982116699219
2014-12-26,438.7709045410156
2014-12-29,440.18157958984375
2014-12-30,442.3785705566406
2014-12-31,440.13525390625
2015-01-01,440.3434143066406
2015-01-02,446.47186279296875
2015-01-05,442.7023010253906
2015-01-06,435.8106994628906
2015-01-07,437.0826110839844
2015-01-08,446.26373291015625
2015-01-09,451.2589416503906
2015-01-12,447.28131103515625
2015-01-13,445.5699157714844
2015-01-14,445.82427978515625
2015-01-15,459.3530578613281
2015-01-16,463.1457214355469
2015-01-19,464.6258239746094
2015-01-20,472.2111511230469
2015-01-21,471.7486267089844
2015-01-22,472.34991455078125
2015-01-23,482.3172912597656
2015-01-27,496.7710266113281
2015-01-28,489.5094299316406
2015-01-29,506.4608459472656
2015-01-30,498.2973327636719
2015-02-02,500.2630615234375
2015-02-03,492.1688232421875
2015-02-04,493.833984375
2015-02-05,497.9042663574219
2015-02-06,487.2662353515625
2015-02-09,481.06842041015625
2015-02-10,487.7055969238281
2015-02-11,489.5325622558594
2015-02-12,497.6729431152344
2015-02-13,492.9552001953125
2015-02-16,493.7646179199219
2015-02-18,497.1178283691406
2015-02-19,499.4305725097656
2015-02-20,496.30853271484375
2015-02-23,493.7415771484375
2015-02-24,493.81097412109375
2015-02-25,486.7804870605469
2015-02-26,480.1665344238281
2015-02-27,487.4974670410156
2015-03-02,500.7025146484375
2015-03-03,501.0724792480469
2015-03-04,492.7239990234375
2015-03-05,501.88189697265625
2015-03-09,489.8100891113281
2015-03-10,486.8268737792969
2015-03-11,488.6305847167969
2015-03-12,487.7749938964844
2015-03-13,482.2478332519531
2015-03-16,486.36431884765625
2015-03-17,489.3707275390625
2015-03-18,491.91461181640625
2015-03-19,486.6649475097656
2015-03-20,488.3763122558594
2015-03-23,484.606689453125
2015-03-24,480.0738830566406
2015-03-25,478.36273193359375
2015-03-26,465.73583984375
2015-03-27,469.2972717285156
2015-03-30,479.5884094238281
2015-03-31,473.0205993652344
2015-04-01,477.9001770019531
2015-04-06,477.298828125
2015-04-07,477.66888427734375
2015-04-08,478.9640197753906
2015-04-09,488.46875
2015-04-10,482.2478332519531
2015-04-13,480.4671630859375
2015-04-15,477.16015625
2015-04-16,476.2350769042969
2015-04-17,470.9623107910156
2015-04-20,464.880126953125
2015-04-21,463.9088439941406
2015-04-22,468.580322265625
2015-04-23,468.7653503417969
2015-04-24,465.5046081542969
2015-04-27,465.0421142578125
2015-04-28,464.6258239746094
2015-04-29,459.3530578613281
2015-04-30,457.3410949707031
2015-05-04,462.9607238769531
2015-05-05,456.8091735839844
2015-05-06,448.92315673828125
2015-05-07,439.9965515136719
2015-05-08,454.1959228515625
2015-05-11,458.0348815917969
2015-05-12,449.5475769042969
2015-05-13,458.01177978515625
2015-05-14,458.3817138671875
2015-05-15,457.9423828125
2015-05-18,467.0771789550781
2015-05-19,466.0133972167969
2015-05-20,473.64495849609375
2015-05-21,473.945556640625
2015-05-22,473.7605895996094
2015-05-25,473.4136962890625
2015-05-26,475.19439697265625
2015-05-27,480.1665344238281
2015-05-28,476.11944580078125
2015-05-29,485.9018249511719
2015-06-01,479.2645263671875
2015-06-02,466.5915222167969
2015-06-03,465.0882873535156
2015-06-04,469.43597412109375
2015-06-05,467.9559326171875
2015-06-08,464.11700439453125
2015-06-09,463.3769836425781
2015-06-10,469.7366638183594
2015-06-11,462.6138610839844
2015-06-12,466.7533874511719
2015-06-15,464.92645263671875
2015-06-16,466.4064636230469
2015-06-17,464.6951904296875
2015-06-18,471.5867004394531
2015-06-19,476.6282653808594
2015-06-22,484.3292236328125
2015-06-23,486.61871337890625
2015-06-24,483.70489501953125
2015-06-25,492.58514404296875
2015-06-26,491.59075927734375
2015-06-29,488.7232666015625
2015-06-30,493.5796203613281
2015-07-01,495.98468017578125
2015-07-02,493.1188049316406
2015-07-03,500.59808349609375
2015-07-06,504.9085388183594
2015-07-07,506.4696350097656
2015-07-08,498.081787109375
2015-07-09,500.5050048828125
2015-07-10,508.2870788574219
2015-07-13,510.8033752441406
2015-07-14,508.799560546875
2015-07-15,511.0597839355469
2015-07-16,519.4476928710938
2015-07-17,517.5137939453125
2015-07-20,519.7040405273438
2015-07-21,511.6888122558594
2015-07-22,519.3079223632812
2015-07-23,516.2789306640625
2015-07-24,516.2556762695312
2015-07-27,510.6636962890625
2015-07-28,516.55859375
2015-07-29,516.4886474609375
2015-07-30,517.5137939453125
2015-07-31,518.0263671875
2015-08-03,510.4540100097656
2015-08-04,506.28326416015625
2015-08-05,508.9627380371094
2015-08-06,510.710205078125
2015-08-07,509.1724548339844
2015-08-10,510.1045227050781
2015-08-11,510.1277160644531
2015-08-12,498.8273010253906
2015-08-13,502.13592529296875
2015-08-14,513.4364013671875
2015-08-17,508.6365966796875
2015-08-18,506.2366638183594
2015-08-19,504.1397399902344
2015-08-20,500.8078308105469
2015-08-21,494.5634765625
2015-08-24,474.875
2015-08-25,474.595458984375
2015-08-26,472.2886962890625
2015-08-27,476.2963562011719
2015-08-28,479.02239990234375
2015-08-31,478.7893981933594
2015-09-01,466.04437255859375
2015-09-02,463.7377624511719
2015-09-03,470.79754638671875
2015-09-04,464.15704345703125
2015-09-07,458.7514953613281
2015-09-08,467.88507080078125
2015-09-09,473.59356689453125
2015-09-10,471.123779296875
2015-09-11,470.8907775878906
2015-09-14,475.17791748046875
2015-09-15,472.1256408691406
2015-09-16,476.8787841796875
2015-09-18,489.18115234375
2015-09-21,490.67236328125
2015-09-22,480.2806091308594
2015-09-23,488.9248962402344
2015-09-24,489.9501037597656
2015-09-28,487.62005615234375
2015-09-29,496.19451904296875
2015-09-30,498.05841064453125
2015-10-01,497.5225524902344
2015-10-05,511.8286437988281
2015-10-06,506.0502014160156
2015-10-07,506.8890380859375
2015-10-08,504.72210693359375
2015-10-09,506.1435546875
2015-10-12,503.53387451171875
2015-10-13,501.5766906738281
2015-10-14,505.49114990234375
2015-10-15,505.21148681640625
2015-10-16,512.6209106445312
2015-10-19,511.5724182128906
2015-10-20,510.2210388183594
2015-10-21,510.2676086425781
2015-10-23,516.55859375
2015-10-26,513.296630859375
2015-10-27,517.677001953125
2015-10-28,517.95654296875
2015-10-29,514.2518920898438
2015-10-30,512.4111328125
2015-11-02,504.72210693359375
2015-11-03,505.5611267089844
2015-11-04,504.06982421875
2015-11-05,503.20770263671875
2015-11-06,503.6970520019531
2015-11-09,496.19451904296875
2015-11-10,491.4411926269531
2015-11-13,490.2528991699219
2015-11-16,494.400390625
2015-11-17,494.3304748535156
2015-11-18,488.645263671875
2015-11-19,498.1049499511719
2015-11-20,499.01373291015625
2015-11-23,496.7769470214844
2015-11-24,495.98468017578125
2015-11-26,495.79833984375
2015-11-27,502.99798583984375
2015-11-30,502.2291259765625
2015-12-01,504.6755676269531
2015-12-02,502.25244140625
2015-12-03,501.76312255859375
2015-12-04,493.4450988769531
2015-12-07,494.8663024902344
2015-12-08,488.94818115234375
2015-12-09,488.1093444824219
2015-12-10,494.2371826171875
2015-12-11,487.5967712402344
2015-12-14,491.6509704589844
2015-12-15,493.7012939453125
2015-12-16,497.3594665527344
2015-12-17,503.39404296875
2015-12-18,500.01556396484375
2015-12-21,501.13397216796875
2015-12-22,496.9633483886719
2015-12-23,500.5281982421875
2015-12-24,500.4815979003906
2015-12-28,501.99609375
2015-12-29,502.322265625
2015-12-30,500.6214599609375
2015-12-31,504.2795104980469
2016-01-01,507.3551025390625
2016-01-04,498.8505859375
2016-01-05,495.0760192871094
2016-01-06,497.2662353515625
2016-01-07,492.1867980957031
2016-01-08,495.0527038574219
2016-01-11,493.3052062988281
2016-01-12,487.8763427734375
2016-01-13,494.027587890625
2016-01-14,489.18115234375
2016-01-15,485.6396484375
2016-01-18,478.0437927246094
2016-01-19,482.6805114746094
2016-01-20,474.5255126953125
2016-01-21,476.7156982421875
2016-01-22,480.1175231933594
2016-01-25,485.1736145019531
2016-01-27,482.610595703125
2016-01-28,480.7698974609375
2016-01-29,489.227783203125
2016-02-01,493.8411560058594
2016-02-02,491.0685119628906
2016-02-03,486.43182373046875
2016-02-04,488.9248962402344
2016-02-05,491.7441101074219
2016-02-08,482.70379638671875
2016-02-09,478.13702392578125
2016-02-10,472.032470703125
2016-02-11,454.48760986328125
2016-02-12,452.6702575683594
2016-02-15,453.6954345703125
2016-02-16,453.6255798339844
2016-02-17,454.3012390136719
2016-02-18,461.08148193359375
2016-02-19,461.0115966796875
2016-02-22,460.7552795410156
2016-02-23,452.0411376953125
2016-02-24,442.511474609375
2016-02-25,439.2728576660156
2016-02-26,447.8238525390625
2016-02-29,452.87994384765625
2016-03-01,458.6116943359375
2016-03-02,469.35296630859375
2016-03-03,473.38385009765625
2016-03-04,475.5740051269531
2016-03-08,472.5916442871094
2016-03-09,477.55450439453125
2016-03-10,475.9002380371094
2016-03-11,479.3719177246094
2016-03-14,478.8360595703125
2016-03-15,478.4399108886719
2016-03-16,480.1873474121094
2016-03-17,474.57220458984375
2016-03-18,479.2321472167969
2016-03-21,487.2472839355469
2016-03-22,491.0917663574219
2016-03-23,488.9947509765625
2016-03-28,488.1326599121094
2016-03-29,491.0685119628906
2016-03-30,496.2642822265625
2016-03-31,499.15350341796875
2016-04-01,496.03131103515625
2016-04-04,498.1749572753906
2016-04-05,492.769287109375
2016-04-06,494.6566467285156
2016-04-07,491.8607177734375
2016-04-08,493.65472412109375
2016-04-11,499.060302734375
2016-04-12,495.35565185546875
2016-04-13,504.0931091308594
2016-04-18,506.9123840332031
2016-04-20,511.5955810546875
2016-04-21,508.4735107421875
2016-04-22,508.939453125
2016-04-25,509.4520263671875
2016-04-26,519.0516357421875
2016-04-27,523.8746948242188
2016-04-28,519.09814453125
2016-04-29,527.6725463867188
2016-05-02,520.8223876953125
2016-05-03,520.9854736328125
2016-05-04,525.3426513671875
2016-05-05,527.6493530273438
2016-05-06,521.7544555664062
2016-05-09,531.889892578125
2016-05-10,533.5208740234375
2016-05-11,530.6783447265625
2016-05-12,535.4779052734375
2016-05-13,531.6568603515625
2016-05-16,541.8622436523438
2016-05-17,537.505126953125
2016-05-18,531.5403442382812
2016-05-19,530.9112548828125
2016-05-20,531.6568603515625
2016-05-23,529.7230224609375
2016-05-24,531.214111328125
2016-05-25,546.7553100585938
2016-05-26,551.391845703125
2016-05-27,553.0462036132812
2016-05-30,549.7608032226562
2016-05-31,550.7628173828125
2016-06-01,547.6172485351562
2016-06-02,547.5240478515625
2016-06-03,546.0328979492188
2016-06-06,545.7299194335938
2016-06-07,546.941650390625
2016-06-08,541.76904296875
2016-06-09,540.2777709960938
2016-06-10,541.1865234375
2016-06-13,537.2488403320312
2016-06-14,536.759521484375
2016-06-15,545.0076293945312
2016-06-16,541.5593872070312
2016-06-17,545.2174072265625
2016-06-20,546.1727294921875
2016-06-21,543.6563110351562
2016-06-22,545.9163818359375
2016-06-23,554.5839233398438
2016-06-24,541.44287109375
2016-06-27,540.5340576171875
2016-06-28,543.7962036132812
2016-06-29,548.8936767578125
2016-06-30,552.7227172851562
2016-07-01,551.8065795898438
2016-07-04,551.0079345703125
2016-07-05,547.6251220703125
2016-07-07,557.0451049804688
2016-07-08,551.970947265625
2016-07-11,563.6696166992188
2016-07-12,564.7971801757812
2016-07-13,562.72998046875
2016-07-14,563.9514770507812
2016-07-15,574.921875
2016-07-18,576.6836547851562
2016-07-19,572.4082641601562
2016-07-20,578.9153442382812
2016-07-21,577.2239990234375
2016-07-22,578.2576293945312
2016-07-25,585.8451538085938
2016-07-26,582.0161743164062
2016-07-27,581.14697265625
2016-07-28,586.5499877929688
2016-07-29,585.4928588867188
2016-08-01,583.66064453125
2016-08-02,584.1304321289062
2016-08-03,582.7913818359375
2016-08-04,583.0498046875
2016-08-05,586.9258422851562
2016-08-08,587.0901489257812
2016-08-09,585.9625854492188
2016-08-10,576.42529296875
2016-08-11,577.0595092773438
2016-08-12,577.2709350585938
2016-08-16,576.6132202148438
2016-08-17,580.1838989257812
2016-08-18,588.45263671875
2016-08-19,585.9156494140625
2016-08-22,587.4191284179688
2016-08-23,587.9593505859375
2016-08-24,592.8220825195312
2016-08-25,591.2952270507812
2016-08-26,590.6138916015625
2016-08-29,581.6873168945312
2016-08-30,596.0404663085938
2016-08-31,606.6348266601562
2016-09-01,603.1112060546875
2016-09-02,603.7689208984375
2016-09-06,610.9572143554688
2016-09-07,604.544189453125
2016-09-08,605.7891845703125
2016-09-09,606.259033203125
2016-09-12,601.3258666992188
2016-09-14,596.4161987304688
2016-09-15,601.1849365234375
2016-09-16,609.7591552734375
2016-09-19,606.1415405273438
2016-09-20,605.3428344726562
2016-09-21,607.4806518554688
2016-09-22,614.010986328125
2016-09-23,616.7359619140625
2016-09-26,608.9605712890625
2016-09-27,609.8531494140625
2016-09-28,608.53759765625
2016-09-29,600.1983032226562
2016-09-30,598.0136108398438
2016-10-03,604.755615234375
2016-10-04,605.8597412109375
2016-10-05,604.23876953125
2016-10-06,602.2890014648438
2016-10-07,601.65478515625
2016-10-10,603.4166259765625
2016-10-13,593.2683715820312
2016-10-14,592.8220825195312
2016-10-17,581.4993896484375
2016-10-18,590.96630859375
2016-10-19,591.2012329101562
2016-10-20,589.8622436523438
2016-10-21,597.0036010742188
2016-10-24,593.6443481445312
2016-10-25,587.4191284179688
2016-10-26,582.2510986328125
2016-10-27,588.2647094726562
2016-10-28,591.5302124023438
2016-11-01,591.8824462890625
2016-11-02,585.4692993164062
2016-11-03,589.6038208007812
2016-11-04,584.3182983398438
2016-11-07,587.019775390625
2016-11-08,589.2984619140625
2016-11-09,587.865478515625
2016-11-10,600.691650390625
2016-11-11,599.3995971679688
2016-11-15,589.5098876953125
2016-11-16,584.6235961914062
2016-11-17,577.9755859375
2016-11-18,569.1430053710938
2016-11-21,563.17626953125
2016-11-22,562.8709106445312
2016-11-23,556.6222534179688
2016-11-24,547.5781860351562
2016-11-25,558.760009765625
2016-11-28,556.4813232421875
2016-11-29,553.80322265625
2016-11-30,563.59912109375
2016-12-01,562.4950561523438
2016-12-02,558.6659545898438
2016-12-05,562.0721435546875
2016-12-06,561.1795043945312
2016-12-07,555.1422729492188
2016-12-08,563.5521850585938
2016-12-09,562.9883422851562
2016-12-12,556.4813232421875
2016-12-13,557.326904296875
2016-12-14,552.3703002929688
2016-12-15,552.7932739257812
2016-12-16,555.47119140625
2016-12-19,552.8636474609375
2016-12-20,555.2833251953125
2016-12-21,554.390625
2016-12-22,551.1488037109375
2016-12-23,557.326904296875
2016-12-26,552.0414428710938
2016-12-27,556.8336791992188
2016-12-28,557.5618896484375
2016-12-29,566.2301025390625
2016-12-30,566.699951171875
2017-01-02,562.4244995117188
2017-01-03,559.0418701171875
2017-01-04,556.9746704101562
2017-01-05,557.3035278320312
2017-01-06,560.8036499023438
2017-01-09,561.5319213867188
2017-01-10,570.529052734375
2017-01-11,579.760986328125
2017-01-12,580.2308349609375
2017-01-13,579.0562744140625
2017-01-16,586.1741333007812
2017-01-17,581.875244140625
2017-01-18,583.8014526367188
2017-01-19,580.8416748046875
2017-01-20,580.8651123046875
2017-01-23,584.7646484375
2017-01-24,595.523681640625
2017-01-25,606.3529663085938
2017-01-27,606.9638061523438
2017-01-30,603.6984252929688
2017-01-31,604.4971313476562
2017-02-01,613.4472045898438
2017-02-02,610.158447265625
2017-02-03,615.9608764648438
2017-02-06,617.3937377929688
2017-02-07,614.1286010742188
2017-02-08,613.4237670898438
2017-02-09,609.665283203125
2017-02-10,612.4605712890625
2017-02-13,615.5614013671875
2017-02-14,615.9842529296875
2017-02-15,621.1993408203125
2017-02-16,623.8773193359375
2017-02-17,646.9691162109375
2017-02-20,662.0269775390625
2017-02-21,665.0572509765625
2017-02-22,657.352294921875
2017-02-23,655.073486328125
2017-02-27,654.74462890625
2017-02-28,653.1002807617188
2017-03-01,653.82861328125
2017-03-02,648.4020385742188
2017-03-03,646.9457397460938
2017-03-06,648.7073974609375
2017-03-07,651.26806640625
2017-03-08,654.0869140625
2017-03-09,655.0264892578125
2017-03-10,657.7985229492188
2017-03-14,662.778564453125
2017-03-15,665.5505981445312
2017-03-16,665.9028930664062
2017-03-17,669.896484375
2017-03-20,674.7122192382812
2017-03-21,676.9907836914062
2017-03-22,672.2691040039062
2017-03-23,672.2691040039062
2017-03-24,669.191650390625
2017-03-27,662.3792724609375
2017-03-28,667.2418823242188
2017-03-29,671.1884765625
2017-03-30,688.853759765625
2017-03-31,677.7424926757812
2017-04-03,673.3496704101562
2017-04-05,672.9502563476562
2017-04-06,675.8397216796875
2017-04-07,676.004150390625
2017-04-10,673.7960205078125
2017-04-11,676.3095703125
2017-04-12,678.2827758789062
2017-04-13,676.6854248046875
2017-04-17,675.0410766601562
2017-04-18,679.9740600585938
2017-04-19,680.7728271484375
2017-04-20,686.9510498046875
2017-04-21,703.1363525390625
2017-04-24,720.261474609375
2017-04-25,722.1407470703125
2017-04-26,728.5303344726562
2017-04-27,736.963623046875
2017-04-28,726.58056640625
2017-05-02,723.8085327148438
2017-05-03,725.5469360351562
2017-05-04,721.0836791992188
2017-05-05,719.8621215820312
2017-05-08,721.0836791992188
2017-05-09,721.5299072265625
2017-05-10,729.0706176757812
2017-05-11,726.5336303710938
2017-05-12,729.0001831054688
2017-05-15,729.8223266601562
2017-05-16,732.7588500976562
2017-05-17,731.584228515625
2017-05-18,731.560546875
2017-05-19,733.5104370117188
2017-05-22,740.4403076171875
2017-05-23,737.1985473632812
2017-05-24,736.0944213867188
2017-05-25,759.7734985351562
2017-05-26,763.9314575195312
2017-05-29,766.7034301757812
2017-05-30,765.364501953125
2017-05-31,768.7236328125
2017-06-01,765.1528930664062
2017-06-02,767.8074951171875
2017-06-05,768.4182739257812
2017-06-06,770.0156860351562
2017-06-07,770.8848266601562
2017-06-08,772.7406616210938
2017-06-09,783.1002197265625
2017-06-12,784.0164184570312
2017-06-13,787.7513427734375
2017-06-14,785.1674194335938
2017-06-15,781.9491577148438
2017-06-16,784.2512817382812
2017-06-19,795.362548828125
2017-06-20,792.3792724609375
2017-06-21,798.0874633789062
2017-06-22,797.7586669921875
2017-06-23,788.6676025390625
2017-06-27,783.49951171875
2017-06-28,782.9357299804688
2017-06-29,786.5302124023438
2017-06-30,781.3278198242188
2017-07-03,784.425537109375
2017-07-04,781.9425659179688
2017-07-05,779.76708984375
2017-07-06,784.2127075195312
2017-07-07,788.4928588867188
2017-07-10,792.8203125
2017-07-11,794.7357788085938
2017-07-12,795.1376953125
2017-07-13,796.2254638671875
2017-07-14,794.5228271484375
2017-07-17,795.657958984375
2017-07-18,796.2254638671875
2017-07-19,800.3637084960938
2017-07-20,809.1605834960938
2017-07-21,805.4479370117188
2017-07-24,820.605712890625
2017-07-25,822.7576904296875
2017-07-26,826.4940185546875
2017-07-27,846.4049682617188
2017-07-28,841.131591796875
2017-07-31,843.9219360351562
2017-08-01,849.9755859375
2017-08-02,847.3507690429688
2017-08-03,841.8173217773438
2017-08-04,846.6886596679688
2017-08-07,845.8847045898438
2017-08-08,840.8477783203125
2017-08-09,834.4866333007812
2017-08-10,832.5948486328125
2017-08-11,827.203369140625
2017-08-14,831.0578002929688
2017-08-16,842.4322509765625
2017-08-17,834.9359741210938
2017-08-18,828.6694946289062
2017-08-21,824.4366455078125
2017-08-22,826.2338256835938
2017-08-23,838.270263671875
2017-08-24,833.564453125
2017-08-28,833.4462280273438
2017-08-29,825.8318481445312
2017-08-30,836.42578125
2017-08-31,840.1619262695312
2017-09-01,835.9765014648438
2017-09-04,828.0783081054688
2017-09-05,830.1829223632812
2017-09-06,832.3347778320312
2017-09-07,835.4798583984375
2017-09-08,845.4590454101562
2017-09-11,862.3431396484375
2017-09-12,867.9474487304688
2017-09-13,871.0925903320312
2017-09-14,869.933837890625
2017-09-15,874.450439453125
2017-09-18,879.8893432617188
2017-09-19,874.8052368164062
2017-09-20,874.4032592773438
2017-09-21,869.7920532226562
2017-09-22,862.6978759765625
2017-09-25,851.1817626953125
2017-09-26,847.658203125
2017-09-27,840.1857299804688
2017-09-28,849.0770263671875
2017-09-29,853.9955444335938
2017-10-03,855.4853515625
2017-10-04,849.8810424804688
2017-10-05,850.6377563476562
2017-10-06,851.3471069335938
2017-10-09,849.171630859375
2017-10-10,852.5767822265625
2017-10-11,846.6414184570312
2017-10-12,860.1912841796875
2017-10-13,875.3253784179688
2017-10-16,878.32861328125
2017-10-17,875.538330078125
2017-10-18,883.6965942382812
2017-10-19,874.1903686523438
2017-10-23,881.2373046875
2017-10-24,883.034423828125
2017-10-25,848.9824829101562
2017-10-26,849.1006469726562
2017-10-27,847.0670776367188
2017-10-30,858.3941040039062
2017-10-31,855.3199462890625
2017-11-01,861.3262939453125
2017-11-02,861.751953125
2017-11-03,865.8193359375
2017-11-06,864.8261108398438
2017-11-07,862.5086669921875
2017-11-08,863.5728149414062
2017-11-09,864.4713745117188
2017-11-10,861.7047729492188
2017-11-13,857.7083129882812
2017-11-14,852.411376953125
2017-11-15,851.418212890625
2017-11-16,854.9414672851562
2017-11-17,863.3836669921875
2017-11-20,869.3427124023438
2017-11-21,873.1736450195312
2017-11-22,877.4300537109375
2017-11-23,871.5655517578125
2017-11-24,875.6092529296875
2017-11-27,878.5178833007812
2017-11-28,882.2067260742188
2017-11-29,885.9667358398438
2017-11-30,876.6968994140625
2017-12-01,874.095703125
2017-12-04,867.4273071289062
2017-12-05,860.9716186523438
2017-12-06,852.8605346679688
2017-12-07,855.86376953125
2017-12-08,870.4067993164062
2017-12-11,873.2445068359375
2017-12-12,860.71142578125
2017-12-13,861.397216796875
2017-12-14,869.2954711914062
2017-12-15,886.0376586914062
2017-12-18,888.6387939453125
2017-12-19,891.263671875
2017-12-20,883.5310668945312
2017-12-21,883.6019287109375
2017-12-22,887.551025390625
2017-12-26,883.6256713867188
2017-12-27,878.1395263671875
2017-12-28,888.2131958007812
2017-12-29,885.5410766601562
2018-01-01,877.0753784179688
2018-01-02,885.5173950195312
2018-01-03,876.200439453125
2018-01-04,879.6292724609375
2018-01-05,881.3790893554688
2018-01-08,879.9602661132812
2018-01-09,881.4264526367188
2018-01-10,881.6629028320312
2018-01-11,885.6119384765625
2018-01-12,882.1831665039062
2018-01-15,897.5302734375
2018-01-16,898.665283203125
2018-01-17,894.101318359375
2018-01-18,914.8162841796875
2018-01-19,923.2820434570312
2018-01-22,928.5552978515625
2018-01-23,922.8564453125
2018-01-24,925.8594970703125
2018-01-25,934.04150390625
2018-01-29,945.7232055664062
2018-01-30,943.760498046875
2018-01-31,948.5845336914062
2018-02-01,941.7032470703125
2018-02-02,921.2955932617188
2018-02-05,905.1445922851562
2018-02-06,897.0808715820312
2018-02-07,885.730224609375
2018-02-08,889.584716796875
2018-02-09,874.710693359375
2018-02-12,887.551025390625
2018-02-14,890.6251831054688
2018-02-15,890.0340576171875
2018-02-16,888.4733276367188
2018-02-19,888.2841186523438
2018-02-20,881.18994140625
2018-02-21,878.4468994140625
2018-02-22,876.46044921875
2018-02-23,889.3955688476562
2018-02-26,904.0568237304688
2018-02-27,899.8004150390625
2018-02-28,891.1217041015625
2018-03-01,886.4632568359375
2018-03-05,884.3822631835938
2018-03-06,873.1736450195312
2018-03-07,866.7178955078125
2018-03-08,876.2950439453125
2018-03-09,875.4437866210938
2018-03-12,883.1053466796875
2018-03-13,879.7947387695312
2018-03-14,881.8047485351562
2018-03-15,889.5138549804688
2018-03-16,876.3659057617188
2018-03-19,873.6464233398438
2018-03-20,869.9811401367188
2018-03-21,879.15625
2018-03-22,883.3418579101562
2018-03-23,870.9507446289062
2018-03-26,895.4965209960938
2018-03-27,895.0945434570312
2018-03-28,892.020263671875
2018-04-02,913.35009765625
2018-04-03,906.1141357421875
2018-04-04,890.6725463867188
2018-04-05,902.803466796875
2018-04-06,909.6611938476562
2018-04-09,917.0628662109375
2018-04-10,908.4552612304688
2018-04-11,907.5093383789062
2018-04-12,912.2151489257812
2018-04-13,910.4180297851562
2018-04-16,918.5052490234375
2018-04-17,921.5321044921875
2018-04-18,914.0123291015625
2018-04-19,917.0391235351562
2018-04-20,925.0319213867188
2018-04-23,915.5020751953125
2018-04-24,915.1473388671875
2018-04-25,908.407958984375
2018-04-26,912.90087890625
2018-04-27,909.6611938476562
2018-04-30,919.5457763671875
2018-05-02,931.4639282226562
2018-05-03,930.7073364257812
2018-05-04,940.4498291015625
2018-05-07,935.2002563476562
2018-05-08,930.3052368164062
2018-05-09,935.6732177734375
2018-05-10,942.4362182617188
2018-05-11,951.4459228515625
2018-05-14,956.17529296875
2018-05-15,963.7660522460938
2018-05-16,956.9320068359375
2018-05-17,959.0130004882812
2018-05-18,951.635009765625
2018-05-21,942.601806640625
2018-05-22,941.1119995117188
2018-05-23,930.51806640625
2018-05-24,939.2676391601562
2018-05-25,950.0032958984375
2018-05-28,965.8469848632812
2018-05-29,961.3067016601562
2018-05-30,968.755615234375
2018-05-31,1018.3036499023438
2018-06-01,1004.5718994140625
2018-06-04,973.9197998046875
2018-06-05,982.20166015625
2018-06-06,979.2269287109375
2018-06-07,981.5352172851562
2018-06-08,975.419189453125
2018-06-11,972.0635986328125
2018-06-12,972.8013916015625
2018-06-13,966.8992919921875
2018-06-14,969.7313842773438
2018-06-15,966.018798828125
2018-06-18,961.0449829101562
2018-06-19,963.1154174804688
2018-06-20,978.6555786132812
2018-06-21,979.3458862304688
2018-06-22,991.6019287109375
2018-06-25,997.1231689453125
2018-06-26,996.5281982421875
2018-06-27,1005.52392578125
2018-06-28,1014.2103881835938
2018-06-29,1003.5487060546875
2018-07-02,986.794677734375
2018-07-03,985.3430786132812
2018-07-04,1001.2164916992188
2018-07-05,1010.8309326171875
2018-07-06,1006.7376708984375
2018-07-09,1011.7352905273438
2018-07-10,1021.6115112304688
2018-07-11,1022.4920043945312
2018-07-12,1030.9166259765625
2018-07-13,1038.0323486328125
2018-07-16,1032.297119140625
2018-07-17,1036.05712890625
2018-07-18,1035.7952880859375
2018-07-19,1040.5074462890625
2018-07-20,1041.911376953125
2018-07-23,1026.39501953125
2018-07-24,1027.9656982421875
2018-07-25,1033.010986328125
2018-07-26,1043.6011962890625
2018-07-27,1048.146728515625
2018-07-30,1032.7967529296875
2018-07-31,1037.365966796875
2018-08-01,1027.4658203125
2018-08-02,1013.90087890625
2018-08-03,1009.831298828125
2018-08-06,1006.3330688476562
2018-08-07,1014.2340698242188
2018-08-08,1016.8281860351562
2018-08-09,1008.3321533203125
2018-08-10,1006.4044799804688
2018-08-13,995.5523681640625
2018-08-14,994.3388671875
2018-08-16,987.9608154296875
2018-08-17,988.7462768554688
2018-08-20,997.7180786132812
2018-08-21,997.6466064453125
2018-08-23,989.9597778320312
2018-08-24,985.176513671875
2018-08-27,990.2216796875
2018-08-28,997.0755615234375
2018-08-29,989.2935791015625
2018-08-30,983.3916015625
2018-08-31,981.059326171875
2018-09-03,987.6514282226562
2018-09-04,976.5852661132812
2018-09-05,973.7532348632812
2018-09-06,976.775634765625
2018-09-07,979.036376953125
2018-09-10,971.5162963867188
2018-09-11,952.1206665039062
2018-09-12,957.5704345703125
2018-09-14,966.018798828125
2018-09-17,948.2176513671875
2018-09-18,946.789794921875
2018-09-19,933.5341796875
2018-09-21,937.7702026367188
2018-09-24,916.5660400390625
2018-09-25,929.2742919921875
2018-09-26,936.7945556640625
2018-09-27,940.5784912109375
2018-09-28,954.8098754882812
2018-10-01,968.80322265625
2018-10-03,966.756591796875
2018-10-04,931.8206787109375
2018-10-05,935.4143676757812
2018-10-08,925.7521362304688
2018-10-09,923.657958984375
2018-10-10,936.2947387695312
2018-10-11,922.2062377929688
2018-10-12,943.2914428710938
2018-10-15,955.76171875
2018-10-16,948.4796142578125
2018-10-17,939.8407592773438
2018-10-19,936.5803833007812
2018-10-22,951.4066772460938
2018-10-23,944.7194213867188
2018-10-24,948.2415161132812
2018-10-25,937.0801391601562
2018-10-26,933.4627685546875
2018-10-29,916.8516845703125
2018-10-30,910.4022827148438
2018-10-31,909.92626953125
2018-11-01,910.1405029296875
2018-11-02,927.8701782226562
2018-11-05,930.98779296875
2018-11-06,926.489990234375
2018-11-07,931.9159545898438
2018-11-09,925.9425659179688
2018-11-12,914.3528442382812
2018-11-13,917.541748046875
2018-11-14,931.8206787109375
2018-11-15,940.1025390625
2018-11-16,953.9768676757812
2018-11-19,958.5462646484375
2018-11-20,957.8560180664062
2018-11-21,960.8546142578125
2018-11-22,954.548095703125
2018-11-26,975.6334228515625
2018-11-27,982.39208984375
2018-11-28,994.41015625
2018-11-29,1014.3055419921875
2018-11-30,1013.0679931640625
2018-12-03,1005.8571166992188
2018-12-04,992.649169921875
2018-12-05,999.1460571289062
2018-12-06,998.1226196289062
2018-12-07,1003.1441650390625
2018-12-10,994.1721801757812
2018-12-11,980.27392578125
2018-12-12,992.5301513671875
2018-12-13,1000.1455078125
2018-12-14,997.4800415039062
2018-12-17,1013.90087890625
2018-12-18,1016.3997192382812
2018-12-19,1010.6881103515625
2018-12-20,1017.3516235351562
2018-12-21,1004.8338623046875
2018-12-24,990.3167114257812
2018-12-26,1010.1646118164062
2018-12-27,1001.930419921875
2018-12-28,1010.4263305664062
2018-12-31,1009.8552856445312
2019-01-01,1022.4208984375
2019-01-02,1013.0918579101562
2019-01-03,1005.1431274414062
2019-01-04,1007.8323364257812
2019-01-07,1009.3554077148438
2019-01-08,1000.95458984375
2019-01-09,1007.52294921875
2019-01-10,1003.5724487304688
2019-01-11,1005.190673828125
2019-01-14,1000.3120727539062
2019-01-15,1009.950439453125
2019-01-16,1009.1412353515625
2019-01-17,1014.9005126953125
2019-01-18,1013.9246215820312
2019-01-21,1022.4445190429688
2019-01-22,1016.5902099609375
2019-01-23,1002.0968627929688
2019-01-24,1000.59765625
2019-01-25,997.6229858398438
2019-01-28,991.9827270507812
2019-01-29,979.3458862304688
2019-01-30,968.4462280273438
2019-01-31,989.9835815429688
2019-02-01,994.981201171875
2019-02-04,1001.8589477539062
2019-02-05,1006.2140502929688
2019-02-06,1010.3072509765625
2019-02-07,1007.7371215820312
2019-02-08,1010.3072509765625
2019-02-11,1018.3987426757812
2019-02-12,1013.662841796875
2019-02-14,1004.3814697265625
2019-02-15,999.8361206054688
2019-02-18,994.719482421875
2019-02-19,991.93505859375
2019-02-20,1003.5011596679688
2019-02-21,1007.0946044921875
2019-02-22,995.4572143554688
2019-02-25,1011.6162109375
2019-02-26,1004.595703125
2019-02-27,995.8379516601562
2019-02-28,988.84130859375
2019-03-01,991.6019287109375
2019-03-05,1002.9061279296875
2019-03-06,1001.549560546875
2019-03-07,1012.1399536132812
2019-03-08,1012.9488525390625
2019-03-11,1013.0679931640625
2019-03-12,1033.3203125
2019-03-13,1059.7601318359375
2019-03-14,1058.9034423828125
2019-03-15,1072.3494873046875
2019-03-18,1076.371337890625
2019-03-19,1079.3699951171875
2019-03-20,1094.24365234375
2019-03-22,1083.367919921875
2019-03-25,1085.8192138671875
2019-03-26,1100.1220703125
2019-03-27,1094.4578857421875
2019-03-28,1096.0523681640625
2019-04-01,1100.336181640625
2019-04-02,1092.2685546875
2019-04-03,1091.26904296875
2019-04-04,1087.08056640625
2019-04-05,1097.3851318359375
2019-04-08,1089.6746826171875
2019-04-09,1088.651123046875
2019-04-10,1064.9005126953125
2019-04-11,1074.4912109375
2019-04-12,1078.1800537109375
2019-04-15,1089.38916015625
2019-04-16,1097.1234130859375
2019-04-18,1091.6973876953125
2019-04-22,1079.822021484375
2019-04-23,1068.6845703125
2019-04-24,1085.0814208984375
2019-04-25,1077.3233642578125
2019-04-26,1085.652587890625
2019-04-30,1103.025390625
2019-05-02,1121.27880859375
2019-05-03,1127.0616455078125
2019-05-06,1108.2611083984375
2019-05-07,1105.357666015625
2019-05-08,1098.1705322265625
2019-05-09,1090.3885498046875
2019-05-10,1093.0538330078125
2019-05-13,1088.62744140625
2019-05-14,1088.9605712890625
2019-05-15,1088.389404296875
2019-05-16,1099.7886962890625
2019-05-17,1124.27734375
2019-05-20,1157.7137451171875
2019-05-21,1144.0772705078125
2019-05-22,1145.05322265625
2019-05-23,1109.998291015625
2019-05-24,1129.6318359375
2019-05-27,1146.290771484375
2019-05-28,1150.0267333984375
2019-05-29,1150.3599853515625
2019-05-30,1161.140869140625
2019-05-31,1154.3819580078125
2019-06-03,1169.4937744140625
2019-06-04,1167.209228515625
2019-06-06,1153.4300537109375
2019-06-07,1164.9959716796875
2019-06-10,1161.4500732421875
2019-06-11,1165.35302734375
2019-06-12,1155.191162109375
2019-06-13,1163.5919189453125
2019-06-14,1159.022705078125
2019-06-17,1152.7874755859375
2019-06-18,1150.526611328125
2019-06-19,1155.81005859375
2019-06-20,1162.0360107421875
2019-06-21,1156.2169189453125
2019-06-24,1158.0128173828125
2019-06-25,1163.161376953125
2019-06-26,1181.9351806640625
2019-06-27,1179.2532958984375
2019-06-28,1170.3692626953125
2019-07-01,1190.3883056640625
2019-07-02,1194.9139404296875
2019-07-03,1192.3516845703125
2019-07-04,1189.550048828125
2019-07-05,1184.0902099609375
2019-07-08,1154.013916015625
2019-07-09,1139.4306640625
2019-07-10,1144.0284423828125
2019-07-11,1152.8404541015625
2019-07-12,1146.494873046875
2019-07-15,1146.90185546875
2019-07-16,1145.2017822265625
2019-07-17,1148.1949462890625
2019-07-18,1155.1153564453125
2019-07-19,1137.75439453125
2019-07-22,1100.2069091796875
2019-07-23,1084.0430908203125
2019-07-24,1092.376220703125
2019-07-25,1094.8428955078125
2019-07-26,1090.6524658203125
2019-07-29,1074.847900390625
2019-07-30,1078.6553955078125
2019-07-31,1078.367919921875
2019-08-01,1066.4403076171875
2019-08-02,1062.8642578125
2019-08-05,1046.0167236328125
2019-08-06,1050.7447509765625
2019-08-07,1048.296630859375
2019-08-08,1071.887939453125
2019-08-09,1095.3355712890625
2019-08-13,1065.744384765625
2019-08-14,1070.112060546875
2019-08-16,1069.2720947265625
2019-08-19,1059.2642822265625
2019-08-20,1065.8641357421875
2019-08-21,1068.38427734375
2019-08-22,1043.5447998046875
2019-08-23,1038.0728759765625
2019-08-26,1082.9276123046875
2019-08-27,1084.7518310546875
2019-08-28,1078.77587890625
2019-08-29,1068.912109375
2019-08-30,1069.39208984375
2019-09-03,1061.2322998046875
2019-09-04,1078.8958740234375
2019-09-05,1072.8480224609375
2019-09-06,1078.0079345703125
2019-09-09,1079.7840576171875
2019-09-11,1080.5999755859375
2019-09-12,1089.9835205078125
2019-09-13,1083.5517578125
2019-09-16,1077.1678466796875
2019-09-17,1061.42431640625
2019-09-18,1050.0966796875
2019-09-19,1056.9844970703125
2019-09-20,1151.59033203125
2019-09-23,1206.93310546875
2019-09-24,1203.6212158203125
2019-09-25,1190.08544921875
2019-09-26,1192.7734375
2019-09-27,1194.4053955078125
2019-09-30,1178.3255615234375
2019-10-01,1198.8212890625
2019-10-03,1174.5819091796875
2019-10-04,1142.0865478515625
2019-10-07,1139.3985595703125
2019-10-09,1178.9976806640625
2019-10-10,1152.5023193359375
2019-10-11,1150.8223876953125
2019-10-14,1156.1982421875
2019-10-15,1174.101806640625
2019-10-16,1172.2298583984375
2019-10-17,1171.173828125
2019-10-18,1179.8135986328125
2019-10-22,1189.701416015625
2019-10-23,1191.909423828125
2019-10-24,1186.6295166015625
2019-10-25,1179.8135986328125
2019-10-27,1188.1654052734375
2019-10-29,1192.7734375
2019-10-30,1198.38916015625
2019-10-31,1181.109619140625
2019-11-01,1190.421630859375
2019-11-04,1187.3494873046875
2019-11-05,1189.893310546875
2019-11-06,1206.357177734375
2019-11-07,1213.1248779296875
2019-11-08,1205.3489990234375
2019-11-11,1214.1328125
2019-11-13,1207.22119140625
2019-11-14,1222.9166259765625
2019-11-15,1226.7567138671875
2019-11-18,1211.541015625
2019-11-19,1220.9967041015625
2019-11-20,1222.388671875
2019-11-21,1231.988525390625
2019-11-22,1214.1328125
2019-11-25,1220.2288818359375
2019-11-26,1224.020751953125
2019-11-27,1227.236572265625
2019-11-28,1214.660888671875
2019-11-29,1223.9246826171875
2019-12-02,1215.0928955078125
2019-12-03,1205.156982421875
2019-12-04,1201.55712890625
2019-12-05,1195.7491455078125
2019-12-06,1196.181396484375
2019-12-09,1193.2054443359375
2019-12-10,1199.4932861328125
2019-12-11,1198.773193359375
2019-12-12,1213.0289306640625
2019-12-13,1213.2689208984375
2019-12-16,1207.0291748046875
2019-12-17,1220.2288818359375
2019-12-18,1240.6282958984375
2019-12-19,1237.220458984375
2019-12-20,1244.80419921875
2019-12-23,1250.276123046875
2019-12-24,1237.5565185546875
2019-12-26,1219.604736328125
2019-12-27,1223.97265625
2019-12-30,1230.8365478515625
2019-12-31,1221.188720703125
2020-01-01,1227.4285888671875
2020-01-02,1235.25244140625
2020-01-03,1217.6368408203125
2020-01-06,1191.2855224609375
2020-01-07,1210.1490478515625
2020-01-08,1206.9810791015625
2020-01-09,1220.516845703125
2020-01-10,1231.3643798828125
2020-01-13,1234.532470703125
2020-01-14,1237.892333984375
2020-01-15,1232.8525390625
2020-01-16,1236.116455078125
2020-01-17,1226.9967041015625
2020-01-20,1204.6771240234375
2020-01-21,1194.5494384765625
2020-01-22,1191.189453125
2020-01-23,1195.029296875
2020-01-24,1194.741455078125
2020-01-27,1164.64599609375
2020-01-28,1174.2457275390625
2020-01-29,1186.3895263671875
2020-01-30,1176.9818115234375
2020-01-31,1177.2218017578125
2020-02-03,1145.0623779296875
2020-02-04,1180.5816650390625
2020-02-05,1194.8372802734375
2020-02-06,1190.181396484375
2020-02-07,1192.4853515625
2020-02-10,1190.6614990234375
2020-02-11,1190.949462890625
2020-02-12,1199.0133056640625
2020-02-13,1191.7174072265625
2020-02-14,1170.5499267578125
2020-02-17,1168.43798828125
2020-02-18,1164.694091796875
2020-02-19,1178.085693359375
2020-02-20,1168.3900146484375
2020-02-24,1161.526123046875
2020-02-25,1152.2623291015625
2020-02-26,1151.2542724609375
2020-02-27,1151.4461669921875
2020-02-28,1130.518798828125
2020-03-02,1132.3907470703125
2020-03-03,1134.502685546875
2020-03-04,1102.871337890625
2020-03-05,1105.271240234375
2020-03-06,1089.479736328125
2020-03-09,1062.984375
2020-03-11,1069.2242431640625
2020-03-12,980.4261474609375
2020-03-13,1026.9852294921875
2020-03-16,959.4986572265625
2020-03-17,936.0751342773438
2020-03-18,841.8052368164062
2020-03-19,859.7088012695312
2020-03-20,847.51708984375
2020-03-23,740.6714477539062
2020-03-24,736.9755859375
2020-03-25,822.4616088867188
2020-03-26,865.0366821289062
2020-03-27,868.2526245117188
2020-03-30,798.3662719726562
2020-03-31,827.4056396484375
2020-04-01,796.4462890625
2020-04-03,781.278564453125
2020-04-07,860.23681640625
2020-04-08,853.3250122070312
2020-04-09,888.0281982421875
2020-04-13,859.516845703125
2020-04-15,828.7494506835938
2020-04-16,844.5411376953125
2020-04-17,873.8685302734375
2020-04-20,907.0357666015625
2020-04-21,884.7642822265625
2020-04-22,891.4360961914062
2020-04-23,916.7315673828125
2020-04-24,900.5079345703125
2020-04-27,892.4921264648438
2020-04-28,894.1240844726562
2020-04-29,937.9950561523438
2020-04-30,961.7064819335938
2020-05-04,886.0602416992188
2020-05-05,874.9724731445312
2020-05-06,908.5237426757812
2020-05-07,887.9801025390625
2020-05-08,891.8681030273438
2020-05-11,879.1484375
2020-05-12,865.4686889648438
2020-05-13,890.5241088867188
2020-05-14,857.932861328125
2020-05-15,852.60498046875
2020-05-18,803.1660766601562
2020-05-19,797.4061889648438
2020-05-20,822.7976684570312
2020-05-21,825.1495971679688
2020-05-22,805.2780151367188
2020-05-26,818.2857666015625
2020-05-27,867.4846801757812
2020-05-28,907.4197387695312
2020-05-29,913.5635986328125
2020-06-01,948.1229248046875
2020-06-02,960.9385375976562
2020-06-03,981.3380737304688
2020-06-04,961.6105346679688
2020-06-05,991.9938354492188
2020-06-08,975.2422485351562
2020-06-09,947.786865234375
2020-06-10,952.1547241210938
2020-06-11,929.835205078125
2020-06-12,943.4190063476562
2020-06-15,911.8356323242188
2020-06-16,950.7628173828125
2020-06-17,940.0590209960938
2020-06-18,979.1301879882812
2020-06-19,991.9938354492188
2020-06-22,987.5780029296875
2020-06-23,1000.585693359375
2020-06-24,991.1778564453125
2020-06-25,987.5780029296875
2020-06-26,1014.1693115234375
2020-06-29,1032.9849853515625
2020-06-30,1023.193115234375
2020-07-01,1041.1927490234375
2020-07-02,1045.8006591796875
2020-07-03,1030.9691162109375
2020-07-06,1058.8564453125
2020-07-07,1060.92041015625
2020-07-08,1065.9122314453125
2020-07-09,1079.9278564453125
2020-07-10,1060.872314453125
2020-07-13,1037.016845703125
2020-07-14,1016.4733276367188
2020-07-15,1011.0015258789062
2020-07-16,1020.0252075195312
2020-07-17,1054.4884033203125
2020-07-20,1087.703857421875
2020-07-21,1092.9837646484375
2020-07-22,1081.2718505859375
2020-07-23,1085.159912109375
2020-07-24,1074.3118896484375
2020-07-27,1036.296875
2020-07-28,1043.1607666015625
2020-07-29,1021.9932861328125
2020-07-30,1008.6015625
2020-07-31,991.4659423828125
2020-08-03,961.8985595703125
2020-08-04,999.9617309570312
2020-08-05,986.4259643554688
2020-08-06,999.0496826171875
2020-08-07,1002.0736694335938
2020-08-10,1008.6015625
2020-08-11,1023.961181640625
2020-08-12,1021.1292724609375
2020-08-13,1016.6653442382812
2020-08-14,993.0498046875
2020-08-17,991.4178466796875
2020-08-18,1014.2174682617188
2020-08-19,1023.9132690429688
2020-08-20,1016.6173095703125
2020-08-21,1042.20068359375
2020-08-24,1072.3441162109375
2020-08-25,1074.8880615234375
2020-08-26,1073.68798828125
2020-08-27,1067.5921630859375
2020-08-28,1069.896240234375
2020-08-31,1071.1920166015625
2020-09-01,1082.183837890625
2020-09-02,1088.7596435546875
2020-09-03,1085.6397705078125
2020-09-04,1074.5042724609375
2020-09-07,1066.05615234375
2020-09-08,1067.9281005859375
2020-09-09,1052.616455078125
2020-09-10,1046.90478515625
2020-09-11,1035.48095703125
2020-09-14,1015.6093139648438
2020-09-15,1027.6571044921875
2020-09-16,1049.8807373046875
2020-09-17,1040.2327880859375
2020-09-18,1014.9853515625
2020-09-21,1007.3055419921875
2020-09-22,993.9617919921875
2020-09-23,1005.3375244140625
2020-09-24,989.1619262695312
2020-09-25,1002.2175903320312
2020-09-28,1012.0093383789062
2020-09-29,1020.0252075195312
2020-09-30,1035.4329833984375
2020-10-01,1062.648193359375
2020-10-05,1069.752197265625
2020-10-06,1098.3115234375
2020-10-07,1115.735107421875
2020-10-08,1144.1025390625
2020-10-09,1184.181640625
2020-10-12,1165.0780029296875
2020-10-13,1150.486328125
2020-10-14,1163.0140380859375
2020-10-15,1122.455078125
2020-10-16,1151.350341796875
2020-10-19,1155.38232421875
2020-10-20,1174.9656982421875
2020-10-21,1196.80517578125
2020-10-22,1183.941650390625
2020-10-23,1186.3416748046875
2020-10-26,1162.4381103515625
2020-10-27,1183.7496337890625
2020-10-28,1161.190185546875
2020-10-29,1139.6865234375
2020-10-30,1136.1827392578125
2020-11-02,1166.6138916015625
2020-11-03,1198.0052490234375
2020-11-04,1207.0770263671875
2020-11-05,1218.40478515625
2020-11-06,1255.31591796875
2020-11-09,1286.8992919921875
2020-11-10,1337.874267578125
2020-11-11,1334.3221435546875
2020-11-12,1316.802490234375
2020-11-13,1304.4188232421875
2020-11-14,1314.882568359375
2020-11-17,1352.081787109375
2020-11-18,1352.3218994140625
2020-11-19,1319.3465576171875
2020-11-20,1347.4739990234375
2020-11-23,1338.7861328125
2020-11-24,1380.6412353515625
2020-11-25,1346.6580810546875
2020-11-26,1369.553466796875
2020-11-27,1383.1851806640625
2020-12-01,1375.9373779296875
2020-12-02,1350.641845703125
2020-12-03,1322.0823974609375
2020-12-04,1330.146240234375
2020-12-07,1317.3304443359375
2020-12-08,1321.218505859375
2020-12-09,1350.8818359375
2020-12-10,1330.3863525390625
2020-12-11,1327.4583740234375
2020-12-14,1317.234619140625
2020-12-15,1335.6182861328125
2020-12-16,1354.2418212890625
2020-12-17,1384.09716796875
2020-12-18,1354.86572265625
2020-12-21,1317.7147216796875
2020-12-22,1318.1466064453125
2020-12-23,1320.594482421875
2020-12-24,1341.18603515625
2020-12-28,1356.3057861328125
2020-12-29,1370.08154296875
