Date,ICICIBANK.NS
2008-01-01,178.72715759277344
2008-01-02,184.32708740234375
2008-01-03,178.75619506835938
2008-01-04,187.09803771972656
2008-01-07,198.1888885498047
2008-01-08,194.90164184570312
2008-01-09,190.24710083007812
2008-01-10,197.2580108642578
2008-01-11,208.7270965576172
2008-01-14,205.0907440185547
2008-01-15,196.68348693847656
2008-01-16,199.0252685546875
2008-01-17,192.30531311035156
2008-01-18,180.3634490966797
2008-01-21,170.64712524414062
2008-01-22,163.6289520263672
2008-01-23,167.48348999023438
2008-01-24,164.63259887695312
2008-01-25,183.461669921875
2008-01-28,185.30165100097656
2008-01-29,177.5198516845703
2008-01-30,172.71253967285156
2008-01-31,166.83621215820312
2008-02-01,174.2762451171875
2008-02-04,176.3271026611328
2008-02-05,173.27984619140625
2008-02-06,167.57077026367188
2008-02-07,160.88711547851562
2008-02-08,156.20352172851562
2008-02-11,150.37802124023438
2008-02-12,155.23622131347656
2008-02-13,160.2616729736328
2008-02-14,168.9962158203125
2008-02-15,173.22166442871094
2008-02-18,175.97080993652344
2008-02-19,177.4834747314453
2008-02-20,169.93438720703125
2008-02-21,166.0071563720703
2008-02-22,159.9707794189453
2008-02-25,161.03262329101562
2008-02-26,162.5962371826172
2008-02-27,162.46530151367188
2008-02-28,160.8507537841797
2008-02-29,158.3271026611328
2008-03-03,149.03262329101562
2008-03-04,141.25079345703125
2008-03-05,139.6580810546875
2008-03-07,129.94898986816406
2008-03-10,126.81441497802734
2008-03-11,124.60353088378906
2008-03-12,128.04348754882812
2008-03-13,121.82536315917969
2008-03-14,127.55625915527344
2008-03-17,110.5380859375
2008-03-18,111.73809051513672
2008-03-19,111.73809051513672
2008-03-24,116.68352508544922
2008-03-25,127.83263397216797
2008-03-26,122.75624084472656
2008-03-27,121.38895416259766
2008-03-28,121.52716064453125
2008-03-31,111.91261291503906
2008-04-01,110.21810150146484
2008-04-02,114.11624145507812
2008-04-03,114.43626403808594
2008-04-04,111.20718383789062
2008-04-07,118.00716400146484
2008-04-08,118.39989471435547
2008-04-09,121.68714904785156
2008-04-10,116.50169372558594
2008-04-11,114.62533569335938
2008-04-15,117.49079895019531
2008-04-16,118.71263122558594
2008-04-17,121.70896911621094
2008-04-21,125.70899200439453
2008-04-22,128.3344268798828
2008-04-23,125.78166198730469
2008-04-24,127.82532501220703
2008-04-25,133.18531799316406
2008-04-28,130.3053436279297
2008-04-29,131.27261352539062
2008-04-30,127.94169616699219
2008-05-02,136.31260681152344
2008-05-05,135.83261108398438
2008-05-06,135.0980682373047
2008-05-07,133.67259216308594
2008-05-08,129.86895751953125
2008-05-09,127.10536193847656
2008-05-12,128.0798797607422
2008-05-13,129.25076293945312
2008-05-14,130.39260864257812
2008-05-15,135.03257751464844
2008-05-16,137.14170837402344
2008-05-20,134.86534118652344
2008-05-21,132.5889434814453
2008-05-22,128.0798797607422
2008-05-23,125.38896179199219
2008-05-26,119.31626892089844
2008-05-27,117.86898040771484
2008-05-28,119.33808898925781
2008-05-29,115.81806182861328
2008-05-30,114.70535278320312
2008-06-02,111.27992248535156
2008-06-03,110.62533569335938
2008-06-04,110.1889877319336
2008-06-05,113.19261932373047
2008-06-06,111.91261291503906
2008-06-09,109.13445281982422
2008-06-10,106.31989288330078
2008-06-11,107.8108139038086
2008-06-12,108.10900115966797
2008-06-13,111.31626892089844
2008-06-16,115.99262237548828
2008-06-17,119.36717224121094
2008-06-18,114.46536254882812
2008-06-19,109.61444091796875
2008-06-20,106.61080169677734
2008-06-23,104.8290023803711
2008-06-24,102.27628326416016
2008-06-25,101.55626678466797
2008-06-26,101.46173095703125
2008-06-27,94.85808563232422
2008-06-30,91.66537475585938
2008-07-01,85.68719482421875
2008-07-02,90.33447265625
2008-07-03,83.18537139892578
2008-07-04,87.7962875366211
2008-07-07,88.0217514038086
2008-07-08,86.4508285522461
2008-07-09,90.42900848388672
2008-07-10,91.34707641601562
2008-07-11,87.60077667236328
2008-07-14,85.72026062011719
2008-07-15,78.3535385131836
2008-07-16,76.96165466308594
2008-07-17,81.71483612060547
2008-07-18,91.42852020263672
2008-07-21,95.20439910888672
2008-07-22,97.98079681396484
2008-07-23,109.38253021240234
2008-07-24,108.12389373779297
2008-07-25,97.24784088134766
2008-07-28,98.23252868652344
2008-07-29,89.98477935791016
2008-07-30,94.19010162353516
2008-07-31,94.36779022216797
2008-08-01,95.12297821044922
2008-08-04,94.83422088623047
2008-08-05,102.77841186523438
2008-08-06,104.6367416381836
2008-08-07,104.82923126220703
2008-08-08,108.3311996459961
2008-08-11,114.18756103515625
2008-08-12,109.67127227783203
2008-08-13,105.2364501953125
2008-08-14,99.7206802368164
2008-08-18,98.46944427490234
2008-08-19,100.34999084472656
2008-08-20,100.51287078857422
2008-08-21,95.31546783447266
2008-08-22,95.44133758544922
2008-08-25,97.30707550048828
2008-08-26,98.6989517211914
2008-08-27,96.24092864990234
2008-08-28,93.66442108154297
2008-08-29,99.49117279052734
2008-09-01,98.46944427490234
2008-09-02,105.73250579833984
2008-09-04,106.11748504638672
2008-09-05,101.69005584716797
2008-09-08,106.68016052246094
2008-09-09,105.44374084472656
2008-09-10,103.80012512207031
2008-09-11,101.66786193847656
2008-09-12,96.66294860839844
2008-09-15,92.81301879882812
2008-09-16,88.25231170654297
2008-09-17,82.92904663085938
2008-09-18,85.46112060546875
2008-09-19,92.91666412353516
2008-09-22,94.13829040527344
2008-09-23,88.71874237060547
2008-09-24,88.85942077636719
2008-09-25,88.28192138671875
2008-09-26,82.98087310791016
2008-09-29,73.04507446289062
2008-09-30,79.30123138427734
2008-10-01,81.57415771484375
2008-10-03,74.68128967285156
2008-10-06,72.56383514404297
2008-10-07,71.82347106933594
2008-10-08,67.1887435913086
2008-10-10,53.84724426269531
2008-10-13,62.95380783081055
2008-10-14,66.56681823730469
2008-10-15,61.32499313354492
2008-10-16,61.62114715576172
2008-10-17,57.93409729003906
2008-10-20,60.910377502441406
2008-10-21,63.827457427978516
2008-10-22,58.7410888671875
2008-10-23,54.165592193603516
2008-10-24,46.376888275146484
2008-10-27,46.806312561035156
2008-10-29,51.137481689453125
2008-10-31,59.044654846191406
2008-11-03,63.77562713623047
2008-11-04,67.78844451904297
2008-11-05,66.75933074951172
2008-11-06,64.17542266845703
2008-11-07,64.0125503540039
2008-11-10,69.86888122558594
2008-11-11,64.31608581542969
2008-11-12,58.82994842529297
2008-11-14,58.62263870239258
2008-11-17,57.223350524902344
2008-11-18,53.33637237548828
2008-11-19,51.566898345947266
2008-11-20,47.86503219604492
2008-11-21,49.4642333984375
2008-11-24,47.76138687133789
2008-11-25,47.54667663574219
2008-11-26,51.95188522338867
2008-11-27,51.95188522338867
2008-11-28,52.070350646972656
2008-12-01,48.20561218261719
2008-12-02,47.887245178222656
2008-12-03,49.57529067993164
2008-12-04,53.899070739746094
2008-12-05,53.069847106933594
2008-12-08,54.787506103515625
2008-12-10,59.23714828491211
2008-12-11,60.132999420166016
2008-12-12,60.85857009887695
2008-12-15,61.998741149902344
2008-12-16,62.339298248291016
2008-12-17,63.9384880065918
2008-12-18,69.89109802246094
2008-12-19,70.00956726074219
2008-12-22,65.99673461914062
2008-12-23,63.20553970336914
2008-12-24,65.29338836669922
2008-12-26,61.79883575439453
2008-12-29,65.89309692382812
2008-12-30,67.90689849853516
2008-12-31,66.35211181640625
2009-01-02,69.78003692626953
2009-01-05,74.02235412597656
2009-01-06,77.50952911376953
2009-01-07,69.2765884399414
2009-01-09,67.61074829101562
2009-01-12,64.85655975341797
2009-01-13,62.99822998046875
2009-01-14,65.31559753417969
2009-01-15,60.51057434082031
2009-01-16,62.746498107910156
2009-01-19,61.09546661376953
2009-01-20,58.6818733215332
2009-01-21,54.69126510620117
2009-01-22,55.979515075683594
2009-01-23,53.876853942871094
2009-01-27,56.4311408996582
2009-01-28,60.421756744384766
2009-01-29,60.72528839111328
2009-01-30,61.63593673706055
2009-02-02,57.0234375
2009-02-03,58.04514694213867
2009-02-04,57.7045783996582
2009-02-05,57.83043670654297
2009-02-06,60.281063079833984
2009-02-09,63.42765426635742
2009-02-10,63.47948455810547
2009-02-11,64.44195556640625
2009-02-12,62.39853286743164
2009-02-13,64.3235092163086
2009-02-16,60.56242752075195
2009-02-17,57.112281799316406
2009-02-18,54.713470458984375
2009-02-19,53.52888488769531
2009-02-20,49.730770111083984
2009-02-24,49.74558639526367
2009-02-25,50.43412399291992
2009-02-26,48.10195541381836
2009-02-27,48.501747131347656
2009-03-02,45.07383346557617
2009-03-03,43.770774841308594
2009-03-04,42.18638610839844
2009-03-05,39.98747634887695
2009-03-06,39.854217529296875
2009-03-09,38.9361572265625
2009-03-12,42.07533264160156
2009-03-13,45.70314407348633
2009-03-16,47.79840087890625
2009-03-17,47.887245178222656
2009-03-18,49.553077697753906
2009-03-19,50.034332275390625
2009-03-20,47.83541488647461
2009-03-23,51.35219192504883
2009-03-24,52.633026123046875
2009-03-25,54.12858963012695
2009-03-26,55.53529739379883
2009-03-27,57.038246154785156
2009-03-30,50.063941955566406
2009-03-31,49.279144287109375
2009-04-01,51.729774475097656
2009-04-02,53.41041564941406
2009-04-06,55.49826431274414
2009-04-08,55.73519515991211
2009-04-09,58.90398025512695
2009-04-13,61.68777847290039
2009-04-15,65.58214569091797
2009-04-16,63.30918884277344
2009-04-17,65.2785873413086
2009-04-20,63.17592239379883
2009-04-21,59.044654846191406
2009-04-22,59.23714828491211
2009-04-23,62.84275817871094
2009-04-24,64.27909088134766
2009-04-27,69.23216247558594
2009-04-28,65.03426361083984
2009-04-29,70.95722198486328
2009-04-30,71.22377014160156
2009-05-04,78.464599609375
2009-05-05,84.26911926269531
2009-05-06,79.90093231201172
2009-05-07,81.33723449707031
2009-05-08,77.10972595214844
2009-05-11,77.49470520019531
2009-05-12,82.64031219482422
2009-05-13,81.61119079589844
2009-05-14,79.40486145019531
2009-05-15,85.09833526611328
2009-05-18,104.70337677001953
2009-05-19,111.96642303466797
2009-05-20,104.96990966796875
2009-05-21,99.66146087646484
2009-05-22,104.04446411132812
2009-05-25,104.34058380126953
2009-05-26,98.6175308227539
2009-05-27,105.1698226928711
2009-05-28,108.13868713378906
2009-05-29,109.59724426269531
2009-06-01,106.99111938476562
2009-06-02,108.43484497070312
2009-06-03,106.5321044921875
2009-06-04,108.61253356933594
2009-06-05,111.75911712646484
2009-06-08,107.30209350585938
2009-06-09,109.25667572021484
2009-06-10,110.71520233154297
2009-06-11,112.7590560913086
2009-06-12,111.5793228149414
2009-06-15,110.4221420288086
2009-06-16,110.36951446533203
2009-06-17,108.5736312866211
2009-06-18,105.68814849853516
2009-06-19,107.31124114990234
2009-06-22,109.85855865478516
2009-06-23,104.7789306640625
2009-06-24,103.60669708251953
2009-06-25,105.1997299194336
2009-06-26,113.63825225830078
2009-06-29,112.51860809326172
2009-06-30,108.53607177734375
2009-07-01,109.68574523925781
2009-07-02,110.23428344726562
2009-07-03,113.45790100097656
2009-07-06,102.14894104003906
2009-07-07,104.42576599121094
2009-07-08,98.1513442993164
2009-07-09,95.49130249023438
2009-07-10,94.50691986083984
2009-07-13,95.12309265136719
2009-07-14,102.118896484375
2009-07-15,104.65869903564453
2009-07-16,104.27547454833984
2009-07-17,111.63945770263672
2009-07-20,117.9364013671875
2009-07-21,116.1254653930664
2009-07-22,114.14920806884766
2009-07-23,116.58382415771484
2009-07-24,115.35150909423828
2009-07-27,113.9012451171875
2009-07-28,111.26372528076172
2009-07-29,110.12156677246094
2009-07-30,113.79606628417969
2009-07-31,113.99143981933594
2009-08-03,116.28328704833984
2009-08-04,114.7503662109375
2009-08-05,116.23067474365234
2009-08-06,115.14111328125
2009-08-07,110.92559051513672
2009-08-10,108.01004791259766
2009-08-11,107.76959991455078
2009-08-12,106.72513580322266
2009-08-13,113.79606628417969
2009-08-14,111.94001770019531
2009-08-17,105.94363403320312
2009-08-18,108.21295166015625
2009-08-19,107.68695068359375
2009-08-20,108.13780212402344
2009-08-21,112.02267456054688
2009-08-24,115.4115982055664
2009-08-25,114.09659576416016
2009-08-26,114.50238037109375
2009-08-27,112.7966537475586
2009-08-28,114.75785827636719
2009-08-31,112.88681030273438
2009-09-01,111.93251037597656
2009-09-02,110.6250228881836
2009-09-03,110.60249328613281
2009-09-04,111.7972412109375
2009-09-07,118.55259704589844
2009-09-08,118.7178955078125
2009-09-09,119.16122436523438
2009-09-10,122.72299194335938
2009-09-11,125.51077270507812
2009-09-14,123.9252700805664
2009-09-15,126.9009017944336
2009-09-16,129.92164611816406
2009-09-17,130.89852905273438
2009-09-18,126.6153564453125
2009-09-22,128.04312133789062
2009-09-23,127.0211410522461
2009-09-24,129.31300354003906
2009-09-25,126.08942413330078
2009-09-29,130.19970703125
2009-09-30,136.39895629882812
2009-10-01,139.25436401367188
2009-10-05,137.12033081054688
2009-10-06,140.99769592285156
2009-10-07,138.0220489501953
2009-10-08,138.70582580566406
2009-10-09,135.52731323242188
2009-10-12,138.2925567626953
2009-10-13,138.4127655029297
2009-10-14,138.4127655029297
2009-10-15,140.65956115722656
2009-10-16,144.13865661621094
2009-10-20,141.93699645996094
2009-10-21,139.63009643554688
2009-10-22,133.96432495117188
2009-10-23,135.81285095214844
2009-10-26,133.8816680908203
2009-10-27,125.40557861328125
2009-10-28,121.6484603881836
2009-10-29,115.98269653320312
2009-10-30,118.84561920166016
2009-11-03,118.16935729980469
2009-11-04,124.3986587524414
2009-11-05,126.93851470947266
2009-11-06,127.52462005615234
2009-11-09,133.52850341796875
2009-11-10,134.7383270263672
2009-11-11,138.93878173828125
2009-11-12,134.14468383789062
2009-11-13,136.6018829345703
2009-11-16,138.1573028564453
2009-11-17,138.34510803222656
2009-11-18,136.08335876464844
2009-11-19,133.2204132080078
2009-11-20,134.805908203125
2009-11-23,137.84921264648438
2009-11-24,136.66197204589844
2009-11-25,135.5348358154297
2009-11-26,130.0719451904297
2009-11-27,127.87779998779297
2009-11-30,130.42514038085938
2009-12-01,133.3331298828125
2009-12-02,134.28746032714844
2009-12-03,132.8898162841797
2009-12-04,130.96615600585938
2009-12-07,129.35057067871094
2009-12-08,131.11642456054688
2009-12-09,128.53904724121094
2009-12-10,131.64244079589844
2009-12-11,129.92164611816406
2009-12-14,127.84773254394531
2009-12-15,124.08306121826172
2009-12-16,123.62471771240234
2009-12-17,124.10560607910156
2009-12-18,121.63343811035156
2009-12-21,121.8663330078125
2009-12-22,124.09061431884766
2009-12-23,129.63612365722656
2009-12-24,129.98178100585938
2009-12-29,132.28114318847656
2009-12-30,132.2210235595703
2009-12-31,131.80023193359375
2010-01-04,132.2060089111328
2010-01-05,133.4608917236328
2010-01-06,134.4828338623047
2010-01-07,133.21292114257812
2010-01-08,131.34185791015625
2010-01-11,130.65805053710938
2010-01-12,126.65296173095703
2010-01-13,126.33735656738281
2010-01-14,125.5333251953125
2010-01-15,126.6078872680664
2010-01-18,129.7488250732422
2010-01-19,130.0719451904297
2010-01-20,131.9429931640625
2010-01-21,128.1483154296875
2010-01-22,126.3448486328125
2010-01-25,124.8570556640625
2010-01-27,118.31964111328125
2010-01-28,118.43233489990234
2010-01-29,124.78941345214844
2010-02-01,125.60844421386719
2010-02-02,123.08369445800781
2010-02-03,126.1570053100586
2010-02-04,124.55645751953125
2010-02-05,119.95023345947266
2010-02-08,121.03230285644531
2010-02-09,122.09181213378906
2010-02-10,120.19822692871094
2010-02-11,124.14319610595703
2010-02-15,122.8357162475586
2010-02-16,125.10501098632812
2010-02-17,126.38243103027344
2010-02-18,126.2471923828125
2010-02-19,125.27033233642578
2010-02-22,124.97728729248047
2010-02-23,127.40441131591797
2010-02-24,126.41246032714844
2010-02-25,127.98299407958984
2010-02-26,131.07135009765625
2010-03-02,134.82847595214844
2010-03-03,136.51165771484375
2010-03-04,135.01638793945312
2010-03-05,135.519775390625
2010-03-08,138.82608032226562
2010-03-09,139.03648376464844
2010-03-10,137.93186950683594
2010-03-11,139.89306640625
2010-03-12,140.76475524902344
2010-03-15,138.82608032226562
2010-03-16,139.8404998779297
2010-03-17,142.5531463623047
2010-03-18,144.8224639892578
2010-03-19,143.7554473876953
2010-03-22,140.55438232421875
2010-03-23,139.0890655517578
2010-03-25,140.34396362304688
2010-03-26,142.39532470703125
2010-03-29,143.16177368164062
2010-03-30,144.24388122558594
2010-03-31,143.1468048095703
2010-04-01,143.16932678222656
2010-04-05,148.08360290527344
2010-04-06,149.95472717285156
2010-04-07,148.38421630859375
2010-04-08,144.43922424316406
2010-04-09,147.0241241455078
2010-04-12,144.9727325439453
2010-04-13,141.5988311767578
2010-04-15,137.9619140625
2010-04-16,138.63070678710938
2010-04-19,138.23243713378906
2010-04-20,140.21621704101562
2010-04-21,143.0565948486328
2010-04-22,141.8468017578125
2010-04-23,146.9339599609375
2010-04-26,144.2964630126953
2010-04-27,142.31268310546875
2010-04-28,138.1798553466797
2010-04-29,142.32769775390625
2010-04-30,143.06411743164062
2010-05-03,140.80230712890625
2010-05-04,137.54112243652344
2010-05-05,135.80532836914062
2010-05-06,135.68511962890625
2010-05-07,131.7401123046875
2010-05-10,138.57810974121094
2010-05-11,137.7515411376953
2010-05-12,137.47348022460938
2010-05-13,139.31446838378906
2010-05-14,136.91744995117188
2010-05-17,135.42208862304688
2010-05-18,133.63372802734375
2010-05-19,123.90272521972656
2010-05-20,124.98479461669922
2010-05-21,125.45817565917969
2010-05-24,125.05239868164062
2010-05-25,121.63343811035156
2010-05-26,127.40441131591797
2010-05-27,128.7644500732422
2010-05-28,129.959228515625
2010-05-31,130.4927520751953
2010-06-01,125.93160247802734
2010-06-02,126.58531188964844
2010-06-03,128.3586883544922
2010-06-04,130.1245574951172
2010-06-07,126.53272247314453
2010-06-08,122.8582534790039
2010-06-09,123.91779327392578
2010-06-10,126.4341049194336
2010-06-11,129.01904296875
2010-06-14,130.18569946289062
2010-06-15,131.16937255859375
2010-06-16,133.70852661132812
2010-06-17,134.7913360595703
2010-06-18,132.57240295410156
2010-06-21,137.22381591796875
2010-06-22,135.9732208251953
2010-06-23,137.3153076171875
2010-06-24,135.07347106933594
2010-06-25,130.62796020507812
2010-06-28,132.70204162597656
2010-06-29,129.3697967529297
2010-06-30,131.4133758544922
2010-07-01,128.32513427734375
2010-07-02,128.1116485595703
2010-07-05,128.19552612304688
2010-07-06,130.97108459472656
2010-07-07,129.04954528808594
2010-07-08,131.5048828125
2010-07-09,133.5789337158203
2010-07-12,136.25540161132812
2010-07-13,137.17039489746094
2010-07-14,135.91990661621094
2010-07-15,134.48635864257812
2010-07-16,137.62033081054688
2010-07-19,137.2619171142578
2010-07-20,135.2489013671875
2010-07-21,137.6508026123047
2010-07-22,138.58108520507812
2010-07-23,139.2140350341797
2010-07-26,139.80111694335938
2010-07-27,140.9449005126953
2010-07-28,138.60397338867188
2010-07-29,141.6312255859375
2010-07-30,138.0015869140625
2010-08-02,143.28582763671875
2010-08-03,146.7095947265625
2010-08-04,147.81524658203125
2010-08-05,145.70309448242188
2010-08-06,144.84902954101562
2010-08-09,149.46994018554688
2010-08-10,150.81201171875
2010-08-11,148.21177673339844
2010-08-12,146.90785217285156
2010-08-13,148.9056854248047
2010-08-16,145.9623260498047
2010-08-17,146.23683166503906
2010-08-18,147.609375
2010-08-19,154.4873504638672
2010-08-20,151.5897216796875
2010-08-23,154.25857543945312
2010-08-24,152.76405334472656
2010-08-25,150.11045837402344
2010-08-26,149.99607849121094
2010-08-27,146.01571655273438
2010-08-30,147.609375
2010-08-31,149.1039276123047
2010-09-01,151.7422332763672
2010-09-02,153.09954833984375
2010-09-03,152.6572723388672
2010-09-06,158.52108764648438
2010-09-07,158.39151000976562
2010-09-08,156.71389770507812
2010-09-09,160.16049194335938
2010-09-13,167.4502716064453
2010-09-14,167.7781524658203
2010-09-15,168.35003662109375
2010-09-16,168.29661560058594
2010-09-17,169.9208221435547
2010-09-20,171.98724365234375
2010-09-21,171.89576721191406
2010-09-22,171.73562622070312
2010-09-23,167.7934112548828
2010-09-24,169.9055938720703
2010-09-27,170.05809020996094
2010-09-28,169.38702392578125
2010-09-29,168.05264282226562
2010-09-30,169.73019409179688
2010-10-01,173.12342834472656
2010-10-04,176.3184051513672
2010-10-05,175.02978515625
2010-10-06,175.25088500976562
2010-10-07,173.4894256591797
2010-10-08,171.75086975097656
2010-10-11,172.7269287109375
2010-10-12,173.6571807861328
2010-10-13,176.70729064941406
2010-10-14,173.8096923828125
2010-10-15,171.51451110839844
2010-10-18,170.21823120117188
2010-10-19,170.73672485351562
2010-10-20,169.8750762939453
2010-10-21,172.26939392089844
2010-10-22,172.612548828125
2010-10-25,174.1757049560547
2010-10-26,172.50579833984375
2010-10-27,168.78466796875
2010-10-28,166.08534240722656
2010-10-29,177.36306762695312
2010-11-01,187.88589477539062
2010-11-02,187.78677368164062
2010-11-03,188.90005493164062
2010-11-04,193.0786590576172
2010-11-08,191.43923950195312
2010-11-09,193.55148315429688
2010-11-10,191.42401123046875
2010-11-11,188.66366577148438
2010-11-12,183.07435607910156
2010-11-15,186.54385375976562
2010-11-16,183.35650634765625
2010-11-18,177.57656860351562
2010-11-19,175.18226623535156
2010-11-22,179.96328735351562
2010-11-23,176.44041442871094
2010-11-24,171.58309936523438
2010-11-25,170.23342895507812
2010-11-26,171.43829345703125
2010-11-29,176.0363006591797
2010-11-30,174.1757049560547
2010-12-01,178.04173278808594
2010-12-02,181.6560821533203
2010-12-03,180.17678833007812
2010-12-06,175.56350708007812
2010-12-07,169.3565673828125
2010-12-08,168.42630004882812
2010-12-09,161.3957977294922
2010-12-10,170.36309814453125
2010-12-13,170.86634826660156
2010-12-14,170.72911071777344
2010-12-15,164.50692749023438
2010-12-16,168.63218688964844
2010-12-20,167.76292419433594
2010-12-21,173.60379028320312
2010-12-22,172.5972900390625
2010-12-23,172.2770538330078
2010-12-24,170.52320861816406
2010-12-27,171.65176391601562
2010-12-28,169.5624542236328
2010-12-29,172.24649047851562
2010-12-30,173.3750762939453
2010-12-31,174.6332244873047
2011-01-03,174.59510803222656
2011-01-04,168.37290954589844
2011-01-05,163.08099365234375
2011-01-06,160.6561737060547
2011-01-07,160.0080108642578
2011-01-10,154.63987731933594
2011-01-11,156.00473022460938
2011-01-12,163.0962371826172
2011-01-13,156.46994018554688
2011-01-14,153.9078369140625
2011-01-17,152.68017578125
2011-01-18,154.25096130371094
2011-01-19,156.05052185058594
2011-01-20,160.2139434814453
2011-01-21,162.50149536132812
2011-01-24,165.29994201660156
2011-01-25,158.28469848632812
2011-01-27,154.69322204589844
2011-01-28,155.31851196289062
2011-01-31,155.79885864257812
2011-02-01,151.71177673339844
2011-02-02,154.2433319091797
2011-02-03,156.6223907470703
2011-02-04,151.89476013183594
2011-02-07,149.26405334472656
2011-02-08,145.1159210205078
2011-02-09,145.95469665527344
2011-02-10,146.3817138671875
2011-02-11,152.58865356445312
2011-02-14,157.72805786132812
2011-02-15,160.77053833007812
2011-02-16,160.22154235839844
2011-02-17,161.1975555419922
2011-02-18,156.5004425048828
2011-02-21,158.24658203125
2011-02-22,156.63766479492188
2011-02-23,153.43505859375
2011-02-24,145.08543395996094
2011-02-25,150.40786743164062
2011-02-28,148.0592498779297
2011-03-01,156.5004425048828
2011-03-03,155.48623657226562
2011-03-04,154.9982147216797
2011-03-07,154.05270385742188
2011-03-08,155.64637756347656
2011-03-09,157.8805694580078
2011-03-10,154.7237091064453
2011-03-11,153.5570526123047
2011-03-14,155.41763305664062
2011-03-15,151.98626708984375
2011-03-16,156.69102478027344
2011-03-17,154.3119659423828
2011-03-18,152.89366149902344
2011-03-21,153.05380249023438
2011-03-22,153.13768005371094
2011-03-23,158.7422637939453
2011-03-24,160.60279846191406
2011-03-25,166.39797973632812
2011-03-28,167.87725830078125
2011-03-29,167.67901611328125
2011-03-30,169.1430206298828
2011-03-31,170.22584533691406
2011-04-01,168.1975555419922
2011-04-04,170.683349609375
2011-04-05,169.470947265625
2011-04-06,167.8314971923828
2011-04-07,168.36526489257812
2011-04-08,167.49595642089844
2011-04-11,167.8468017578125
2011-04-13,171.85003662109375
2011-04-15,168.0145263671875
2011-04-18,165.3304443359375
2011-04-19,166.23785400390625
2011-04-20,169.63868713378906
2011-04-21,170.57659912109375
2011-04-25,169.68446350097656
2011-04-26,171.02650451660156
2011-04-27,168.79991149902344
2011-04-28,170.424072265625
2011-04-29,169.95896911621094
2011-05-02,167.49595642089844
2011-05-03,162.84461975097656
2011-05-04,161.29669189453125
2011-05-05,157.07992553710938
2011-05-06,165.28468322753906
2011-05-09,165.16265869140625
2011-05-10,164.12562561035156
2011-05-11,164.201904296875
2011-05-12,160.45790100097656
2011-05-13,163.645263671875
2011-05-16,161.3119354248047
2011-05-17,158.56686401367188
2011-05-18,157.42306518554688
2011-05-19,157.09515380859375
2011-05-20,159.093017578125
2011-05-23,153.5570526123047
2011-05-24,155.3719024658203
2011-05-25,153.83921813964844
2011-05-26,156.50802612304688
2011-05-27,162.89796447753906
2011-05-30,164.35440063476562
2011-05-31,165.63543701171875
2011-06-01,165.42193603515625
2011-06-02,162.0538787841797
2011-06-03,161.82212829589844
2011-06-06,163.46751403808594
2011-06-07,163.17396545410156
2011-06-08,162.07704162597656
2011-06-09,161.914794921875
2011-06-10,160.0453643798828
2011-06-13,160.61703491210938
2011-06-14,163.08126831054688
2011-06-15,159.31150817871094
2011-06-16,158.90208435058594
2011-06-17,159.47373962402344
2011-06-20,158.338134765625
2011-06-21,156.66188049316406
2011-06-22,157.41888427734375
2011-06-23,159.16473388671875
2011-06-24,164.40223693847656
2011-06-27,166.76608276367188
2011-06-28,167.36863708496094
2011-06-29,167.97886657714844
2011-06-30,169.1221923828125
2011-07-01,169.153076171875
2011-07-04,169.91012573242188
2011-07-05,169.53158569335938
2011-07-06,166.15579223632812
2011-07-07,168.38059997558594
2011-07-08,163.7996826171875
2011-07-11,162.841796875
2011-07-12,161.7062530517578
2011-07-13,162.841796875
2011-07-14,165.16700744628906
2011-07-15,163.8692169189453
2011-07-18,161.85301208496094
2011-07-19,164.04690551757812
2011-07-20,161.50540161132812
2011-07-21,160.83331298828125
2011-07-22,165.01251220703125
2011-07-25,166.06312561035156
2011-07-26,160.60931396484375
2011-07-27,158.34593200683594
2011-07-28,157.1948699951172
2011-07-29,160.1767120361328
2011-08-01,161.50540161132812
2011-08-02,157.8514862060547
2011-08-03,154.80015563964844
2011-08-04,153.44053649902344
2011-08-05,149.3231658935547
2011-08-08,146.91297912597656
2011-08-09,145.25209045410156
2011-08-10,148.8905487060547
2011-08-11,145.62290954589844
2011-08-12,145.22117614746094
2011-08-16,144.5491180419922
2011-08-17,140.56307983398438
2011-08-18,133.45611572265625
2011-08-19,128.5662078857422
2011-08-22,131.47853088378906
2011-08-23,131.65621948242188
2011-08-24,130.11895751953125
2011-08-25,128.82888793945312
2011-08-26,126.72770690917969
2011-08-29,132.56776428222656
2011-08-30,134.91615295410156
2011-09-02,137.0636444091797
2011-09-05,136.45339965820312
2011-09-06,137.3881378173828
2011-09-07,138.63954162597656
2011-09-08,141.97671508789062
2011-09-09,138.55459594726562
2011-09-12,133.23208618164062
2011-09-13,131.69485473632812
2011-09-14,133.4947509765625
2011-09-15,135.3719024658203
2011-09-16,136.56153869628906
2011-09-19,132.79177856445312
2011-09-20,136.32208251953125
2011-09-21,139.23435974121094
2011-09-22,133.23208618164062
2011-09-23,130.35841369628906
2011-09-26,132.56776428222656
2011-09-27,136.89370727539062
2011-09-28,134.22088623046875
2011-09-29,137.6121368408203
2011-09-30,135.24830627441406
2011-10-03,129.6400146484375
2011-10-04,123.74588012695312
2011-10-05,120.39326477050781
2011-10-07,127.37655639648438
2011-10-10,130.18844604492188
2011-10-11,128.62030029296875
2011-10-12,132.8226776123047
2011-10-13,135.93585205078125
2011-10-14,137.5657958984375
2011-10-17,138.8712921142578
2011-10-18,135.41827392578125
2011-10-19,139.690185546875
2011-10-20,135.65771484375
2011-10-21,134.49899291992188
2011-10-24,134.17453002929688
2011-10-25,135.71180725097656
2011-10-28,144.20150756835938
2011-10-31,143.86163330078125
2011-11-01,138.2764434814453
2011-11-02,136.73147583007812
2011-11-03,135.65771484375
2011-11-04,136.62335205078125
2011-11-08,136.15985107421875
2011-11-09,133.201171875
2011-11-11,126.84355926513672
2011-11-14,126.84355926513672
2011-11-15,122.03093719482422
2011-11-16,121.87643432617188
2011-11-17,120.23101806640625
2011-11-18,118.97956848144531
2011-11-21,113.0313720703125
2011-11-22,115.17118072509766
2011-11-23,112.27433776855469
2011-11-24,112.79963684082031
2011-11-25,110.96109771728516
2011-11-28,115.85096740722656
2011-11-29,113.39443969726562
2011-11-30,110.0727310180664
2011-12-01,117.75131225585938
2011-12-02,121.69877624511719
2011-12-05,120.4395751953125
2011-12-07,118.6319351196289
2011-12-08,114.9935302734375
2011-12-09,112.96184539794922
2011-12-12,109.24615478515625
2011-12-13,109.14572143554688
2011-12-14,108.82899475097656
2011-12-15,107.93291473388672
2011-12-16,104.44124603271484
2011-12-19,101.5366439819336
2011-12-20,100.9495849609375
2011-12-21,108.51227569580078
2011-12-22,112.49833679199219
2011-12-23,111.50955200195312
2011-12-26,112.72238159179688
2011-12-27,112.181640625
2011-12-28,107.73979949951172
2011-12-29,105.97850036621094
2011-12-30,105.77764129638672
2012-01-02,107.6161880493164
2012-01-03,112.1352767944336
2012-01-04,114.80809020996094
2012-01-05,115.58060455322266
2012-01-06,116.13680267333984
2012-01-09,115.53425598144531
2012-01-10,119.65937042236328
2012-01-11,120.53227996826172
2012-01-12,120.72538757324219
2012-01-13,121.96913146972656
2012-01-16,122.30130767822266
2012-01-17,121.36658477783203
2012-01-18,118.91004180908203
2012-01-19,123.16647338867188
2012-01-20,130.1575927734375
2012-01-23,132.36692810058594
2012-01-24,137.20274353027344
2012-01-25,135.96673583984375
2012-01-27,137.18727111816406
2012-01-30,131.6638946533203
2012-01-31,139.38116455078125
2012-02-01,137.48855590820312
2012-02-02,139.4120330810547
2012-02-03,141.56732177734375
2012-02-06,143.38265991210938
2012-02-07,144.8813018798828
2012-02-08,142.20846557617188
2012-02-09,145.19801330566406
2012-02-10,143.75347900390625
2012-02-13,144.40235900878906
2012-02-14,145.8005828857422
2012-02-15,151.58653259277344
2012-02-16,149.6785125732422
2012-02-17,151.6560821533203
2012-02-21,153.1547393798828
2012-02-22,147.96356201171875
2012-02-23,145.8391876220703
2012-02-24,143.93887329101562
2012-02-27,137.11001586914062
2012-02-28,140.71759033203125
2012-02-29,140.02230834960938
2012-03-01,136.49977111816406
2012-03-02,139.4661407470703
2012-03-05,134.46810913085938
2012-03-06,131.82614135742188
2012-03-07,132.8922119140625
2012-03-09,141.2428741455078
2012-03-12,143.521728515625
2012-03-13,143.66079711914062
2012-03-14,147.37644958496094
2012-03-15,143.71485900878906
2012-03-16,141.78359985351562
2012-03-19,140.26950073242188
2012-03-20,140.37767028808594
2012-03-21,144.30967712402344
2012-03-22,138.9949188232422
2012-03-23,140.6790008544922
2012-03-26,134.80029296875
2012-03-27,135.6345672607422
2012-03-28,132.76861572265625
2012-03-29,132.21240234375
2012-03-30,137.5348663330078
2012-04-02,137.573486328125
2012-04-03,140.31588745117188
2012-04-04,137.5426025390625
2012-04-09,133.95823669433594
2012-04-10,133.45611572265625
2012-04-11,133.5951690673828
2012-04-12,135.85855102539062
2012-04-13,133.6415252685547
2012-04-16,134.97024536132812
2012-04-17,136.80101013183594
2012-04-18,136.15211486816406
2012-04-19,135.62686157226562
2012-04-20,133.03126525878906
2012-04-23,130.38162231445312
2012-04-24,130.98411560058594
2012-04-25,129.5318603515625
2012-04-26,130.00306701660156
2012-04-27,133.00035095214844
2012-04-30,136.32208251953125
2012-05-02,136.27574157714844
2012-05-03,132.490478515625
2012-05-04,128.75164794921875
2012-05-07,131.05364990234375
2012-05-08,128.2572479248047
2012-05-09,126.99030303955078
2012-05-10,125.78524780273438
2012-05-11,125.63849639892578
2012-05-14,123.707275390625
2012-05-15,126.2024154663086
2012-05-16,122.73389434814453
2012-05-17,121.66014099121094
2012-05-18,124.4024887084961
2012-05-21,125.31401824951172
2012-05-22,123.72269439697266
2012-05-23,122.56393432617188
2012-05-24,126.78176879882812
2012-05-25,125.85478210449219
2012-05-28,128.91384887695312
2012-05-29,129.57818603515625
2012-05-30,126.26421356201172
2012-05-31,123.50476837158203
2012-06-01,123.26036834716797
2012-06-04,124.38778686523438
2012-06-05,124.89234161376953
2012-06-06,127.47047424316406
2012-06-07,130.8843231201172
2012-06-08,130.74237060546875
2012-06-11,130.3639373779297
2012-06-12,132.30340576171875
2012-06-13,133.92758178710938
2012-06-14,129.1182403564453
2012-06-15,133.35203552246094
2012-06-18,128.75558471679688
2012-06-19,130.371826171875
2012-06-20,131.3494415283203
2012-06-21,133.97486877441406
2012-06-22,134.29812622070312
2012-06-25,133.5412139892578
2012-06-26,133.0997314453125
2012-06-27,134.4242706298828
2012-06-28,135.12594604492188
2012-06-29,141.83535766601562
2012-07-02,141.03115844726562
2012-07-03,142.16647338867188
2012-07-04,142.35568237304688
2012-07-05,145.2018585205078
2012-07-06,147.44883728027344
2012-07-09,146.64463806152344
2012-07-10,148.6787567138672
2012-07-11,147.677490234375
2012-07-12,146.30563354492188
2012-07-13,146.0218048095703
2012-07-16,145.08358764648438
2012-07-17,145.52511596679688
2012-07-18,148.0953369140625
2012-07-19,149.93231201171875
2012-07-20,147.4567108154297
2012-07-23,143.96408081054688
2012-07-24,144.49229431152344
2012-07-25,144.7445526123047
2012-07-26,142.97853088378906
2012-07-27,146.36868286132812
2012-07-30,152.08468627929688
2012-07-31,151.5958709716797
2012-08-01,151.3120574951172
2012-08-02,151.20169067382812
2012-08-03,148.2135772705078
2012-08-06,150.4290008544922
2012-08-07,153.6299591064453
2012-08-08,151.09918212890625
2012-08-09,150.2161407470703
2012-08-10,150.54730224609375
2012-08-13,149.63272094726562
2012-08-14,152.92042541503906
2012-08-16,150.80746459960938
2012-08-17,151.7141571044922
2012-08-21,153.7718963623047
2012-08-22,153.55899047851562
2012-08-23,153.55899047851562
2012-08-24,150.48419189453125
2012-08-27,147.47247314453125
2012-08-28,145.4384002685547
2012-08-29,144.5001983642578
2012-08-30,145.0599365234375
2012-08-31,142.25318908691406
2012-09-03,142.35568237304688
2012-09-04,143.9088592529297
2012-09-05,138.70530700683594
2012-09-06,141.35440063476562
2012-09-07,147.8824462890625
2012-09-10,147.32269287109375
2012-09-11,149.1360321044922
2012-09-12,149.6563720703125
2012-09-13,151.28839111328125
2012-09-14,158.94387817382812
2012-09-17,167.24583435058594
2012-09-18,165.41673278808594
2012-09-20,161.2381591796875
2012-09-21,168.01058959960938
2012-09-24,168.86996459960938
2012-09-25,168.23135375976562
2012-09-26,168.01058959960938
2012-09-27,166.41014099121094
2012-09-28,166.95416259765625
2012-10-01,165.66903686523438
2012-10-03,166.0395965576172
2012-10-04,170.8331756591797
2012-10-05,168.1998291015625
2012-10-08,165.91342163085938
2012-10-09,167.79774475097656
2012-10-10,166.2288055419922
2012-10-11,166.82009887695312
2012-10-12,164.73875427246094
2012-10-15,166.1026611328125
2012-10-16,164.502197265625
2012-10-17,165.49560546875
2012-10-18,167.92388916015625
2012-10-19,166.71763610839844
2012-10-22,169.6031951904297
2012-10-23,170.2102813720703
2012-10-25,171.4244384765625
2012-10-29,168.47581481933594
2012-10-30,164.80177307128906
2012-10-31,165.59805297851562
2012-11-01,166.7255096435547
2012-11-02,170.2418212890625
2012-11-05,169.9264373779297
2012-11-06,170.40737915039062
2012-11-07,172.33900451660156
2012-11-08,169.66627502441406
2012-11-09,167.01722717285156
2012-11-12,166.89109802246094
2012-11-15,166.29974365234375
2012-11-16,161.9871826171875
2012-11-19,161.01742553710938
2012-11-20,161.4825439453125
2012-11-21,164.69137573242188
2012-11-22,162.82284545898438
2012-11-23,161.64024353027344
2012-11-26,160.56800842285156
2012-11-27,163.05943298339844
2012-11-29,170.5729522705078
2012-11-30,173.42701721191406
2012-12-03,173.81332397460938
2012-12-04,176.50186157226562
2012-12-05,176.57276916503906
2012-12-06,179.07992553710938
2012-12-07,178.44920349121094
2012-12-10,176.83294677734375
2012-12-11,177.02215576171875
2012-12-12,175.5320587158203
2012-12-13,176.80142211914062
2012-12-14,179.13510131835938
2012-12-17,180.40444946289062
2012-12-18,181.16921997070312
2012-12-19,179.56088256835938
2012-12-20,179.7027587890625
2012-12-21,177.21926879882812
2012-12-24,176.84080505371094
2012-12-26,181.12191772460938
2012-12-27,179.1981658935547
2012-12-28,180.00238037109375
2012-12-31,179.48202514648438
2013-01-01,182.6671905517578
2013-01-02,185.11915588378906
2013-01-03,184.81167602539062
2013-01-04,186.4436798095703
2013-01-07,186.40426635742188
2013-01-08,185.99429321289062
2013-01-09,186.13619995117188
2013-01-10,185.9864044189453
2013-01-11,183.47140502929688
2013-01-14,186.87730407714844
2013-01-15,189.90481567382812
2013-01-16,186.04159545898438
2013-01-17,183.30581665039062
2013-01-18,185.46603393554688
2013-01-21,185.67889404296875
2013-01-22,184.5120849609375
2013-01-23,186.22293090820312
2013-01-24,183.6211700439453
2013-01-25,184.95359802246094
2013-01-28,187.68148803710938
2013-01-29,189.40811157226562
2013-01-30,191.22146606445312
2013-01-31,187.82342529296875
2013-02-01,184.66978454589844
2013-02-04,186.34120178222656
2013-02-05,183.86558532714844
2013-02-06,182.16261291503906
2013-02-07,180.52272033691406
2013-02-08,178.2047882080078
2013-02-11,177.03004455566406
2013-02-12,177.9998016357422
2013-02-13,180.1679229736328
2013-02-14,177.58193969726562
2013-02-15,176.89601135253906
2013-02-18,176.919677734375
2013-02-19,178.40187072753906
2013-02-20,176.84873962402344
2013-02-21,170.2339324951172
2013-02-22,172.27593994140625
2013-02-25,172.48880004882812
2013-02-26,167.7740936279297
2013-02-27,170.79371643066406
2013-02-28,164.05279541015625
2013-03-01,166.5678253173828
2013-03-04,166.9304962158203
2013-03-05,172.4414825439453
2013-03-06,174.76730346679688
2013-03-07,176.1549072265625
2013-03-08,179.64755249023438
2013-03-11,178.48863220214844
2013-03-12,177.09312438964844
2013-03-13,171.19580078125
2013-03-14,175.1300048828125
2013-03-15,168.32598876953125
2013-03-18,165.78729248046875
2013-03-19,162.82284545898438
2013-03-20,157.92681884765625
2013-03-21,163.2564697265625
2013-03-22,162.15269470214844
2013-03-25,159.66920471191406
2013-03-26,160.97796630859375
2013-03-28,164.80966186523438
2013-04-01,165.81094360351562
2013-04-02,165.07772827148438
2013-04-03,162.63363647460938
2013-04-04,159.07005310058594
2013-04-05,157.39071655273438
2013-04-08,155.96368408203125
2013-04-09,156.1134796142578
2013-04-10,158.36045837402344
2013-04-11,164.021240234375
2013-04-12,164.8333282470703
2013-04-15,165.10926818847656
2013-04-16,170.1235809326172
2013-04-17,173.08010864257812
2013-04-18,177.02215576171875
2013-04-22,181.09039306640625
2013-04-23,183.11656188964844
2013-04-25,185.64736938476562
2013-04-26,180.467529296875
2013-04-29,181.83934020996094
2013-04-30,183.4871368408203
2013-05-02,184.75650024414062
2013-05-03,178.17323303222656
2013-05-06,180.1758270263672
2013-05-07,183.53445434570312
2013-05-08,182.58837890625
2013-05-09,181.7526092529297
2013-05-10,183.75521850585938
2013-05-13,181.14559936523438
2013-05-14,180.93270874023438
2013-05-15,187.83917236328125
2013-05-16,190.40150451660156
2013-05-17,194.0203399658203
2013-05-20,190.7642059326172
2013-05-21,190.9534454345703
2013-05-22,190.81150817871094
2013-05-23,184.85107421875
2013-05-24,189.873291015625
2013-05-27,192.2779541015625
2013-05-28,194.25685119628906
2013-05-29,191.56837463378906
2013-05-30,189.62847900390625
2013-05-31,185.0833282470703
2013-06-03,183.59239196777344
2013-06-04,182.47813415527344
2013-06-05,181.86892700195312
2013-06-06,185.10743713378906
2013-06-07,183.03924560546875
2013-06-10,179.2075958251953
2013-06-11,172.5862579345703
2013-06-12,173.34780883789062
2013-06-13,171.35983276367188
2013-06-14,176.6985626220703
2013-06-17,176.5863494873047
2013-06-18,174.90292358398438
2013-06-19,174.22157287597656
2013-06-20,167.72048950195312
2013-06-21,167.51211547851562
2013-06-24,168.20150756835938
2013-06-25,165.5882568359375
2013-06-26,164.51406860351562
2013-06-27,165.21951293945312
2013-06-28,171.66445922851562
2013-07-01,171.20751953125
2013-07-02,173.0031280517578
2013-07-03,170.58224487304688
2013-07-04,170.5341339111328
2013-07-05,168.5862579345703
2013-07-08,164.80264282226562
2013-07-09,165.82870483398438
2013-07-10,166.5020751953125
2013-07-11,169.61231994628906
2013-07-12,170.005126953125
2013-07-15,170.10931396484375
2013-07-16,160.87477111816406
2013-07-17,157.15525817871094
2013-07-18,157.8286895751953
2013-07-19,153.79656982421875
2013-07-22,156.22544860839844
2013-07-23,158.66233825683594
2013-07-24,152.59417724609375
2013-07-25,149.87672424316406
2013-07-26,149.34765625
2013-07-29,148.8747100830078
2013-07-30,148.46588134765625
2013-07-31,145.7404022216797
2013-08-01,146.5660858154297
2013-08-02,142.2213592529297
2013-08-05,144.68231201171875
2013-08-06,138.89471435546875
2013-08-07,139.1992950439453
2013-08-08,140.2895050048828
2013-08-12,139.0068817138672
2013-08-13,143.09512329101562
2013-08-14,145.2434539794922
2013-08-16,137.65219116210938
2013-08-19,130.71829223632812
2013-08-20,133.13111877441406
2013-08-21,132.9948272705078
2013-08-22,133.2433319091797
2013-08-23,136.76242065429688
2013-08-26,133.13914489746094
2013-08-27,128.6741943359375
2013-08-28,127.67219543457031
2013-08-29,129.41165161132812
2013-08-30,128.85855102539062
2013-09-02,132.52191162109375
2013-09-03,125.62007141113281
2013-09-04,131.10305786132812
2013-09-05,143.2794952392578
2013-09-06,153.65228271484375
2013-09-10,155.44790649414062
2013-09-11,155.47195434570312
2013-09-12,152.49798583984375
2013-09-13,151.0150146484375
2013-09-16,155.50401306152344
2013-09-17,154.3015899658203
2013-09-18,156.00904846191406
2013-09-19,166.13333129882812
2013-09-20,158.277587890625
2013-09-23,151.2314453125
2013-09-24,151.47994995117188
2013-09-25,149.9328155517578
2013-09-26,151.68031311035156
2013-09-27,148.0250244140625
2013-09-30,141.66827392578125
2013-10-01,146.01296997070312
2013-10-03,150.357666015625
2013-10-04,149.19537353515625
2013-10-07,146.88673400878906
2013-10-08,150.23745727539062
2013-10-09,152.36972045898438
2013-10-10,151.99298095703125
2013-10-11,159.84872436523438
2013-10-14,159.86476135253906
2013-10-15,156.2415008544922
2013-10-17,154.6943817138672
2013-10-18,161.7405242919922
2013-10-21,161.96499633789062
2013-10-22,161.94894409179688
2013-10-23,164.44996643066406
2013-10-24,163.67237854003906
2013-10-25,163.8808135986328
2013-10-28,162.72650146484375
2013-10-29,172.28968811035156
2013-10-30,176.1935272216797
2013-10-31,179.7126007080078
2013-11-01,181.71658325195312
2013-11-05,175.71255493164062
2013-11-06,173.21151733398438
2013-11-07,168.5702362060547
2013-11-08,168.3217315673828
2013-11-11,166.28562927246094
2013-11-12,162.36575317382812
2013-11-13,162.71043395996094
2013-11-14,168.67445373535156
2013-11-18,172.12937927246094
2013-11-19,173.94898986816406
2013-11-20,168.20150756835938
2013-11-21,165.17140197753906
2013-11-22,163.6162872314453
2013-11-25,172.28164672851562
2013-11-26,167.33572387695312
2013-11-27,167.15939331054688
2013-11-28,166.429931640625
2013-11-29,171.32778930664062
2013-12-02,174.4781036376953
2013-12-03,174.01315307617188
2013-12-04,170.94300842285156
2013-12-05,182.1013946533203
2013-12-06,183.3919677734375
2013-12-09,192.6585693359375
2013-12-10,185.70860290527344
2013-12-11,185.70860290527344
2013-12-12,181.58033752441406
2013-12-13,173.94898986816406
2013-12-16,175.96109008789062
2013-12-17,176.081298828125
2013-12-18,175.68051147460938
2013-12-19,170.5021209716797
2013-12-20,174.38189697265625
2013-12-23,176.0412139892578
2013-12-24,176.1694793701172
2013-12-26,176.2977294921875
2013-12-27,177.9971466064453
2013-12-30,175.8247833251953
2013-12-31,176.15342712402344
2014-01-01,175.9851531982422
2014-01-02,172.44198608398438
2014-01-03,171.03115844726562
2014-01-06,166.86276245117188
2014-01-07,168.3377685546875
2014-01-08,169.0271453857422
2014-01-09,168.4740447998047
2014-01-10,164.2495574951172
2014-01-13,169.1233673095703
2014-01-14,166.16537475585938
2014-01-15,169.6764373779297
2014-01-16,169.7646026611328
2014-01-17,165.86077880859375
2014-01-20,167.37583923339844
2014-01-21,172.83480834960938
2014-01-22,174.4219970703125
2014-01-23,173.05923461914062
2014-01-24,169.6523895263672
2014-01-27,161.89283752441406
2014-01-28,163.3116912841797
2014-01-29,160.546142578125
2014-01-30,156.2415008544922
2014-01-31,158.3497314453125
2014-02-03,154.46994018554688
2014-02-04,155.2955780029297
2014-02-05,154.91082763671875
2014-02-06,153.59617614746094
2014-02-07,153.98095703125
2014-02-10,153.99696350097656
2014-02-11,155.3276824951172
2014-02-12,160.19342041015625
2014-02-13,157.6923828125
2014-02-14,158.469970703125
2014-02-17,161.78860473632812
2014-02-18,166.38180541992188
2014-02-19,165.27561950683594
2014-02-20,161.58021545410156
2014-02-21,164.37782287597656
2014-02-24,166.12530517578125
2014-02-25,165.3076629638672
2014-02-26,166.16537475585938
2014-02-28,167.35179138183594
2014-03-03,165.09927368164062
2014-03-04,171.39991760253906
2014-03-05,176.2576446533203
2014-03-06,181.79678344726562
2014-03-07,192.69061279296875
2014-03-10,191.35997009277344
2014-03-11,192.08944702148438
2014-03-12,194.25375366210938
2014-03-13,195.59242248535156
2014-03-14,194.7908477783203
2014-03-18,193.1074676513672
2014-03-19,193.981201171875
2014-03-20,192.50625610351562
2014-03-21,192.31387329101562
2014-03-24,199.15158081054688
2014-03-25,200.81094360351562
2014-03-26,201.4441680908203
2014-03-27,201.84498596191406
2014-03-28,201.87704467773438
2014-03-31,199.6085205078125
2014-04-01,196.22572326660156
2014-04-02,199.287841796875
2014-04-03,197.79689025878906
2014-04-04,197.26783752441406
2014-04-07,193.8529510498047
2014-04-09,201.97328186035156
2014-04-10,199.97723388671875
2014-04-11,198.1656036376953
2014-04-15,195.50425720214844
2014-04-16,196.00125122070312
2014-04-17,202.46221923828125
2014-04-21,205.53236389160156
2014-04-22,206.79891967773438
2014-04-23,208.34603881835938
2014-04-24,208.34603881835938
2014-04-25,203.68869018554688
2014-04-28,204.4902801513672
2014-04-29,202.4542236328125
2014-04-30,199.34397888183594
2014-05-02,200.78684997558594
2014-05-05,200.79490661621094
2014-05-06,204.50633239746094
2014-05-07,203.7127227783203
2014-05-08,206.6546173095703
2014-05-09,221.01947021484375
2014-05-12,224.24195861816406
2014-05-13,224.57861328125
2014-05-14,225.95738220214844
2014-05-15,223.66477966308594
2014-05-16,234.9193878173828
2014-05-19,235.4163360595703
2014-05-20,232.45042419433594
2014-05-21,230.95138549804688
2014-05-22,232.70689392089844
2014-05-23,234.19789123535156
2014-05-26,233.1958770751953
2014-05-27,232.00148010253906
2014-05-28,233.4604034423828
2014-05-29,230.374267578125
2014-05-30,227.34414672851562
2014-06-02,234.74295043945312
2014-06-03,233.80511474609375
2014-06-04,239.35159301757812
2014-06-05,242.1233673095703
2014-06-06,245.95423889160156
2014-06-09,246.9305877685547
2014-06-10,245.1185760498047
2014-06-11,243.2403564453125
2014-06-12,241.50282287597656
2014-06-13,236.36465454101562
2014-06-16,233.98170471191406
2014-06-17,239.8645477294922
2014-06-18,235.23110961914062
2014-06-19,233.61766052246094
2014-06-20,231.1519775390625
2014-06-23,234.0230712890625
2014-06-24,238.17665100097656
2014-06-25,235.0656280517578
2014-06-26,232.11175537109375
2014-06-27,229.1331024169922
2014-06-30,234.67674255371094
2014-07-01,237.96978759765625
2014-07-02,240.27825927734375
2014-07-03,240.61753845214844
2014-07-04,242.07369995117188
2014-07-07,240.1707000732422
2014-07-08,233.52662658691406
2014-07-09,232.177978515625
2014-07-10,229.85293579101562
2014-07-11,224.49136352539062
2014-07-14,222.44766235351562
2014-07-15,230.7796173095703
2014-07-16,241.74278259277344
2014-07-17,240.04660034179688
2014-07-18,244.98619079589844
2014-07-21,245.34193420410156
2014-07-22,245.44956970214844
2014-07-23,249.21424865722656
2014-07-24,249.28038024902344
2014-07-25,244.19186401367188
2014-07-28,240.11276245117188
2014-07-30,246.31004333496094
2014-07-31,243.46376037597656
2014-08-01,244.19186401367188
2014-08-04,246.7981719970703
2014-08-05,245.99560546875
2014-08-06,239.4674072265625
2014-08-07,239.09507751464844
2014-08-08,237.82081604003906
2014-08-11,238.44140625
2014-08-12,242.14820861816406
2014-08-13,240.31138610839844
2014-08-14,244.853759765625
2014-08-18,253.30157470703125
2014-08-19,255.32044982910156
2014-08-20,255.29566955566406
2014-08-21,255.65963745117188
2014-08-22,254.76609802246094
2014-08-25,250.58770751953125
2014-08-26,249.55343627929688
2014-08-27,254.8902587890625
2014-08-28,257.6205749511719
2014-09-01,264.4880676269531
2014-09-02,263.2966003417969
2014-09-03,261.5921630859375
2014-09-04,260.0780334472656
2014-09-05,256.0072021484375
2014-09-08,259.44091796875
2014-09-09,255.7920684814453
2014-09-10,259.82147216796875
2014-09-11,259.11822509765625
2014-09-12,258.87823486328125
2014-09-15,257.0496826171875
2014-09-16,252.48243713378906
2014-09-17,253.14437866210938
2014-09-18,258.9776611328125
2014-09-19,260.1690673828125
2014-09-22,261.2695007324219
2014-09-23,254.59231567382812
2014-09-24,250.9351806640625
2014-09-25,242.47915649414062
2014-09-26,244.57244873046875
2014-09-29,241.35386657714844
2014-09-30,237.22512817382812
2014-10-01,236.4473876953125
2014-10-07,236.57974243164062
2014-10-08,239.7073516845703
2014-10-09,246.30174255371094
2014-10-10,241.4283447265625
2014-10-13,244.5642547607422
2014-10-14,244.58900451660156
2014-10-15,244.58900451660156
2014-10-16,241.69308471679688
2014-10-17,249.08184814453125
2014-10-20,254.32757568359375
2014-10-21,261.8073425292969
2014-10-22,259.9704284667969
2014-10-27,260.3096923828125
2014-10-28,264.97625732421875
2014-10-29,265.73748779296875
2014-10-30,267.0943908691406
2014-10-31,269.179443359375
2014-11-03,272.3318786621094
2014-11-05,276.5765075683594
2014-11-07,278.78564453125
2014-11-10,275.8566589355469
2014-11-11,278.9262390136719
2014-11-12,282.6330871582031
2014-11-13,280.076416015625
2014-11-14,280.04327392578125
2014-11-17,276.9902038574219
2014-11-18,278.20648193359375
2014-11-19,278.48779296875
2014-11-20,279.3234558105469
2014-11-21,286.3977966308594
2014-11-24,293.4472961425781
2014-11-25,287.4817199707031
2014-11-26,283.0384826660156
2014-11-27,285.1566467285156
2014-11-28,290.31964111328125
2014-12-01,290.9402160644531
2014-12-02,292.9839172363281
2014-12-03,296.8892822265625
2014-12-04,299.6859130859375
2014-12-05,297.7001037597656
2014-12-08,292.73565673828125
2014-12-09,289.9224853515625
2014-12-10,291.2877502441406
2014-12-11,287.8953857421875
2014-12-12,286.5302429199219
2014-12-15,285.661376953125
2014-12-16,273.6226501464844
2014-12-17,274.98785400390625
2014-12-18,286.0750732421875
2014-12-19,294.5559997558594
2014-12-22,297.2036437988281
2014-12-23,292.07379150390625
2014-12-24,292.156494140625
2014-12-26,290.3775634765625
2014-12-29,288.8883056640625
2014-12-30,289.7983703613281
2014-12-31,292.156494140625
2015-01-01,291.4945983886719
2015-01-02,299.7686767578125
2015-01-05,300.3891906738281
2015-01-06,287.6471862792969
2015-01-07,279.86956787109375
2015-01-08,287.4817199707031
2015-01-09,282.84820556640625
2015-01-12,286.73699951171875
2015-01-13,282.06219482421875
2015-01-14,278.7525939941406
2015-01-15,291.9496154785156
2015-01-16,292.77703857421875
2015-01-19,298.52752685546875
2015-01-20,304.2779541015625
2015-01-21,304.857177734375
2015-01-22,305.97418212890625
2015-01-23,306.7188415527344
2015-01-27,317.30963134765625
2015-01-28,317.7646484375
2015-01-29,314.6618957519531
2015-01-30,298.44482421875
2015-02-02,291.12225341796875
2015-02-03,286.7784118652344
2015-02-04,285.1648864746094
2015-02-05,277.67694091796875
2015-02-06,272.505615234375
2015-02-09,264.8108215332031
2015-02-10,273.91229248046875
2015-02-11,276.9322509765625
2015-02-12,280.6141662597656
2015-02-13,284.5030517578125
2015-02-16,279.70404052734375
2015-02-18,283.30328369140625
2015-02-19,280.1178283691406
2015-02-20,273.8294982910156
2015-02-23,272.2160339355469
2015-02-24,269.7751770019531
2015-02-25,266.837890625
2015-02-26,265.8450622558594
2015-02-27,277.3873291015625
2015-03-02,288.80548095703125
2015-03-03,288.4745788574219
2015-03-04,289.0537109375
2015-03-05,287.7298889160156
2015-03-09,275.3601379394531
2015-03-10,276.0634765625
2015-03-11,275.2360534667969
2015-03-12,279.82818603515625
2015-03-13,273.20892333984375
2015-03-16,274.24322509765625
2015-03-17,277.0563659667969
2015-03-18,277.0150146484375
2015-03-19,273.20892333984375
2015-03-20,263.6109924316406
2015-03-23,259.6395263671875
2015-03-24,258.06744384765625
2015-03-25,262.2044677734375
2015-03-26,254.7991943359375
2015-03-27,260.26007080078125
2015-03-30,263.6938171386719
2015-03-31,261.0461120605469
2015-04-01,267.3757629394531
2015-04-06,265.8036193847656
2015-04-07,262.6181945800781
2015-04-08,260.71514892578125
2015-04-09,265.265869140625
2015-04-10,263.36285400390625
2015-04-13,262.2044677734375
2015-04-15,260.63238525390625
2015-04-16,258.5638427734375
2015-04-17,256.5781555175781
2015-04-20,257.4468994140625
2015-04-21,257.1986389160156
2015-04-22,258.9361572265625
2015-04-23,258.0260925292969
2015-04-24,255.0474090576172
2015-04-27,250.12435913085938
2015-04-28,270.4371337890625
2015-04-29,273.16754150390625
2015-04-30,273.9949645996094
2015-05-04,272.4643249511719
2015-05-05,271.760986328125
2015-05-06,258.2743225097656
2015-05-07,252.02734375
2015-05-08,262.2872314453125
2015-05-11,267.6653137207031
2015-05-12,255.00599670410156
2015-05-13,262.8249816894531
2015-05-14,260.59100341796875
2015-05-15,258.4397888183594
2015-05-18,261.6666564941406
2015-05-19,260.9219665527344
2015-05-20,263.73516845703125
2015-05-21,259.4326171875
2015-05-22,259.47406005859375
2015-05-25,258.2743225097656
2015-05-26,256.2471923828125
2015-05-27,259.1017150878906
2015-05-28,260.21868896484375
2015-05-29,262.4940185546875
2015-06-01,261.8321533203125
2015-06-02,251.94464111328125
2015-06-03,244.70484924316406
2015-06-04,244.1577911376953
2015-06-05,239.10801696777344
2015-06-08,238.30844116210938
2015-06-09,241.63291931152344
2015-06-10,246.17771911621094
2015-06-11,242.81114196777344
2015-06-12,249.081298828125
2015-06-15,251.81668090820312
2015-06-16,254.21533203125
2015-06-17,253.62619018554688
2015-06-18,255.30943298339844
2015-06-19,256.3194274902344
2015-06-22,265.15655517578125
2015-06-23,263.8520202636719
2015-06-24,267.4289855957031
2015-06-25,264.9461364746094
2015-06-26,262.3370666503906
2015-06-29,261.916259765625
2015-06-30,259.2230529785156
2015-07-01,262.7578430175781
2015-07-02,263.4312744140625
2015-07-03,264.7357482910156
2015-07-06,265.2406921386719
2015-07-07,263.0945129394531
2015-07-08,258.84429931640625
2015-07-09,260.4855041503906
2015-07-10,263.5574951171875
2015-07-13,266.2926940917969
2015-07-14,263.8099365234375
2015-07-15,264.8198547363281
2015-07-16,266.88189697265625
2015-07-17,267.17645263671875
2015-07-20,265.7877502441406
2015-07-21,262.1266784667969
2015-07-22,266.6294250488281
2015-07-23,263.3470458984375
2015-07-24,252.994873046875
2015-07-27,244.99942016601562
2015-07-28,239.86550903320312
2015-07-29,243.44239807128906
2015-07-30,244.9152374267578
2015-07-31,254.50990295410156
2015-08-03,263.3470458984375
2015-08-04,264.3149108886719
2015-08-05,262.04248046875
2015-08-06,261.7900390625
2015-08-07,261.0325622558594
2015-08-10,260.56964111328125
2015-08-11,254.3836669921875
2015-08-12,245.46231079101562
2015-08-13,245.67274475097656
2015-08-14,254.67820739746094
2015-08-17,254.9307098388672
2015-08-18,253.415771484375
2015-08-19,256.2773132324219
2015-08-20,251.01705932617188
2015-08-21,249.54421997070312
2015-08-24,227.19886779785156
2015-08-25,238.6029815673828
2015-08-26,234.01609802246094
2015-08-27,237.71929931640625
2015-08-28,238.77133178710938
2015-08-31,233.88986206054688
2015-09-01,228.04049682617188
2015-09-02,222.90652465820312
2015-09-03,224.58982849121094
2015-09-04,216.93093872070312
2015-09-07,209.6508331298828
2015-09-08,219.49794006347656
2015-09-09,222.65406799316406
2015-09-10,225.05271911621094
2015-09-11,225.178955078125
2015-09-14,229.26089477539062
2015-09-15,225.97853088378906
2015-09-16,229.63961791992188
2015-09-18,233.8477783203125
2015-09-21,235.06813049316406
2015-09-22,227.70387268066406
2015-09-23,230.06045532226562
2015-09-24,225.81016540527344
2015-09-28,225.64183044433594
2015-09-29,226.3993377685547
2015-09-30,227.53555297851562
2015-10-01,224.80023193359375
2015-10-05,236.45684814453125
2015-10-06,237.97178649902344
2015-10-07,238.1822052001953
2015-10-08,234.35276794433594
2015-10-09,240.79127502441406
2015-10-12,242.05369567871094
2015-10-13,241.92745971679688
2015-10-14,238.09803771972656
2015-10-15,241.0016632080078
2015-10-16,243.6107177734375
2015-10-19,241.71702575683594
2015-10-20,240.87542724609375
2015-10-21,237.92971801757812
2015-10-23,240.91749572753906
2015-10-26,240.16000366210938
2015-10-27,238.77133178710938
2015-10-28,228.2509307861328
2015-10-29,228.46133422851562
2015-10-30,233.1323699951172
2015-11-02,235.27854919433594
2015-11-03,235.1944122314453
2015-11-04,230.06045532226562
2015-11-05,227.28302001953125
2015-11-06,224.80023193359375
2015-11-09,221.47576904296875
2015-11-10,221.18118286132812
2015-11-13,220.2974853515625
2015-11-16,224.92649841308594
2015-11-17,225.4314422607422
2015-11-18,219.203369140625
2015-11-19,224.2111053466797
2015-11-20,222.99073791503906
2015-11-23,223.8323211669922
2015-11-24,221.6441192626953
2015-11-26,222.191162109375
2015-11-27,227.28302001953125
2015-11-30,230.228759765625
2015-12-01,230.52333068847656
2015-12-02,227.57760620117188
2015-12-03,223.7061004638672
2015-12-04,220.04501342773438
2015-12-07,221.39163208007812
2015-12-08,220.04501342773438
2015-12-09,218.36175537109375
2015-12-10,217.94093322753906
2015-12-11,209.8191375732422
2015-12-14,209.56666564941406
2015-12-15,207.37841796875
2015-12-16,212.1336669921875
2015-12-17,213.0594482421875
2015-12-18,210.49246215820312
2015-12-21,217.30966186523438
2015-12-22,218.44589233398438
2015-12-23,220.3816375732422
2015-12-24,217.0992889404297
2015-12-28,222.23324584960938
2015-12-29,222.8223876953125
2015-12-30,220.8024444580078
2015-12-31,219.96084594726562
2016-01-01,221.34954833984375
2016-01-04,215.07936096191406
2016-01-05,216.0472412109375
2016-01-06,210.49246215820312
2016-01-07,207.67298889160156
2016-01-08,206.24220275878906
2016-01-11,201.52908325195312
2016-01-12,199.25665283203125
2016-01-13,201.57115173339844
2016-01-14,198.41502380371094
2016-01-15,188.9045867919922
2016-01-18,187.7683563232422
2016-01-19,192.5236053466797
2016-01-20,188.8624725341797
2016-01-21,190.4615936279297
2016-01-22,195.89013671875
2016-01-25,198.6675262451172
2016-01-27,199.71954345703125
2016-01-28,196.26889038085938
2016-01-29,193.70187377929688
2016-02-01,182.80271911621094
2016-02-02,177.07962036132812
2016-02-03,171.73526000976562
2016-02-04,171.65109252929688
2016-02-05,176.2379913330078
2016-02-08,175.52261352539062
2016-02-09,176.2379913330078
2016-02-10,174.428466796875
2016-02-11,167.69541931152344
2016-02-12,162.89805603027344
2016-02-15,171.2723846435547
2016-02-16,165.465087890625
2016-02-17,160.54153442382812
2016-02-18,165.08636474609375
2016-02-19,167.31666564941406
2016-02-22,167.02210998535156
2016-02-23,161.59359741210938
2016-02-24,157.3854217529297
2016-02-25,154.0188751220703
2016-02-26,155.5338134765625
2016-02-29,159.952392578125
2016-03-01,172.4927215576172
2016-03-02,185.1593017578125
2016-03-03,183.47604370117188
2016-03-04,185.5801239013672
2016-03-08,182.5081329345703
2016-03-09,182.08734130859375
2016-03-10,181.3719482421875
2016-03-11,179.98326110839844
2016-03-14,186.5480194091797
2016-03-15,186.29550170898438
2016-03-16,190.54574584960938
2016-03-17,191.6819610595703
2016-03-18,193.7439727783203
2016-03-21,197.65756225585938
2016-03-22,196.6055145263672
2016-03-23,197.11050415039062
2016-03-28,189.7462158203125
2016-03-29,188.02085876464844
2016-03-30,199.8878936767578
2016-03-31,199.17250061035156
2016-04-01,200.56117248535156
2016-04-04,200.93991088867188
2016-04-05,189.87245178222656
2016-04-06,187.3054656982422
2016-04-07,185.41180419921875
2016-04-08,186.2113494873047
2016-04-11,189.11495971679688
2016-04-12,192.5236053466797
2016-04-13,202.5390167236328
2016-04-18,199.5933380126953
2016-04-20,200.3507843017578
2016-04-21,212.9752960205078
2016-04-22,212.09158325195312
2016-04-25,212.89111328125
2016-04-26,213.81689453125
2016-04-27,205.8634796142578
2016-04-28,202.0761260986328
2016-04-29,199.42498779296875
2016-05-02,190.84034729003906
2016-05-03,186.08509826660156
2016-05-04,180.4882354736328
2016-05-05,180.6565704345703
2016-05-06,183.9810028076172
2016-05-09,189.61997985839844
2016-05-10,189.78829956054688
2016-05-11,188.48377990722656
2016-05-12,195.090576171875
2016-05-13,190.6299285888672
2016-05-16,188.31541442871094
2016-05-17,190.16702270507812
2016-05-18,190.58782958984375
2016-05-19,189.8303680419922
2016-05-20,185.2434539794922
2016-05-23,186.08509826660156
2016-05-24,188.9887237548828
2016-05-25,197.78382873535156
2016-05-26,202.95986938476562
2016-05-27,204.6431121826172
2016-05-30,205.779296875
2016-05-31,205.90554809570312
2016-06-01,202.03404235839844
2016-06-02,203.12818908691406
2016-06-03,205.14808654785156
2016-06-06,204.93768310546875
2016-06-07,213.8589630126953
2016-06-08,216.84678649902344
2016-06-09,214.23773193359375
2016-06-10,212.59654235839844
2016-06-13,205.14808654785156
2016-06-14,206.1580810546875
2016-06-15,208.6829376220703
2016-06-16,205.3330535888672
2016-06-17,204.81765747070312
2016-06-20,204.51702880859375
2016-06-21,204.30227661132812
2016-06-22,205.29010009765625
2016-06-23,206.922119140625
2016-06-24,198.37548828125
2016-06-27,199.878662109375
2016-06-28,200.26519775390625
2016-06-29,203.2715606689453
2016-06-30,206.62147521972656
2016-07-01,206.44967651367188
2016-07-04,213.14950561523438
2016-07-05,210.52972412109375
2016-07-07,210.31497192382812
2016-07-08,207.82400512695312
2016-07-11,214.60975646972656
2016-07-12,224.78836059570312
2016-07-13,224.31591796875
2016-07-14,230.71514892578125
2016-07-15,228.26712036132812
2016-07-18,226.24855041503906
2016-07-19,231.1875762939453
2016-07-20,229.7703094482422
2016-07-21,224.9601593017578
2016-07-22,226.29151916503906
2016-07-25,230.75808715820312
2016-07-26,224.74539184570312
2016-07-27,232.43304443359375
2016-07-28,233.63555908203125
2016-07-29,225.81910705566406
2016-08-01,214.30909729003906
2016-08-02,210.70152282714844
2016-08-03,207.9528350830078
2016-08-04,206.44967651367188
2016-08-05,211.2598114013672
2016-08-08,210.65853881835938
2016-08-09,210.7444610595703
2016-08-10,205.59071350097656
2016-08-11,208.4682159423828
2016-08-12,211.2598114013672
2016-08-16,213.4930877685547
2016-08-17,212.67709350585938
2016-08-18,217.2295379638672
2016-08-19,218.08848571777344
2016-08-22,216.67123413085938
2016-08-23,214.91038513183594
2016-08-24,213.40721130371094
2016-08-25,212.1187744140625
2016-08-26,210.70152282714844
2016-08-29,215.16802978515625
2016-08-30,220.10704040527344
2016-08-31,221.61021423339844
2016-09-01,224.1441192626953
2016-09-02,224.4447479248047
2016-09-06,234.2368621826172
2016-09-07,238.91812133789062
2016-09-08,237.3720245361328
2016-09-09,235.43939208984375
2016-09-12,230.3715362548828
2016-09-14,233.16314697265625
2016-09-15,232.43304443359375
2016-09-16,229.64146423339844
2016-09-19,233.29200744628906
2016-09-20,233.72146606445312
2016-09-21,231.83175659179688
2016-09-22,236.64190673828125
2016-09-23,232.99136352539062
2016-09-26,225.5184783935547
2016-09-27,223.32814025878906
2016-09-28,223.9723663330078
2016-09-29,215.03921508789062
2016-09-30,216.58529663085938
2016-10-03,220.02114868164062
2016-10-04,221.78199768066406
2016-10-05,219.4198760986328
2016-10-06,215.8123016357422
2016-10-07,215.25396728515625
2016-10-10,214.82444763183594
2016-10-13,207.1368408203125
2016-10-14,207.65220642089844
2016-10-17,222.25442504882812
2016-10-18,232.2183074951172
2016-10-19,227.6658477783203
2016-10-20,238.4457244873047
2016-10-21,238.27392578125
2016-10-24,244.4154510498047
2016-10-25,248.4525604248047
2016-10-26,239.13291931152344
2016-10-27,244.20074462890625
2016-10-28,237.801513671875
2016-11-01,236.51307678222656
2016-11-02,233.54969787597656
2016-11-03,231.7029266357422
2016-11-04,231.74588012695312
2016-11-07,239.3905487060547
2016-11-08,243.255859375
2016-11-09,241.75270080566406
2016-11-10,251.33001708984375
2016-11-11,237.41497802734375
2016-11-15,231.7029266357422
2016-11-16,228.65365600585938
2016-11-17,229.8991241455078
2016-11-18,227.2793426513672
2016-11-21,224.35885620117188
2016-11-22,225.64727783203125
2016-11-23,227.57994079589844
2016-11-24,222.7268524169922
2016-11-25,223.4140167236328
2016-11-28,219.2910614013672
2016-11-29,219.4198760986328
2016-11-30,228.09535217285156
2016-12-01,222.59800720214844
2016-12-02,222.89865112304688
2016-12-05,224.05825805664062
2016-12-06,224.18710327148438
2016-12-07,222.21151733398438
2016-12-08,225.6902618408203
2016-12-09,230.58628845214844
2016-12-12,227.49404907226562
2016-12-13,227.10752868652344
2016-12-14,223.800537109375
2016-12-15,223.5858154296875
2016-12-16,219.54872131347656
2016-12-19,220.83714294433594
2016-12-20,216.1129150390625
2016-12-21,217.53016662597656
2016-12-22,217.2725067138672
2016-12-23,216.32765197753906
2016-12-26,213.14950561523438
2016-12-27,217.7878875732422
2016-12-28,216.2417449951172
2016-12-29,215.68341064453125
2016-12-30,219.2910614013672
2017-01-02,216.41354370117188
2017-01-03,218.5179901123047
2017-01-04,215.68341064453125
2017-01-05,220.96600341796875
2017-01-06,221.73907470703125
2017-01-09,222.21151733398438
2017-01-10,223.49990844726562
2017-01-11,227.365234375
2017-01-12,230.5004119873047
2017-01-13,230.24273681640625
2017-01-16,231.31637573242188
2017-01-17,230.54336547851562
2017-01-18,230.58628845214844
2017-01-19,231.66000366210938
2017-01-20,226.29151916503906
2017-01-23,221.2236785888672
2017-01-24,220.88011169433594
2017-01-25,223.28518676757812
2017-01-27,233.63555908203125
2017-01-30,232.60484313964844
2017-01-31,231.01577758789062
2017-02-01,241.3661651611328
2017-02-02,245.4891357421875
2017-02-03,241.83859252929688
2017-02-06,249.35447692871094
2017-02-07,247.4647216796875
2017-02-08,245.4891357421875
2017-02-09,244.80201721191406
2017-02-10,241.8815460205078
2017-02-13,241.92446899414062
2017-02-14,244.50135803222656
2017-02-15,241.1514129638672
2017-02-16,239.4764862060547
2017-02-17,243.0841064453125
2017-02-20,242.52577209472656
2017-02-21,244.6302032470703
2017-02-22,245.78977966308594
2017-02-23,244.3725128173828
2017-02-27,239.51942443847656
2017-02-28,237.3720245361328
2017-03-01,239.7341766357422
2017-03-02,239.3476104736328
2017-03-03,237.02842712402344
2017-03-06,237.71563720703125
2017-03-07,237.0714111328125
2017-03-08,235.69705200195312
2017-03-09,234.92401123046875
2017-03-10,232.3900909423828
2017-03-14,246.7346649169922
2017-03-15,244.93084716796875
2017-03-16,244.3725128173828
2017-03-17,241.02259826660156
2017-03-20,236.25540161132812
2017-03-21,233.67849731445312
2017-03-22,227.62289428710938
2017-03-23,229.29788208007812
2017-03-24,235.99769592285156
2017-03-27,234.6233673095703
2017-03-28,237.93032836914062
2017-03-29,242.3969268798828
2017-03-30,241.6667938232422
2017-03-31,237.801513671875
2017-04-03,246.26217651367188
2017-04-05,244.67315673828125
2017-04-06,241.23731994628906
2017-04-07,238.23098754882812
2017-04-10,238.4886474609375
2017-04-11,243.64239501953125
2017-04-12,241.19435119628906
2017-04-13,242.9122772216797
2017-04-17,242.56871032714844
2017-04-18,243.4276580810547
2017-04-19,240.97967529296875
2017-04-20,234.27980041503906
2017-04-21,231.1875762939453
2017-04-24,230.75808715820312
2017-04-25,234.0650634765625
2017-04-26,237.84446716308594
2017-04-27,235.48231506347656
2017-04-28,239.21878051757812
2017-05-02,236.72781372070312
2017-05-03,234.27980041503906
2017-05-04,255.79666137695312
2017-05-05,256.4407958984375
2017-05-08,260.2202453613281
2017-05-09,258.20166015625
2017-05-10,256.52667236328125
2017-05-11,257.85809326171875
2017-05-12,254.72288513183594
2017-05-15,259.2324523925781
2017-05-16,259.9624938964844
2017-05-17,266.06109619140625
2017-05-18,264.5149841308594
2017-05-19,263.741943359375
2017-05-22,260.9932556152344
2017-05-23,262.8829650878906
2017-05-24,263.4413146972656
2017-05-25,272.8897705078125
2017-05-26,276.19677734375
2017-05-29,270.4847106933594
2017-05-30,276.0679626464844
2017-05-31,280.40570068359375
2017-06-01,274.9512634277344
2017-06-02,273.2763366699219
2017-06-05,274.6506652832031
2017-06-06,273.9635009765625
2017-06-07,278.90252685546875
2017-06-08,275.03717041015625
2017-06-09,276.71209716796875
2017-06-12,271.21484375
2017-06-13,270.4418029785156
2017-06-14,274.0494079589844
2017-06-15,272.0738220214844
2017-06-16,271.8590087890625
2017-06-19,275.38079833984375
2017-06-20,278.49298095703125
2017-06-21,277.2074279785156
2017-06-22,275.7789611816406
2017-06-23,277.9216003417969
2017-06-27,274.16009521484375
2017-06-28,276.4931945800781
2017-06-29,279.25482177734375
2017-06-30,276.3027648925781
2017-07-03,276.2074890136719
2017-07-04,275.683837890625
2017-07-05,278.8738708496094
2017-07-06,279.73095703125
2017-07-07,275.87420654296875
2017-07-10,277.54071044921875
2017-07-11,275.8265380859375
2017-07-12,278.3977355957031
2017-07-13,283.6828308105469
2017-07-14,284.01617431640625
2017-07-17,289.0155944824219
2017-07-18,289.3965148925781
2017-07-19,287.82525634765625
2017-07-20,286.2540283203125
2017-07-21,287.63482666015625
2017-07-24,288.5870361328125
2017-07-25,289.63458251953125
2017-07-26,295.53875732421875
2017-07-27,292.5390625
2017-07-28,282.0163879394531
2017-07-31,288.1585998535156
2017-08-01,288.1585998535156
2017-08-02,287.4443359375
2017-08-03,281.5878601074219
2017-08-04,282.1116027832031
2017-08-07,285.82550048828125
2017-08-08,281.39739990234375
2017-08-09,276.731201171875
2017-08-10,274.9695129394531
2017-08-11,273.2554931640625
2017-08-14,277.87396240234375
2017-08-16,280.8736572265625
2017-08-17,279.1595458984375
2017-08-18,279.1595458984375
2017-08-21,279.4928894042969
2017-08-22,279.92138671875
2017-08-23,284.3494567871094
2017-08-24,283.4924011230469
2017-08-28,286.5396728515625
2017-08-29,285.20648193359375
2017-08-30,285.96832275390625
2017-08-31,283.8257751464844
2017-09-01,284.06378173828125
2017-09-04,282.92108154296875
2017-09-05,283.397216796875
2017-09-06,281.25457763671875
2017-09-07,278.683349609375
2017-09-08,278.0644836425781
2017-09-11,276.9217224121094
2017-09-12,277.3026428222656
2017-09-13,278.0644836425781
2017-09-14,279.6833190917969
2017-09-15,277.6835632324219
2017-09-18,279.01678466796875
2017-09-19,280.5879821777344
2017-09-20,276.68359375
2017-09-21,271.35089111328125
2017-09-22,263.8755187988281
2017-09-25,266.1610107421875
2017-09-26,269.2559509277344
2017-09-27,263.20892333984375
2017-09-28,262.7804870605469
2017-09-29,263.3994140625
2017-10-03,265.11346435546875
2017-10-04,262.92327880859375
2017-10-05,258.8284912109375
2017-10-06,258.97137451171875
2017-10-09,258.7809143066406
2017-10-10,256.9239196777344
2017-10-11,254.8289794921875
2017-10-12,254.78131103515625
2017-10-13,258.3523254394531
2017-10-16,261.16156005859375
2017-10-17,260.8282775878906
2017-10-18,250.59127807617188
2017-10-19,245.5442352294922
2017-10-23,250.01992797851562
2017-10-24,253.82901000976562
2017-10-25,291.1106262207031
2017-10-26,284.96844482421875
2017-10-27,286.77777099609375
2017-10-30,286.2063903808594
2017-10-31,285.7779541015625
2017-11-01,298.44317626953125
2017-11-02,301.53802490234375
2017-11-03,300.8238525390625
2017-11-06,301.0143127441406
2017-11-07,297.53851318359375
2017-11-08,290.9201965332031
2017-11-09,296.44329833984375
2017-11-10,303.2997741699219
2017-11-13,299.2525634765625
2017-11-14,299.1097412109375
2017-11-15,300.44293212890625
2017-11-16,303.728271484375
2017-11-17,309.58477783203125
2017-11-20,303.3473815917969
2017-11-21,304.6329040527344
2017-11-22,303.6806640625
2017-11-23,304.2044372558594
2017-11-24,302.0617980957031
2017-11-27,301.8713073730469
2017-11-28,298.252685546875
2017-11-29,299.8239440917969
2017-11-30,292.87237548828125
2017-12-01,290.6820983886719
2017-12-04,289.7298583984375
2017-12-05,290.6820983886719
2017-12-06,285.20648193359375
2017-12-07,291.2058410644531
2017-12-08,295.9196472167969
2017-12-11,296.5862121582031
2017-12-12,292.91998291015625
2017-12-13,288.49188232421875
2017-12-14,289.8250732421875
2017-12-15,288.68231201171875
2017-12-18,294.15789794921875
2017-12-19,298.7288513183594
2017-12-20,300.7286071777344
2017-12-21,300.3952941894531
2017-12-22,301.4904479980469
2017-12-26,302.9665222167969
2017-12-27,297.87176513671875
2017-12-28,300.2524719238281
2017-12-29,299.0145263671875
2018-01-01,295.4910888671875
2018-01-02,294.91973876953125
2018-01-03,299.966796875
2018-01-04,299.6811218261719
2018-01-05,297.9670104980469
2018-01-08,299.1573486328125
2018-01-09,297.6813659667969
2018-01-10,297.1099548339844
2018-01-11,294.729248046875
2018-01-12,302.5379943847656
2018-01-15,313.5843200683594
2018-01-16,318.1552734375
2018-01-17,326.86859130859375
2018-01-18,329.6301574707031
2018-01-19,336.7245788574219
2018-01-22,334.724853515625
2018-01-23,345.0093994140625
2018-01-24,335.91522216796875
2018-01-25,343.5810241699219
2018-01-29,340.58135986328125
2018-01-30,336.391357421875
2018-01-31,336.10565185546875
2018-02-01,329.67779541015625
2018-02-02,319.1075439453125
2018-02-05,313.96527099609375
2018-02-06,314.9175109863281
2018-02-07,316.67919921875
2018-02-08,317.9172058105469
2018-02-09,311.1560363769531
2018-02-12,310.6799011230469
2018-02-14,303.728271484375
2018-02-15,312.96539306640625
2018-02-16,305.7279968261719
2018-02-19,304.4901123046875
2018-02-20,302.109375
2018-02-21,303.9663391113281
2018-02-22,303.15692138671875
2018-02-23,307.346923828125
2018-02-26,311.4416809082031
2018-02-27,306.77557373046875
2018-02-28,298.30029296875
2018-03-01,290.39642333984375
2018-03-05,288.872802734375
2018-03-06,280.9689025878906
2018-03-07,273.01739501953125
2018-03-08,282.7782287597656
2018-03-09,278.73101806640625
2018-03-12,286.3016357421875
2018-03-13,289.8250732421875
2018-03-14,291.44390869140625
2018-03-15,287.0634765625
2018-03-16,283.87335205078125
2018-03-19,280.4927978515625
2018-03-20,278.0644836425781
2018-03-21,275.3981018066406
2018-03-22,269.7320861816406
2018-03-23,262.3995361328125
2018-03-26,268.2083740234375
2018-03-27,270.3510437011719
2018-03-28,265.06585693359375
2018-04-02,249.35336303710938
2018-04-03,257.1619873046875
2018-04-04,255.8288116455078
2018-04-05,265.3515930175781
2018-04-06,267.256103515625
2018-04-09,267.44659423828125
2018-04-10,275.01715087890625
2018-04-11,270.969970703125
2018-04-12,273.06500244140625
2018-04-13,274.493408203125
2018-04-16,273.8743896484375
2018-04-17,277.82635498046875
2018-04-18,276.2074890136719
2018-04-19,275.7789611816406
2018-04-20,268.68450927734375
2018-04-23,266.06573486328125
2018-04-24,270.5414733886719
2018-04-25,265.5896301269531
2018-04-26,265.54205322265625
2018-04-27,274.16009521484375
2018-04-30,270.6366882324219
2018-05-02,263.6850891113281
2018-05-03,268.4464416503906
2018-05-04,269.3511657714844
2018-05-07,275.96942138671875
2018-05-08,294.5388488769531
2018-05-09,292.1581115722656
2018-05-10,292.20574951171875
2018-05-11,296.1100769042969
2018-05-14,295.3006286621094
2018-05-15,293.5389099121094
2018-05-16,283.06390380859375
2018-05-17,281.8735656738281
2018-05-18,272.446044921875
2018-05-21,275.4932861328125
2018-05-22,276.4455261230469
2018-05-23,278.112060546875
2018-05-24,283.4924011230469
2018-05-25,281.54022216796875
2018-05-28,284.96844482421875
2018-05-29,276.0646667480469
2018-05-30,271.30328369140625
2018-05-31,272.1603698730469
2018-06-01,275.4932861328125
2018-06-04,273.06500244140625
2018-06-05,270.5414733886719
2018-06-06,270.3510437011719
2018-06-07,277.0169677734375
2018-06-08,274.493408203125
2018-06-11,272.731689453125
2018-06-12,273.6839904785156
2018-06-13,276.8741455078125
2018-06-14,271.16046142578125
2018-06-15,269.017822265625
2018-06-18,279.01678466796875
2018-06-19,278.8262634277344
2018-06-20,279.2071838378906
2018-06-21,283.7304382324219
2018-06-22,286.3016357421875
2018-06-25,275.87420654296875
2018-06-26,274.3506164550781
2018-06-27,265.7324523925781
2018-06-28,258.447509765625
2018-06-29,262.25665283203125
2018-07-02,264.1612243652344
2018-07-03,259.8760070800781
2018-07-04,260.2092590332031
2018-07-05,258.59039306640625
2018-07-06,257.1619873046875
2018-07-09,258.2571105957031
2018-07-10,260.35211181640625
2018-07-11,255.924072265625
2018-07-12,259.3045959472656
2018-07-13,254.97178649902344
2018-07-16,246.87744140625
2018-07-17,253.7338409423828
2018-07-18,250.1627960205078
2018-07-19,248.7344207763672
2018-07-20,253.1148223876953
2018-07-23,263.88873291015625
2018-07-24,262.7395324707031
2018-07-25,263.0268249511719
2018-07-26,273.561279296875
2018-07-27,280.7918395996094
2018-07-30,294.3429870605469
2018-07-31,291.37420654296875
2018-08-01,286.6336669921875
2018-08-02,285.9153747558594
2018-08-03,292.0924377441406
2018-08-06,301.7650451660156
2018-08-07,299.89752197265625
2018-08-08,305.2126159667969
2018-08-09,318.9074401855469
2018-08-10,314.69366455078125
2018-08-13,311.15020751953125
2018-08-14,318.3807373046875
2018-08-16,320.1524658203125
2018-08-17,325.61126708984375
2018-08-20,324.1268310546875
2018-08-21,324.5099182128906
2018-08-23,322.9297180175781
2018-08-24,317.5908203125
2018-08-27,326.9699401855469
2018-08-28,326.00799560546875
2018-08-29,327.69140625
2018-08-30,331.25067138671875
2018-08-31,329.5672607421875
2018-09-03,321.4386901855469
2018-09-04,316.003662109375
2018-09-05,317.1098937988281
2018-09-06,316.1479187011719
2018-09-07,322.3525390625
2018-09-10,320.2362365722656
2018-09-11,314.1277770996094
2018-09-12,310.6166076660156
2018-09-14,315.85931396484375
2018-09-17,313.3101806640625
2018-09-18,306.7207336425781
2018-09-19,308.7408447265625
2018-09-21,305.0372314453125
2018-09-24,297.00494384765625
2018-09-25,299.2655029296875
2018-09-26,301.1894836425781
2018-09-27,294.9847717285156
2018-09-28,293.9266357421875
2018-10-01,302.0552062988281
2018-10-03,292.1470031738281
2018-10-04,304.4601135253906
2018-10-05,295.6100769042969
2018-10-08,299.0250244140625
2018-10-09,294.60003662109375
2018-10-10,307.6826477050781
2018-10-11,299.8426818847656
2018-10-12,307.249755859375
2018-10-15,301.4299011230469
2018-10-16,308.4522705078125
2018-10-17,302.82476806640625
2018-10-19,303.4500732421875
2018-10-22,314.6568908691406
2018-10-23,310.56854248046875
2018-10-24,309.7508850097656
2018-10-25,307.77886962890625
2018-10-26,303.6424560546875
2018-10-29,336.1085510253906
2018-10-30,332.54931640625
2018-10-31,341.49554443359375
2018-11-01,340.2449645996094
2018-11-02,340.9664611816406
2018-11-05,336.3490295410156
2018-11-06,339.66778564453125
2018-11-07,342.3612976074219
2018-11-09,343.2751770019531
2018-11-12,338.94635009765625
2018-11-13,347.1710510253906
2018-11-14,352.6542663574219
2018-11-15,355.9249267578125
2018-11-16,353.568115234375
2018-11-19,348.6140441894531
2018-11-20,344.2851867675781
2018-11-21,343.178955078125
2018-11-22,338.6577453613281
2018-11-26,342.794189453125
2018-11-27,341.1588439941406
2018-11-28,345.3433837890625
2018-11-29,348.4216613769531
2018-11-30,341.6398010253906
2018-12-03,341.97650146484375
2018-12-04,344.3332824707031
2018-12-05,338.032470703125
2018-12-06,334.4251708984375
2018-12-07,338.80206298828125
2018-12-10,333.174560546875
2018-12-11,329.7596435546875
2018-12-12,336.63763427734375
2018-12-13,336.2528381347656
2018-12-14,338.513427734375
2018-12-17,344.8143310546875
2018-12-18,348.4697265625
2018-12-19,352.5580749511719
2018-12-20,348.37353515625
2018-12-21,340.7259826660156
2018-12-24,339.33111572265625
2018-12-26,342.313232421875
2018-12-27,342.1208190917969
2018-12-28,347.0267639160156
2018-12-31,346.4496154785156
2019-01-01,349.9127197265625
2019-01-02,350.7303161621094
2019-01-03,349.4316711425781
2019-01-04,351.3075256347656
2019-01-07,353.71246337890625
2019-01-08,365.6888122558594
2019-01-09,367.7089538574219
2019-01-10,365.06353759765625
2019-01-11,364.149658203125
2019-01-14,359.1474914550781
2019-01-15,358.5703125
2019-01-16,361.0233459472656
2019-01-17,360.3499755859375
2019-01-18,357.848876953125
2019-01-21,357.56024169921875
2019-01-22,355.01104736328125
2019-01-23,353.423828125
2019-01-24,350.9227600097656
2019-01-25,343.6118469238281
2019-01-28,330.4810791015625
2019-01-29,333.6555480957031
2019-01-30,351.98089599609375
2019-01-31,350.5860900878906
2019-02-01,341.1588439941406
2019-02-04,341.0626525878906
2019-02-05,339.23492431640625
2019-02-06,345.6319580078125
2019-02-07,345.0066833496094
2019-02-08,341.5917053222656
2019-02-11,336.7337951660156
2019-02-12,331.2025451660156
2019-02-14,330.86590576171875
2019-02-15,329.1343688964844
2019-02-18,325.8636779785156
2019-02-19,330.1925354003906
2019-02-20,332.068359375
2019-02-21,337.9362487792969
2019-02-22,338.6577453613281
2019-02-25,342.0727233886719
2019-02-26,334.9541931152344
2019-02-27,332.4050598144531
2019-02-28,336.8300476074219
2019-03-01,340.7740478515625
2019-03-05,349.4316711425781
2019-03-06,357.80078125
2019-03-07,356.6944580078125
2019-03-08,356.5020751953125
2019-03-11,361.5523986816406
2019-03-12,373.4325866699219
2019-03-13,376.9918518066406
2019-03-14,373.14398193359375
2019-03-15,380.2624816894531
2019-03-18,382.9078674316406
2019-03-19,383.2445373535156
2019-03-20,377.9537658691406
2019-03-22,376.8955993652344
2019-03-25,368.911376953125
2019-03-26,379.1081848144531
2019-03-27,378.24237060546875
2019-03-28,385.3127746582031
2019-04-01,383.10028076171875
2019-04-02,382.0421142578125
2019-04-03,377.1842346191406
2019-04-04,373.961669921875
2019-04-05,375.6931457519531
2019-04-08,372.3744201660156
2019-04-09,382.0421142578125
2019-04-10,379.204345703125
2019-04-11,375.2121887207031
2019-04-12,379.589111328125
2019-04-15,377.8094787597656
2019-04-16,391.5174560546875
2019-04-18,389.016357421875
2019-04-22,379.4929504394531
2019-04-23,381.4168395996094
2019-04-24,385.8418273925781
2019-04-25,380.3586730957031
2019-04-26,391.7098693847656
2019-04-30,391.9984130859375
2019-05-02,380.5029296875
2019-05-03,386.5152282714844
2019-05-06,386.0342102050781
2019-05-07,371.7972412109375
2019-05-08,367.66082763671875
2019-05-09,366.8912658691406
2019-05-10,370.4504699707031
2019-05-13,361.9852600097656
2019-05-14,365.9293212890625
2019-05-15,362.70672607421875
2019-05-16,367.94940185546875
2019-05-17,374.8755798339844
2019-05-20,392.1907958984375
2019-05-21,384.927978515625
2019-05-22,389.9302062988281
2019-05-23,395.22100830078125
2019-05-24,415.325927734375
2019-05-27,418.9332580566406
2019-05-28,417.7789001464844
2019-05-29,407.1973876953125
2019-05-30,409.987060546875
2019-05-31,407.5821533203125
2019-06-03,406.8125915527344
2019-06-04,403.1571044921875
2019-06-06,395.8943176269531
2019-06-07,400.7522277832031
2019-06-10,400.2712097167969
2019-06-11,405.321533203125
2019-06-12,402.0990295410156
2019-06-13,403.63812255859375
2019-06-14,401.8584899902344
2019-06-17,398.4435119628906
2019-06-18,406.0910949707031
2019-06-19,403.8304443359375
2019-06-20,416.9131164550781
2019-06-21,414.41204833984375
2019-06-24,413.1134338378906
2019-06-25,417.1535949707031
2019-06-26,421.9634094238281
2019-06-27,424.1759338378906
2019-06-28,420.4723815917969
2019-07-01,422.3001403808594
2019-07-02,420.1357421875
2019-07-03,419.3661193847656
2019-07-04,419.60662841796875
2019-07-05,419.7508850097656
2019-07-08,409.698486328125
2019-07-09,412.19952392578125
2019-07-10,414.50823974609375
2019-07-11,410.3236999511719
2019-07-12,410.8047180175781
2019-07-15,406.2353820800781
2019-07-16,408.4479064941406
2019-07-17,408.54412841796875
2019-07-18,402.7242431640625
2019-07-19,394.69189453125
2019-07-22,396.8133544921875
2019-07-23,398.2149963378906
2019-07-24,394.8800354003906
2019-07-25,395.3634033203125
2019-07-26,401.8883361816406
2019-07-29,415.0349426269531
2019-07-30,411.1682434082031
2019-07-31,410.4432373046875
2019-08-01,403.1449890136719
2019-08-02,396.9100646972656
2019-08-05,389.22509765625
2019-08-06,396.5716857910156
2019-08-07,394.78338623046875
2019-08-08,400.5833435058594
2019-08-09,406.1416015625
2019-08-13,396.5716857910156
2019-08-14,403.3866271972656
2019-08-16,404.98162841796875
2019-08-19,409.28326416015625
2019-08-20,403.0
2019-08-21,398.3116760253906
2019-08-22,385.79345703125
2019-08-23,382.216796875
2019-08-26,397.9250183105469
2019-08-27,404.6432800292969
2019-08-28,399.18170166015625
2019-08-29,390.916748046875
2019-08-30,395.9916687011719
2019-09-03,379.0752258300781
2019-09-04,384.246826171875
2019-09-05,376.03021240234375
2019-09-06,378.3018798828125
2019-09-09,382.26513671875
2019-09-11,381.4434814453125
2019-09-12,389.2734069824219
2019-09-13,399.6166687011719
2019-09-16,398.4083251953125
2019-09-17,387.291748046875
2019-09-18,386.0351257324219
2019-09-19,373.71026611328125
2019-09-20,403.5799560546875
2019-09-23,431.41973876953125
2019-09-24,426.1997985839844
2019-09-25,419.7231750488281
2019-09-26,436.88140869140625
2019-09-27,434.2230529785156
2019-09-30,419.2398986816406
2019-10-01,410.4432373046875
2019-10-03,413.0531921386719
2019-10-04,400.0999755859375
2019-10-07,402.2266540527344
2019-10-09,422.1398620605469
2019-10-10,409.5732727050781
2019-10-11,414.26153564453125
2019-10-14,414.55157470703125
2019-10-15,417.4515380859375
2019-10-16,420.7864990234375
2019-10-17,425.9097900390625
2019-10-18,423.2030944824219
2019-10-22,436.1080322265625
2019-10-23,439.92633056640625
2019-10-24,439.5880126953125
2019-10-25,453.4595642089844
2019-10-27,453.89453125
2019-10-29,461.4828186035156
2019-10-30,455.44122314453125
2019-10-31,447.61126708984375
2019-11-01,446.83795166015625
2019-11-04,454.8128662109375
2019-11-05,452.7345886230469
2019-11-06,464.6728210449219
2019-11-07,462.594482421875
2019-11-08,473.131103515625
2019-11-11,480.2359924316406
2019-11-13,469.5544128417969
2019-11-14,482.0242919921875
2019-11-15,483.184326171875
2019-11-18,481.7343444824219
2019-11-19,477.0460205078125
2019-11-20,478.49603271484375
2019-11-21,481.6376647949219
2019-11-22,480.2359924316406
2019-11-25,481.2026062011719
2019-11-26,493.6725769042969
2019-11-27,488.6459655761719
2019-11-28,501.8408203125
2019-11-29,495.5091857910156
2019-12-02,493.8658752441406
2019-12-03,492.3675842285156
2019-12-04,511.60400390625
2019-12-05,510.4924011230469
2019-12-06,507.3023986816406
2019-12-09,508.9457702636719
2019-12-10,511.0724182128906
2019-12-11,515.7606811523438
2019-12-12,517.5006713867188
2019-12-13,519.1439819335938
2019-12-16,521.2706909179688
2019-12-17,523.1072998046875
2019-12-18,523.3489990234375
2019-12-19,522.18896484375
2019-12-20,527.8922119140625
2019-12-23,523.2523193359375
2019-12-24,523.0589599609375
2019-12-26,520.787353515625
2019-12-27,531.082275390625
2019-12-30,525.81396484375
2019-12-31,520.9324340820312
2020-01-01,518.8540649414062
2020-01-02,522.5756225585938
2020-01-03,520.8839721679688
2020-01-06,508.17242431640625
2020-01-07,505.4658508300781
2020-01-08,508.41412353515625
2020-01-09,528.0856323242188
2020-01-10,522.2373657226562
2020-01-13,520.642333984375
2020-01-14,519.6756591796875
2020-01-15,517.7423706054688
2020-01-16,519.2406616210938
2020-01-17,514.3106689453125
2020-01-20,517.0173950195312
2020-01-21,513.343994140625
2020-01-22,505.41748046875
2020-01-23,510.1057434082031
2020-01-24,516.0506591796875
2020-01-27,519.33740234375
2020-01-28,510.58917236328125
2020-01-29,509.04241943359375
2020-01-30,514.4556884765625
2020-01-31,508.1241455078125
2020-02-03,498.36083984375
2020-02-04,513.1023559570312
2020-02-05,521.1256103515625
2020-02-06,523.542236328125
2020-02-07,518.5640258789062
2020-02-10,516.1473999023438
2020-02-11,521.7539672851562
2020-02-12,530.985595703125
2020-02-13,522.9622802734375
2020-02-14,527.602294921875
2020-02-17,523.542236328125
2020-02-18,523.1556396484375
2020-02-19,526.6356201171875
2020-02-20,528.76220703125
2020-02-24,512.18408203125
2020-02-25,513.2473754882812
2020-02-26,506.2391052246094
2020-02-27,498.16748046875
2020-02-28,480.6709899902344
2020-03-02,489.2259216308594
2020-03-03,497.5875244140625
2020-03-04,491.4009094238281
2020-03-05,487.6792907714844
2020-03-06,470.1344299316406
2020-03-09,442.48797607421875
2020-03-11,450.1246032714844
2020-03-12,411.4582214355469
2020-03-13,432.2897644042969
2020-03-16,389.46673583984375
2020-03-17,355.00537109375
2020-03-18,343.212158203125
2020-03-19,327.26226806640625
2020-03-20,334.17388916015625
2020-03-23,274.5310363769531
2020-03-24,286.6142578125
2020-03-25,306.3341064453125
2020-03-26,319.239013671875
2020-03-27,328.5189208984375
2020-03-30,302.9508056640625
2020-03-31,312.9557189941406
2020-04-01,300.7758483886719
2020-04-03,277.0926818847656
2020-04-07,315.2273864746094
2020-04-08,308.3157958984375
2020-04-09,331.2738952636719
2020-04-13,319.62567138671875
2020-04-15,316.4356994628906
2020-04-16,330.59722900390625
2020-04-17,363.0286560058594
2020-04-20,349.2537841796875
2020-04-21,320.78564453125
2020-04-22,324.74896240234375
2020-04-23,341.18218994140625
2020-04-24,323.6856384277344
2020-04-27,336.3005065917969
2020-04-28,347.85211181640625
2020-04-29,358.0987243652344
2020-04-30,367.47528076171875
2020-05-04,326.7789001464844
2020-05-05,319.81903076171875
2020-05-06,330.0172424316406
2020-05-07,325.52227783203125
2020-05-08,326.4406433105469
2020-05-11,309.47576904296875
2020-05-12,310.4907531738281
2020-05-13,326.7789001464844
2020-05-14,316.4840393066406
2020-05-15,311.9407653808594
2020-05-18,288.547607421875
2020-05-19,290.2875671386719
2020-05-20,295.4591979980469
2020-05-21,294.2508544921875
2020-05-22,281.345947265625
2020-05-26,282.9410095214844
2020-05-27,308.2191162109375
2020-05-28,315.952392578125
2020-05-29,320.8823547363281
2020-06-01,327.9389343261719
2020-06-02,336.7838439941406
2020-06-03,344.9521789550781
2020-06-04,336.252197265625
2020-06-05,345.29046630859375
2020-06-08,347.8037414550781
2020-06-09,336.9288330078125
2020-06-10,341.2304992675781
2020-06-11,329.87225341796875
2020-06-12,332.7239074707031
2020-06-15,320.0606384277344
2020-06-16,331.5155944824219
2020-06-17,330.5489196777344
2020-06-18,340.26385498046875
2020-06-19,351.67041015625
2020-06-22,355.2953796386719
2020-06-23,363.6086120605469
2020-06-24,336.493896484375
2020-06-25,339.29718017578125
2020-06-26,337.4605407714844
2020-06-29,331.66058349609375
2020-06-30,339.7321472167969
2020-07-01,351.91204833984375
2020-07-02,350.7520751953125
2020-07-03,348.9637451171875
2020-07-06,349.785400390625
2020-07-07,363.511962890625
2020-07-08,356.6487121582031
2020-07-09,358.0020446777344
2020-07-10,348.33544921875
2020-07-13,341.8104553222656
2020-07-14,334.0289001464844
2020-07-15,334.2705383300781
2020-07-16,333.1589050292969
2020-07-17,342.0037841796875
2020-07-20,350.8970947265625
2020-07-21,366.1702880859375
2020-07-22,368.39361572265625
2020-07-23,379.171875
2020-07-24,369.0702819824219
2020-07-27,346.547119140625
2020-07-28,340.3605041503906
2020-07-29,339.345458984375
2020-07-30,333.44891357421875
2020-07-31,335.2371826171875
2020-08-03,331.8055725097656
2020-08-04,339.29718017578125
2020-08-05,340.4571838378906
2020-08-06,346.788818359375
2020-08-07,346.0154724121094
2020-08-10,351.4287414550781
2020-08-11,355.10205078125
2020-08-12,354.6187438964844
2020-08-13,355.7786865234375
2020-08-14,349.3504333496094
2020-08-17,348.1904296875
2020-08-18,357.22869873046875
2020-08-19,361.96533203125
2020-08-20,355.4887390136719
2020-08-21,358.77532958984375
2020-08-24,367.6686096191406
2020-08-25,373.4685363769531
2020-08-26,376.3684997558594
2020-08-27,379.12353515625
2020-08-28,396.0400695800781
2020-08-31,381.4434814453125
2020-09-01,377.9151916503906
2020-09-02,379.31683349609375
2020-09-03,369.9886169433594
2020-09-04,360.128662109375
2020-09-07,360.9503173828125
2020-09-08,363.1736755371094
2020-09-09,355.34368896484375
2020-09-10,358.3403625488281
2020-09-11,358.14703369140625
2020-09-14,351.57373046875
2020-09-15,359.1619567871094
2020-09-16,362.20703125
2020-09-17,356.697021484375
2020-09-18,357.22869873046875
2020-09-21,339.0072021484375
2020-09-22,342.5838317871094
2020-09-23,340.11883544921875
2020-09-24,324.50732421875
2020-09-25,337.0255126953125
2020-09-28,350.8970947265625
2020-09-29,345.14544677734375
2020-09-30,342.9221496582031
2020-10-01,356.890380859375
2020-10-05,360.6603698730469
2020-10-06,367.9102478027344
2020-10-07,369.8919372558594
2020-10-08,374.5802307128906
2020-10-09,388.1134033203125
2020-10-12,390.57843017578125
2020-10-13,383.0384521484375
2020-10-14,393.2366943359375
2020-10-15,377.9635314941406
2020-10-16,382.89349365234375
2020-10-19,403.1933288574219
2020-10-20,400.7766418457031
2020-10-21,406.2865905761719
2020-10-22,399.13336181640625
2020-10-23,403.04833984375
2020-10-26,390.965087890625
2020-10-27,396.28173828125
2020-10-28,382.8451232910156
2020-10-29,386.5667724609375
2020-10-30,379.51019287109375
2020-11-02,403.5316467285156
2020-11-03,429.0514221191406
2020-11-04,422.4781188964844
2020-11-05,423.8797912597656
2020-11-06,428.03643798828125
2020-11-09,447.2729187011719
2020-11-10,467.7177429199219
2020-11-11,470.3277282714844
2020-11-12,460.8061828613281
2020-11-13,469.361083984375
2020-11-14,470.6660461425781
2020-11-17,470.1827392578125
2020-11-18,481.05767822265625
2020-11-19,462.7878112792969
2020-11-20,464.1894836425781
2020-11-23,452.63787841796875
2020-11-24,462.25616455078125
2020-11-25,456.9395751953125
2020-11-26,459.4528503417969
2020-11-27,457.5678405761719
2020-12-01,468.92608642578125
2020-12-02,464.4311218261719
2020-12-03,465.7844543457031
2020-12-04,485.31097412109375
2020-12-07,493.4308776855469
2020-12-08,491.4492492675781
2020-12-09,494.4458923339844
2020-12-10,490.0475769042969
2020-12-11,498.26416015625
2020-12-14,508.2690124511719
2020-12-15,500.7774658203125
2020-12-16,495.3642578125
2020-12-17,493.3825378417969
2020-12-18,499.9075012207031
2020-12-21,478.0126953125
2020-12-22,483.6192932128906
2020-12-23,486.809326171875
2020-12-24,496.4275207519531
2020-12-28,502.7591247558594
2020-12-29,511.1690673828125
