Date,INFY.NS
2008-01-01,150.6441650390625
2008-01-02,150.7692108154297
2008-01-03,147.38438415527344
2008-01-04,146.1641387939453
2008-01-07,141.15797424316406
2008-01-08,143.34844970703125
2008-01-09,142.5464324951172
2008-01-10,138.2000732421875
2008-01-11,136.4063262939453
2008-01-14,131.900390625
2008-01-15,129.53750610351562
2008-01-16,128.95111083984375
2008-01-17,128.52850341796875
2008-01-18,126.63129425048828
2008-01-21,119.96513366699219
2008-01-22,119.08550262451172
2008-01-23,122.62985229492188
2008-01-24,122.67731475830078
2008-01-25,131.06822204589844
2008-01-28,124.7297592163086
2008-01-29,128.71823120117188
2008-01-30,128.77426147460938
2008-01-31,129.27447509765625
2008-02-01,137.5144805908203
2008-02-04,141.43399047851562
2008-02-05,138.78213500976562
2008-02-06,130.21446228027344
2008-02-07,127.83432006835938
2008-02-08,133.87094116210938
2008-02-11,134.35385131835938
2008-02-12,133.25868225097656
2008-02-13,133.27159118652344
2008-02-14,133.3880157470703
2008-02-15,134.996337890625
2008-02-18,134.1123809814453
2008-02-19,134.22882080078125
2008-02-20,135.29818725585938
2008-02-21,140.3560028076172
2008-02-22,136.3114776611328
2008-02-25,139.28668212890625
2008-02-26,143.40020751953125
2008-02-27,139.61004638671875
2008-02-28,137.92410278320312
2008-02-29,133.51303100585938
2008-03-03,126.58816528320312
2008-03-04,122.37545776367188
2008-03-05,127.52816772460938
2008-03-07,123.36724853515625
2008-03-10,123.41461944580078
2008-03-11,123.0050048828125
2008-03-12,119.45203399658203
2008-03-13,115.36001586914062
2008-03-14,118.16279602050781
2008-03-17,115.36869049072266
2008-03-18,113.36796569824219
2008-03-19,115.87745666503906
2008-03-24,117.3219223022461
2008-03-25,128.69239807128906
2008-03-26,129.31329345703125
2008-03-27,124.3330307006836
2008-03-28,131.1846466064453
2008-03-31,124.17355346679688
2008-04-01,122.72039794921875
2008-04-02,127.87311553955078
2008-04-03,131.29673767089844
2008-04-04,128.10162353515625
2008-04-07,128.67079162597656
2008-04-08,126.50625610351562
2008-04-09,127.6273193359375
2008-04-10,125.26871490478516
2008-04-11,122.62125396728516
2008-04-15,130.25328063964844
2008-04-16,137.99737548828125
2008-04-17,143.07676696777344
2008-04-21,141.9298553466797
2008-04-22,137.8594207763672
2008-04-23,142.11520385742188
2008-04-24,146.26324462890625
2008-04-25,145.25
2008-04-28,143.46917724609375
2008-04-29,150.87701416015625
2008-04-30,151.18312072753906
2008-05-02,154.14540100097656
2008-05-05,154.0160369873047
2008-05-06,155.87017822265625
2008-05-07,159.03509521484375
2008-05-08,153.9039306640625
2008-05-09,150.8597412109375
2008-05-12,152.9337615966797
2008-05-13,150.80801391601562
2008-05-14,157.37498474121094
2008-05-15,163.2563934326172
2008-05-16,161.38504028320312
2008-05-20,162.79074096679688
2008-05-21,161.32037353515625
2008-05-22,160.7167205810547
2008-05-23,157.7069854736328
2008-05-26,162.56219482421875
2008-05-27,162.3939971923828
2008-05-28,164.851806640625
2008-05-29,164.94802856445312
2008-05-30,171.7149658203125
2008-06-02,170.66513061523438
2008-06-03,168.16749572753906
2008-06-04,163.65760803222656
2008-06-05,173.18031311035156
2008-06-06,174.40509033203125
2008-06-09,166.35215759277344
2008-06-10,162.2010040283203
2008-06-11,165.59542846679688
2008-06-12,164.0250701904297
2008-06-13,163.30332946777344
2008-06-16,166.90328979492188
2008-06-17,167.23141479492188
2008-06-18,162.93589782714844
2008-06-19,162.93150329589844
2008-06-20,159.83450317382812
2008-06-23,161.47921752929688
2008-06-24,156.9868927001953
2008-06-25,152.81390380859375
2008-06-26,156.1688995361328
2008-06-27,149.2007293701172
2008-06-30,151.94342041015625
2008-07-01,150.2112579345703
2008-07-02,159.27462768554688
2008-07-03,152.49021911621094
2008-07-04,153.60565185546875
2008-07-07,157.4549560546875
2008-07-08,151.92596435546875
2008-07-09,159.38836669921875
2008-07-10,157.93177795410156
2008-07-11,146.69869995117188
2008-07-14,136.0868377685547
2008-07-15,135.13323974609375
2008-07-16,135.3913116455078
2008-07-17,138.4270782470703
2008-07-18,135.37384033203125
2008-07-21,136.58985900878906
2008-07-22,138.07708740234375
2008-07-23,140.17234802246094
2008-07-24,137.11477661132812
2008-07-25,135.6581268310547
2008-07-28,134.67831420898438
2008-07-29,134.7876434326172
2008-07-30,140.15484619140625
2008-07-31,138.52761840820312
2008-08-01,143.4267578125
2008-08-04,145.12396240234375
2008-08-05,146.84742736816406
2008-08-06,148.6671142578125
2008-08-07,151.01171875
2008-08-08,146.93930053710938
2008-08-11,146.13446044921875
2008-08-12,140.3166961669922
2008-08-13,142.24571228027344
2008-08-14,148.1553497314453
2008-08-18,149.10455322265625
2008-08-19,148.08970642089844
2008-08-20,148.66278076171875
2008-08-21,145.35142517089844
2008-08-22,148.41773986816406
2008-08-25,149.2882537841797
2008-08-26,148.54898071289062
2008-08-27,149.44134521484375
2008-08-28,148.6715087890625
2008-08-29,153.01950073242188
2008-09-01,150.7623748779297
2008-09-02,155.3072052001953
2008-09-04,156.51016235351562
2008-09-05,149.80006408691406
2008-09-08,153.10260009765625
2008-09-09,153.05006408691406
2008-09-10,153.951171875
2008-09-11,153.15509033203125
2008-09-12,143.82484436035156
2008-09-15,138.06396484375
2008-09-16,137.03607177734375
2008-09-17,138.1383819580078
2008-09-18,133.44915771484375
2008-09-19,142.15823364257812
2008-09-22,142.59132385253906
2008-09-23,135.072021484375
2008-09-24,133.3529052734375
2008-09-25,131.82630920410156
2008-09-26,126.58161926269531
2008-09-29,121.89240264892578
2008-09-30,122.30797576904297
2008-10-01,126.79158782958984
2008-10-03,121.76995849609375
2008-10-06,115.36170196533203
2008-10-07,113.88762664794922
2008-10-08,109.72770690917969
2008-10-10,107.18623352050781
2008-10-13,115.35294342041016
2008-10-14,122.29923248291016
2008-10-15,116.82705688476562
2008-10-16,111.32684326171875
2008-10-17,106.01611328125
2008-10-20,114.10781860351562
2008-10-21,118.78385925292969
2008-10-22,114.54852294921875
2008-10-23,113.11177062988281
2008-10-24,109.83715057373047
2008-10-27,110.33965301513672
2008-10-29,114.9715805053711
2008-10-31,122.42863464355469
2008-11-03,121.5163345336914
2008-11-04,117.39998626708984
2008-11-05,116.52738952636719
2008-11-06,109.80192565917969
2008-11-07,111.30921173095703
2008-11-10,117.98175048828125
2008-11-11,110.77152252197266
2008-11-12,111.01390838623047
2008-11-14,106.93720245361328
2008-11-17,108.62962341308594
2008-11-18,104.05487823486328
2008-11-19,103.36734008789062
2008-11-20,98.88519287109375
2008-11-21,104.42070770263672
2008-11-24,105.43873596191406
2008-11-25,104.18270111083984
2008-11-26,104.63663482666016
2008-11-27,104.63663482666016
2008-11-28,109.63883209228516
2008-12-01,108.5238265991211
2008-12-02,106.50971221923828
2008-12-03,101.94381713867188
2008-12-04,105.10379791259766
2008-12-05,100.000244140625
2008-12-08,102.04962158203125
2008-12-10,103.45992279052734
2008-12-11,100.03547668457031
2008-12-12,97.38671875
2008-12-15,97.1619873046875
2008-12-16,99.14521789550781
2008-12-17,100.62165069580078
2008-12-18,103.75079345703125
2008-12-19,105.00685119628906
2008-12-22,104.61019897460938
2008-12-23,103.66266632080078
2008-12-24,103.48193359375
2008-12-26,97.77457427978516
2008-12-29,98.1712417602539
2008-12-30,99.41846466064453
2008-12-31,98.32109069824219
2009-01-02,99.78868865966797
2009-01-05,103.37617492675781
2009-01-06,103.00155639648438
2009-01-07,104.67631530761719
2009-01-09,106.0733871459961
2009-01-12,102.22147369384766
2009-01-13,108.25498962402344
2009-01-14,114.90550231933594
2009-01-15,110.33075714111328
2009-01-16,111.71465301513672
2009-01-19,111.24309539794922
2009-01-20,110.33521270751953
2009-01-21,107.8759765625
2009-01-22,108.49739837646484
2009-01-23,106.18354797363281
2009-01-27,110.36605834960938
2009-01-28,113.4158935546875
2009-01-29,115.48285675048828
2009-01-30,115.17434692382812
2009-02-02,112.79443359375
2009-02-03,113.04566955566406
2009-02-04,112.97067260742188
2009-02-05,110.69660949707031
2009-02-06,113.60978698730469
2009-02-09,115.65473175048828
2009-02-10,115.3285903930664
2009-02-11,114.75567626953125
2009-02-12,110.58200073242188
2009-02-13,110.32637023925781
2009-02-16,107.66441345214844
2009-02-17,103.47752380371094
2009-02-18,103.90499114990234
2009-02-19,106.55378723144531
2009-02-20,103.75961303710938
2009-02-24,104.50004577636719
2009-02-25,107.31181335449219
2009-02-26,108.9468994140625
2009-02-27,108.5282211303711
2009-03-02,107.45289611816406
2009-03-03,105.56217956542969
2009-03-04,105.70320892333984
2009-03-05,104.18270111083984
2009-03-06,107.47930145263672
2009-03-09,105.95442962646484
2009-03-12,108.22411346435547
2009-03-13,114.32817840576172
2009-03-16,113.51282501220703
2009-03-17,111.54718017578125
2009-03-18,112.65338134765625
2009-03-19,114.34137725830078
2009-03-20,114.25324249267578
2009-03-23,117.34712982177734
2009-03-24,116.41720581054688
2009-03-25,118.02142333984375
2009-03-26,121.56484985351562
2009-03-27,118.5458755493164
2009-03-30,114.70276641845703
2009-03-31,116.6948471069336
2009-04-01,121.08882904052734
2009-04-02,125.1126708984375
2009-04-06,124.64108276367188
2009-04-08,125.61952209472656
2009-04-09,125.78258514404297
2009-04-13,124.222412109375
2009-04-15,120.81120300292969
2009-04-16,118.57233428955078
2009-04-17,123.16470336914062
2009-04-20,122.8253173828125
2009-04-21,120.09278869628906
2009-04-22,121.7367172241211
2009-04-23,127.84957122802734
2009-04-24,127.68647766113281
2009-04-27,126.56705474853516
2009-04-28,126.11312866210938
2009-04-29,133.03245544433594
2009-04-30,133.03245544433594
2009-05-04,143.51724243164062
2009-05-05,139.4494171142578
2009-05-06,138.67373657226562
2009-05-07,136.8667755126953
2009-05-08,134.0416717529297
2009-05-11,133.7729034423828
2009-05-12,140.89500427246094
2009-05-13,138.73545837402344
2009-05-14,138.1404571533203
2009-05-15,140.39698791503906
2009-05-18,158.66941833496094
2009-05-19,137.4132843017578
2009-05-20,134.9407958984375
2009-05-21,132.4287109375
2009-05-22,134.1827850341797
2009-05-25,133.19113159179688
2009-05-26,136.41720581054688
2009-05-27,139.98707580566406
2009-05-28,139.18060302734375
2009-05-29,141.4811553955078
2009-06-01,147.77468872070312
2009-06-02,148.84567260742188
2009-06-03,144.6896209716797
2009-06-04,144.85845947265625
2009-06-05,150.9908905029297
2009-06-08,154.83033752441406
2009-06-09,159.51409912109375
2009-06-10,160.7583465576172
2009-06-11,155.61685180664062
2009-06-12,153.61715698242188
2009-06-15,152.43069458007812
2009-06-16,153.27947998046875
2009-06-17,152.1062774658203
2009-06-18,153.37721252441406
2009-06-19,157.34552001953125
2009-06-22,156.99002075195312
2009-06-23,155.2969512939453
2009-06-24,156.2034912109375
2009-06-25,156.3411865234375
2009-06-26,162.38473510742188
2009-06-29,158.46092224121094
2009-06-30,157.88768005371094
2009-07-01,159.5496368408203
2009-07-02,159.67849731445312
2009-07-03,160.4339599609375
2009-07-06,156.52781677246094
2009-07-07,154.45701599121094
2009-07-08,151.6575164794922
2009-07-09,149.0934295654297
2009-07-10,152.96841430664062
2009-07-13,157.31886291503906
2009-07-14,161.02493286132812
2009-07-15,159.23411560058594
2009-07-16,159.540771484375
2009-07-17,165.8686981201172
2009-07-20,175.20950317382812
2009-07-21,172.69879150390625
2009-07-22,170.62355041503906
2009-07-23,174.0852813720703
2009-07-24,178.0757598876953
2009-07-27,180.23098754882812
2009-07-28,177.4892120361328
2009-07-29,176.39158630371094
2009-07-30,178.99114990234375
2009-07-31,183.4705352783203
2009-08-03,184.5459442138672
2009-08-04,181.6396942138672
2009-08-05,186.5145263671875
2009-08-06,182.9417266845703
2009-08-07,181.27528381347656
2009-08-10,185.54579162597656
2009-08-11,185.2791748046875
2009-08-12,181.5552520751953
2009-08-13,183.4216766357422
2009-08-14,181.5153045654297
2009-08-17,176.19602966308594
2009-08-18,175.38287353515625
2009-08-19,173.44090270996094
2009-08-20,176.90261840820312
2009-08-21,180.69317626953125
2009-08-24,184.4970245361328
2009-08-25,186.194580078125
2009-08-26,193.71788024902344
2009-08-27,194.7977294921875
2009-08-28,194.69554138183594
2009-08-31,189.4073944091797
2009-09-01,190.62945556640625
2009-09-02,192.4025115966797
2009-09-03,194.38894653320312
2009-09-04,195.61985778808594
2009-09-07,197.6773223876953
2009-09-08,195.86428833007812
2009-09-09,194.611083984375
2009-09-10,199.10818481445312
2009-09-11,201.5167694091797
2009-09-14,199.98361206054688
2009-09-15,201.79672241210938
2009-09-16,206.1960906982422
2009-09-17,209.91554260253906
2009-09-18,210.1243438720703
2009-09-22,214.20376586914062
2009-09-23,210.36427307128906
2009-09-24,203.03208923339844
2009-09-25,199.12599182128906
2009-09-29,204.0008087158203
2009-09-30,204.98292541503906
2009-10-01,207.6802978515625
2009-10-05,206.4671173095703
2009-10-06,205.51173400878906
2009-10-07,200.21469116210938
2009-10-08,196.48635864257812
2009-10-09,193.53573608398438
2009-10-12,199.02822875976562
2009-10-13,199.02822875976562
2009-10-14,200.49020385742188
2009-10-15,197.95042419433594
2009-10-16,195.49996948242188
2009-10-20,195.357177734375
2009-10-21,197.87899780273438
2009-10-22,197.571044921875
2009-10-23,201.75343322753906
2009-10-26,202.9942626953125
2009-10-27,200.2000732421875
2009-10-28,201.4588165283203
2009-10-29,197.142578125
2009-10-30,196.95057678222656
2009-11-03,191.3131103515625
2009-11-04,199.71359252929688
2009-11-05,198.329833984375
2009-11-06,198.05763244628906
2009-11-09,199.2627716064453
2009-11-10,197.99957275390625
2009-11-11,205.9268798828125
2009-11-12,207.68104553222656
2009-11-13,210.65377807617188
2009-11-16,209.96197509765625
2009-11-17,214.0996856689453
2009-11-18,217.22412109375
2009-11-19,215.13966369628906
2009-11-20,216.63497924804688
2009-11-23,214.8718719482422
2009-11-24,217.34913635253906
2009-11-25,217.6927947998047
2009-11-26,213.6666259765625
2009-11-27,207.81053161621094
2009-11-30,212.40797424316406
2009-12-01,213.87203979492188
2009-12-02,213.8407745361328
2009-12-03,212.19371032714844
2009-12-04,212.7873992919922
2009-12-07,213.4122772216797
2009-12-08,218.40252685546875
2009-12-09,219.29971313476562
2009-12-10,218.97828674316406
2009-12-11,219.6746826171875
2009-12-14,223.06700134277344
2009-12-15,223.7186279296875
2009-12-16,227.18682861328125
2009-12-17,228.44554138183594
2009-12-18,225.49514770507812
2009-12-21,224.0802001953125
2009-12-22,223.3927764892578
2009-12-23,230.655029296875
2009-12-24,231.37368774414062
2009-12-29,230.0658416748047
2009-12-30,230.3202667236328
2009-12-31,232.20384216308594
2010-01-04,233.23048400878906
2010-01-05,234.01161193847656
2010-01-06,230.59701538085938
2010-01-07,225.41476440429688
2010-01-08,219.9827117919922
2010-01-11,222.25457763671875
2010-01-12,230.94070434570312
2010-01-13,239.5598602294922
2010-01-14,240.1178436279297
2010-01-15,238.8724822998047
2010-01-18,239.84107971191406
2010-01-19,235.31051635742188
2010-01-20,237.25660705566406
2010-01-21,234.35525512695312
2010-01-22,229.92750549316406
2010-01-25,226.95469665527344
2010-01-27,223.3794708251953
2010-01-28,222.4420623779297
2010-01-29,220.9913787841797
2010-02-01,218.82664489746094
2010-02-02,217.81781005859375
2010-02-03,220.7860565185547
2010-02-04,216.84474182128906
2010-02-05,210.02890014648438
2010-02-08,214.57276916503906
2010-02-09,220.8395538330078
2010-02-10,220.22813415527344
2010-02-11,223.04017639160156
2010-02-15,223.0580596923828
2010-02-16,226.87890625
2010-02-17,224.84349060058594
2010-02-18,226.1825408935547
2010-02-19,226.0709228515625
2010-02-22,229.28021240234375
2010-02-23,230.43638610839844
2010-02-24,229.98995971679688
2010-02-25,233.654541015625
2010-02-26,232.2797088623047
2010-03-02,235.765869140625
2010-03-03,238.0198974609375
2010-03-04,234.23036193847656
2010-03-05,235.29269409179688
2010-03-08,237.4217987060547
2010-03-09,239.60008239746094
2010-03-10,237.39503479003906
2010-03-11,239.51075744628906
2010-03-12,238.64480590820312
2010-03-15,241.14437866210938
2010-03-16,243.9207763671875
2010-03-17,244.45196533203125
2010-03-18,248.85305786132812
2010-03-19,247.49159240722656
2010-03-22,246.156982421875
2010-03-23,247.77284240722656
2010-03-25,251.20530700683594
2010-03-26,247.71484375
2010-03-29,242.51918029785156
2010-03-30,236.04263305664062
2010-03-31,233.5295867919922
2010-04-01,238.39480590820312
2010-04-05,239.06439208984375
2010-04-06,236.68080139160156
2010-04-07,236.01132202148438
2010-04-08,237.79673767089844
2010-04-09,238.90818786621094
2010-04-12,239.5241241455078
2010-04-13,248.34420776367188
2010-04-15,250.10272216796875
2010-04-16,248.94227600097656
2010-04-19,245.666015625
2010-04-20,243.4700469970703
2010-04-21,242.14422607421875
2010-04-22,242.67544555664062
2010-04-23,243.4386749267578
2010-04-26,244.50991821289062
2010-04-27,244.37603759765625
2010-04-28,240.98826599121094
2010-04-29,241.84962463378906
2010-04-30,244.43856811523438
2010-05-03,240.5775146484375
2010-05-04,238.01100158691406
2010-05-05,240.40794372558594
2010-05-06,237.2968292236328
2010-05-07,233.6099090576172
2010-05-10,238.86355590820312
2010-05-11,237.52894592285156
2010-05-12,239.39920043945312
2010-05-13,241.58180236816406
2010-05-14,236.73886108398438
2010-05-17,233.56524658203125
2010-05-18,234.71238708496094
2010-05-19,232.36013793945312
2010-05-20,232.17266845703125
2010-05-21,230.47650146484375
2010-05-24,232.14138793945312
2010-05-25,226.16017150878906
2010-05-26,235.37857055664062
2010-05-27,237.38104248046875
2010-05-28,240.44334411621094
2010-05-31,238.6967315673828
2010-06-01,235.67486572265625
2010-06-02,237.10275268554688
2010-06-03,242.2888641357422
2010-06-04,245.06817626953125
2010-06-07,239.9225311279297
2010-06-08,238.38246154785156
2010-06-09,235.7286834716797
2010-06-10,237.5786895751953
2010-06-11,236.24960327148438
2010-06-14,246.63534545898438
2010-06-15,245.5846405029297
2010-06-16,248.7007598876953
2010-06-17,248.29220581054688
2010-06-18,250.2094268798828
2010-06-21,251.52072143554688
2010-06-22,248.4942626953125
2010-06-23,251.24668884277344
2010-06-24,253.48733520507812
2010-06-25,249.44613647460938
2010-06-28,252.25701904296875
2010-06-29,250.86956787109375
2010-06-30,250.64053344726562
2010-07-01,248.48974609375
2010-07-02,244.93801879882812
2010-07-05,246.37037658691406
2010-07-06,250.11070251464844
2010-07-07,249.80987548828125
2010-07-08,254.0081024169922
2010-07-09,258.0762939453125
2010-07-12,260.0608825683594
2010-07-13,251.15699768066406
2010-07-14,246.32101440429688
2010-07-15,247.8206787109375
2010-07-16,249.38331604003906
2010-07-19,248.79501342773438
2010-07-20,247.8251953125
2010-07-21,248.90283203125
2010-07-22,247.36273193359375
2010-07-23,250.2319793701172
2010-07-26,251.84840393066406
2010-07-27,254.03506469726562
2010-07-28,254.33155822753906
2010-07-29,254.4257354736328
2010-07-30,250.4071044921875
2010-08-02,251.17481994628906
2010-08-03,250.03883361816406
2010-08-04,258.1391296386719
2010-08-05,257.6676330566406
2010-08-06,257.17822265625
2010-08-09,258.152587890625
2010-08-10,254.05764770507812
2010-08-11,252.42764282226562
2010-08-12,248.9971466064453
2010-08-13,249.40579223632812
2010-08-16,248.02732849121094
2010-08-17,247.0034942626953
2010-08-18,252.09982299804688
2010-08-19,251.8618621826172
2010-08-20,248.71875
2010-08-23,251.73167419433594
2010-08-24,248.32809448242188
2010-08-25,248.83544921875
2010-08-26,248.3640594482422
2010-08-27,243.35752868652344
2010-08-30,242.50881958007812
2010-08-31,243.71224975585938
2010-09-01,249.3069610595703
2010-09-02,247.2280731201172
2010-09-03,249.42372131347656
2010-09-06,254.29110717773438
2010-09-07,257.2815246582031
2010-09-08,258.5791931152344
2010-09-09,259.9800720214844
2010-09-13,263.74285888671875
2010-09-14,267.21820068359375
2010-09-15,274.1555480957031
2010-09-16,266.3515625
2010-09-17,266.7287292480469
2010-09-20,270.1816711425781
2010-09-21,274.7212219238281
2010-09-22,270.693603515625
2010-09-23,271.4659118652344
2010-09-24,273.81878662109375
2010-09-27,272.3370361328125
2010-09-28,270.9001770019531
2010-09-29,272.1977233886719
2010-09-30,273.9444885253906
2010-10-01,278.582763671875
2010-10-04,276.4544372558594
2010-10-05,277.0157165527344
2010-10-06,278.73089599609375
2010-10-07,274.2093811035156
2010-10-08,276.26141357421875
2010-10-11,276.09521484375
2010-10-12,276.16253662109375
2010-10-13,283.1358337402344
2010-10-14,286.0454406738281
2010-10-15,276.26141357421875
2010-10-18,279.0228271484375
2010-10-19,270.3253479003906
2010-10-20,271.0797424316406
2010-10-21,275.2385559082031
2010-10-22,276.9346923828125
2010-10-25,273.8507385253906
2010-10-26,273.3700256347656
2010-10-27,270.31781005859375
2010-10-28,269.4697265625
2010-10-29,269.54681396484375
2010-11-01,272.2634582519531
2010-11-02,274.5673522949219
2010-11-03,274.322509765625
2010-11-04,279.11163330078125
2010-11-08,273.555908203125
2010-11-09,277.5379333496094
2010-11-10,279.6104736328125
2010-11-11,277.07073974609375
2010-11-12,271.9187316894531
2010-11-15,274.8394470214844
2010-11-16,269.4787902832031
2010-11-18,272.4720458984375
2010-11-19,268.8302917480469
2010-11-22,276.07757568359375
2010-11-23,273.2113037109375
2010-11-24,271.7417907714844
2010-11-25,277.9506530761719
2010-11-26,275.9278869628906
2010-11-29,277.9142761230469
2010-11-30,276.7396240234375
2010-12-01,276.8667297363281
2010-12-02,281.0482482910156
2010-12-03,283.45184326171875
2010-12-06,285.1208190917969
2010-12-07,288.3135986328125
2010-12-08,284.0096740722656
2010-12-09,285.8509826660156
2010-12-10,285.1979064941406
2010-12-13,285.2931213378906
2010-12-14,286.5040588378906
2010-12-15,290.5676574707031
2010-12-16,298.7174072265625
2010-12-20,303.85577392578125
2010-12-21,301.978271484375
2010-12-22,302.2730712890625
2010-12-23,305.4839782714844
2010-12-24,305.6880798339844
2010-12-27,306.3003234863281
2010-12-28,306.8218994140625
2010-12-29,308.8400573730469
2010-12-30,312.6541748046875
2010-12-31,312.2732238769531
2011-01-03,313.6882629394531
2011-01-04,315.7834777832031
2011-01-05,313.8016357421875
2011-01-06,315.4841613769531
2011-01-07,305.7424621582031
2011-01-10,308.0101013183594
2011-01-11,301.65625
2011-01-12,306.336669921875
2011-01-13,290.726318359375
2011-01-14,290.6447448730469
2011-01-17,296.4951477050781
2011-01-18,301.41131591796875
2011-01-19,294.75360107421875
2011-01-20,298.9532470703125
2011-01-21,294.2320861816406
2011-01-24,297.932861328125
2011-01-25,295.6651611328125
2011-01-27,289.9734802246094
2011-01-28,287.3657531738281
2011-01-31,282.78973388671875
2011-02-01,280.2046203613281
2011-02-02,280.2091369628906
2011-02-03,282.7806396484375
2011-02-04,276.4584655761719
2011-02-07,280.0459899902344
2011-02-08,280.8758544921875
2011-02-09,283.9688415527344
2011-02-10,276.939208984375
2011-02-11,275.81903076171875
2011-02-14,281.596923828125
2011-02-15,281.7783508300781
2011-02-16,281.4564208984375
2011-02-17,282.3951721191406
2011-02-18,281.2114562988281
2011-02-21,287.1026916503906
2011-02-22,284.98028564453125
2011-02-23,279.26129150390625
2011-02-24,272.91192626953125
2011-02-25,272.77587890625
2011-02-28,271.8506774902344
2011-03-01,279.5877990722656
2011-03-03,274.48114013671875
2011-03-04,277.75555419921875
2011-03-07,275.9867858886719
2011-03-08,282.6626892089844
2011-03-09,280.7760314941406
2011-03-10,280.29986572265625
2011-03-11,277.0027160644531
2011-03-14,281.25677490234375
2011-03-15,274.8485107421875
2011-03-16,274.91650390625
2011-03-17,270.18170166015625
2011-03-18,266.7712707519531
2011-03-21,265.0660095214844
2011-03-22,266.9481506347656
2011-03-23,271.5106201171875
2011-03-24,272.36773681640625
2011-03-25,286.9031982421875
2011-03-28,284.7716064453125
2011-03-29,287.83734130859375
2011-03-30,287.61517333984375
2011-03-31,294.0007629394531
2011-04-01,291.9009094238281
2011-04-04,297.7967834472656
2011-04-05,297.8058166503906
2011-04-06,297.07122802734375
2011-04-07,294.4180603027344
2011-04-08,292.73089599609375
2011-04-11,294.0279541015625
2011-04-13,299.887451171875
2011-04-15,271.161376953125
2011-04-18,263.5966491699219
2011-04-19,261.8959045410156
2011-04-20,263.7054443359375
2011-04-21,263.950439453125
2011-04-25,266.7894592285156
2011-04-26,266.8846130371094
2011-04-27,267.8642578125
2011-04-28,265.68731689453125
2011-04-29,263.6102600097656
2011-05-02,265.08868408203125
2011-05-03,264.045654296875
2011-05-04,260.29949951171875
2011-05-05,258.3721008300781
2011-05-06,262.40838623046875
2011-05-09,263.81878662109375
2011-05-10,261.2336730957031
2011-05-11,263.592041015625
2011-05-12,261.34259033203125
2011-05-13,261.0795593261719
2011-05-16,258.5443115234375
2011-05-17,257.97747802734375
2011-05-18,257.8277587890625
2011-05-19,258.1861267089844
2011-05-20,258.4944763183594
2011-05-23,257.33343505859375
2011-05-24,258.0091857910156
2011-05-25,252.94334411621094
2011-05-26,253.6650848388672
2011-05-27,254.66549682617188
2011-05-30,254.03506469726562
2011-05-31,254.496337890625
2011-06-01,256.8627624511719
2011-06-02,256.0861511230469
2011-06-03,257.2875061035156
2011-06-06,259.26995849609375
2011-06-07,264.26287841796875
2011-06-08,262.35791015625
2011-06-09,261.4261169433594
2011-06-10,261.5038146972656
2011-06-13,262.89703369140625
2011-06-14,262.412841796875
2011-06-15,259.05987548828125
2011-06-16,255.83493041992188
2011-06-17,253.03472900390625
2011-06-20,247.54400634765625
2011-06-21,249.15185546875
2011-06-22,251.7008819580078
2011-06-23,253.89810180664062
2011-06-24,261.28448486328125
2011-06-27,262.298583984375
2011-06-28,261.7732238769531
2011-06-29,263.27618408203125
2011-06-30,265.89825439453125
2011-07-01,268.0633544921875
2011-07-04,268.5019226074219
2011-07-05,270.10064697265625
2011-07-06,269.8495178222656
2011-07-07,273.68658447265625
2011-07-08,271.9370422363281
2011-07-11,266.8757019042969
2011-07-12,255.03550720214844
2011-07-13,253.73370361328125
2011-07-14,250.35784912109375
2011-07-15,249.53564453125
2011-07-18,247.8957061767578
2011-07-19,251.2851104736328
2011-07-20,251.4633331298828
2011-07-21,252.8931427001953
2011-07-22,258.3884582519531
2011-07-25,256.5154724121094
2011-07-26,255.97189331054688
2011-07-27,255.50148010253906
2011-07-28,251.33998107910156
2011-07-29,253.60569763183594
2011-08-01,257.1870422363281
2011-08-02,251.32632446289062
2011-08-03,249.64984130859375
2011-08-04,247.5074462890625
2011-08-05,236.73153686523438
2011-08-08,225.7044219970703
2011-08-09,216.93850708007812
2011-08-10,223.56661987304688
2011-08-11,222.97280883789062
2011-08-12,216.99777221679688
2011-08-16,219.1996307373047
2011-08-17,223.73568725585938
2011-08-18,215.07017517089844
2011-08-19,203.2481231689453
2011-08-22,200.49826049804688
2011-08-23,208.02171325683594
2011-08-24,205.64186096191406
2011-08-25,199.4750213623047
2011-08-26,201.2245635986328
2011-08-29,209.78494262695312
2011-08-30,214.0514373779297
2011-09-02,211.8817138671875
2011-09-05,206.93910217285156
2011-09-06,210.3605194091797
2011-09-07,209.346435546875
2011-09-08,213.64039611816406
2011-09-09,207.7796173095703
2011-09-12,200.85000610351562
2011-09-13,203.00611877441406
2011-09-14,214.84628295898438
2011-09-15,220.1680145263672
2011-09-16,218.8204803466797
2011-09-19,215.8512725830078
2011-09-20,222.6027069091797
2011-09-21,222.52056884765625
2011-09-22,214.93301391601562
2011-09-23,213.67234802246094
2011-09-26,215.15234375
2011-09-27,223.297119140625
2011-09-28,225.681640625
2011-09-29,233.06805419921875
2011-09-30,231.41891479492188
2011-10-03,226.19775390625
2011-10-04,222.78094482421875
2011-10-05,223.55291748046875
2011-10-07,229.1943817138672
2011-10-10,236.61740112304688
2011-10-11,228.81520080566406
2011-10-12,244.7849578857422
2011-10-13,246.3699951171875
2011-10-14,250.66848754882812
2011-10-17,250.92430114746094
2011-10-18,246.81307983398438
2011-10-19,249.20668029785156
2011-10-20,252.40365600585938
2011-10-21,250.11622619628906
2011-10-24,254.2179718017578
2011-10-25,262.61431884765625
2011-10-28,262.6098327636719
2011-10-31,264.34613037109375
2011-11-01,260.584228515625
2011-11-02,260.3820495605469
2011-11-03,257.4149169921875
2011-11-04,259.6059265136719
2011-11-08,261.0895080566406
2011-11-09,260.46484375
2011-11-11,254.98960876464844
2011-11-14,258.0302734375
2011-11-15,257.0657958984375
2011-11-16,255.22848510742188
2011-11-17,252.9502410888672
2011-11-18,251.78353881835938
2011-11-21,245.28880310058594
2011-11-22,250.2402801513672
2011-11-23,243.6856689453125
2011-11-24,244.93040466308594
2011-11-25,238.8213653564453
2011-11-28,242.169921875
2011-11-29,238.6605987548828
2011-11-30,239.478271484375
2011-12-01,243.93370056152344
2011-12-02,247.498046875
2011-12-05,248.14109802246094
2011-12-07,253.45091247558594
2011-12-08,250.1897430419922
2011-12-09,248.98165893554688
2011-12-12,251.73300170898438
2011-12-13,252.83078002929688
2011-12-14,251.73300170898438
2011-12-15,249.53758239746094
2011-12-16,250.28614807128906
2011-12-19,245.86744689941406
2011-12-20,245.1647491455078
2011-12-21,251.98570251464844
2011-12-22,249.95086669921875
2011-12-23,247.55319213867188
2011-12-26,255.00344848632812
2011-12-27,253.49229431152344
2011-12-28,255.56834411621094
2011-12-29,251.90293884277344
2011-12-30,254.25018310546875
2012-01-02,258.0441589355469
2012-01-03,263.1288757324219
2012-01-04,262.2193908691406
2012-01-05,260.910400390625
2012-01-06,260.17547607421875
2012-01-09,260.5796813964844
2012-01-10,263.0645446777344
2012-01-11,259.6655578613281
2012-01-12,237.76956176757812
2012-01-13,237.3975067138672
2012-01-16,242.537353515625
2012-01-17,244.54916381835938
2012-01-18,239.95596313476562
2012-01-19,238.36209106445312
2012-01-20,237.82005310058594
2012-01-23,238.87660217285156
2012-01-24,240.75975036621094
2012-01-25,244.8937530517578
2012-01-27,250.3320770263672
2012-01-30,249.16542053222656
2012-01-31,252.26124572753906
2012-02-01,251.95811462402344
2012-02-02,253.2717742919922
2012-02-03,255.6832275390625
2012-02-06,255.11827087402344
2012-02-07,250.56175231933594
2012-02-08,254.38790893554688
2012-02-09,258.13140869140625
2012-02-10,256.3401184082031
2012-02-13,256.1563415527344
2012-02-14,257.31842041015625
2012-02-15,263.1104736328125
2012-02-16,267.2306213378906
2012-02-17,270.799560546875
2012-02-21,269.9222717285156
2012-02-22,271.2083435058594
2012-02-23,269.4537353515625
2012-02-24,270.82269287109375
2012-02-27,264.87896728515625
2012-02-28,263.8729248046875
2012-02-29,264.8881530761719
2012-03-01,262.4261169433594
2012-03-02,261.420166015625
2012-03-05,258.1268615722656
2012-03-06,262.040283203125
2012-03-07,264.9248962402344
2012-03-09,262.3020935058594
2012-03-12,258.8204040527344
2012-03-13,262.7156066894531
2012-03-14,264.46551513671875
2012-03-15,264.74578857421875
2012-03-16,263.18853759765625
2012-03-19,260.6668395996094
2012-03-20,260.1019287109375
2012-03-21,263.4045104980469
2012-03-22,259.82177734375
2012-03-23,263.9005432128906
2012-03-26,260.0468444824219
2012-03-27,264.1944885253906
2012-03-28,261.1813659667969
2012-03-29,256.48699951171875
2012-03-30,263.3126220703125
2012-04-02,261.8335266113281
2012-04-03,262.5915222167969
2012-04-04,261.9162292480469
2012-04-09,259.3119201660156
2012-04-10,254.5946044921875
2012-04-11,257.62615966796875
2012-04-12,252.68846130371094
2012-04-13,220.71022033691406
2012-04-16,217.2193603515625
2012-04-17,218.7029571533203
2012-04-18,217.8348388671875
2012-04-19,220.97203063964844
2012-04-20,221.1557159423828
2012-04-23,212.29080200195312
2012-04-24,215.84141540527344
2012-04-25,215.8780975341797
2012-04-26,216.4521942138672
2012-04-27,219.6492156982422
2012-04-30,226.1807861328125
2012-05-02,227.0902099609375
2012-05-03,228.0916290283203
2012-05-04,224.3297119140625
2012-05-07,223.93016052246094
2012-05-08,219.91555786132812
2012-05-09,217.37551879882812
2012-05-10,215.3498992919922
2012-05-11,212.3275146484375
2012-05-14,214.8676300048828
2012-05-15,221.87234497070312
2012-05-16,217.57760620117188
2012-05-17,217.77056884765625
2012-05-18,218.90048217773438
2012-05-21,215.00540161132812
2012-05-22,215.06512451171875
2012-05-23,215.71734619140625
2012-05-24,220.78065490722656
2012-05-25,220.04336547851562
2012-05-28,221.24432373046875
2012-05-29,223.44207763671875
2012-05-30,225.55642700195312
2012-05-31,225.28286743164062
2012-06-01,221.55958557128906
2012-06-04,221.22572326660156
2012-06-05,221.52711486816406
2012-06-06,223.9984893798828
2012-06-07,227.4713592529297
2012-06-08,224.34620666503906
2012-06-11,224.93975830078125
2012-06-12,227.94430541992188
2012-06-13,229.06179809570312
2012-06-14,231.6768798828125
2012-06-15,233.9256591796875
2012-06-18,232.91949462890625
2012-06-19,229.7015380859375
2012-06-20,229.06179809570312
2012-06-21,231.0277557373047
2012-06-22,229.465087890625
2012-06-25,228.8809051513672
2012-06-26,226.3074951171875
2012-06-27,228.87631225585938
2012-06-28,229.35855102539062
2012-06-29,232.6876678466797
2012-07-02,231.77879333496094
2012-07-03,230.9581298828125
2012-07-04,229.92416381835938
2012-07-05,230.00299072265625
2012-07-06,226.70166015625
2012-07-09,226.08041381835938
2012-07-10,228.0695037841797
2012-07-11,229.1451873779297
2012-07-12,209.9864044189453
2012-07-13,206.77780151367188
2012-07-16,201.3529052734375
2012-07-17,201.34828186035156
2012-07-18,202.0576629638672
2012-07-19,208.2059326171875
2012-07-20,205.75314331054688
2012-07-23,203.00355529785156
2012-07-24,201.107177734375
2012-07-25,201.097900390625
2012-07-26,196.94805908203125
2012-07-27,199.25245666503906
2012-07-30,204.9138946533203
2012-07-31,206.51358032226562
2012-08-01,205.73458862304688
2012-08-02,204.54757690429688
2012-08-03,204.80259704589844
2012-08-06,205.572265625
2012-08-07,208.95709228515625
2012-08-08,211.7669219970703
2012-08-09,211.62318420410156
2012-08-10,214.49790954589844
2012-08-13,215.1516876220703
2012-08-14,216.00946044921875
2012-08-16,214.72047424316406
2012-08-17,218.02186584472656
2012-08-21,223.39569091796875
2012-08-22,225.6770477294922
2012-08-23,229.7201385498047
2012-08-24,226.71563720703125
2012-08-27,223.6646728515625
2012-08-28,224.52243041992188
2012-08-29,221.4761962890625
2012-08-30,221.88414001464844
2012-08-31,219.0048065185547
2012-09-03,219.32469177246094
2012-09-04,218.92596435546875
2012-09-05,216.94606018066406
2012-09-06,224.60133361816406
2012-09-07,230.6521759033203
2012-09-10,232.979736328125
2012-09-11,234.57012939453125
2012-09-12,235.51605224609375
2012-09-13,236.93954467773438
2012-09-14,244.08468627929688
2012-09-17,237.81581115722656
2012-09-18,241.18209838867188
2012-09-20,242.7028045654297
2012-09-21,240.48658752441406
2012-09-24,241.12184143066406
2012-09-25,240.92701721191406
2012-09-26,240.1156463623047
2012-09-27,236.4109649658203
2012-09-28,235.07562255859375
2012-10-01,242.00271606445312
2012-10-03,239.09091186523438
2012-10-04,238.84982299804688
2012-10-05,234.32444763183594
2012-10-08,230.7402801513672
2012-10-09,235.19607543945312
2012-10-10,232.2193603515625
2012-10-11,234.91329956054688
2012-10-12,222.12991333007812
2012-10-15,219.37107849121094
2012-10-16,218.4530487060547
2012-10-17,219.79302978515625
2012-10-18,221.8881378173828
2012-10-19,222.4247283935547
2012-10-22,222.6300811767578
2012-10-23,219.60166931152344
2012-10-25,218.82241821289062
2012-10-29,217.9591827392578
2012-10-30,220.0916748046875
2012-10-31,220.52560424804688
2012-11-01,220.67959594726562
2012-11-02,222.86807250976562
2012-11-05,221.96746826171875
2012-11-06,222.26609802246094
2012-11-07,224.38929748535156
2012-11-08,221.67352294921875
2012-11-09,219.1910858154297
2012-11-12,220.1476593017578
2012-11-15,214.3009033203125
2012-11-16,218.69183349609375
2012-11-19,220.11032104492188
2012-11-20,216.9559326171875
2012-11-21,219.2983856201172
2012-11-22,222.3547821044922
2012-11-23,221.88348388671875
2012-11-26,225.60244750976562
2012-11-27,230.57200622558594
2012-11-29,228.2015380859375
2012-11-30,227.4176788330078
2012-12-03,227.63223266601562
2012-12-04,227.47364807128906
2012-12-05,222.345458984375
2012-12-06,218.2205047607422
2012-12-07,216.61997985839844
2012-12-10,215.91073608398438
2012-12-11,214.0908660888672
2012-12-12,214.44088745117188
2012-12-13,213.1110382080078
2012-12-14,212.66770935058594
2012-12-17,211.49649047851562
2012-12-18,211.9397430419922
2012-12-19,214.28688049316406
2012-12-20,214.60890197753906
2012-12-21,214.35220336914062
2012-12-24,216.727294921875
2012-12-26,216.06939697265625
2012-12-27,213.5029754638672
2012-12-28,216.8113250732422
2012-12-31,216.391357421875
2013-01-01,215.47210693359375
2013-01-02,215.5047149658203
2013-01-03,218.18316650390625
2013-01-04,219.27044677734375
2013-01-07,221.62684631347656
2013-01-08,218.7524871826172
2013-01-09,217.5392303466797
2013-01-10,216.727294921875
2013-01-11,253.1051788330078
2013-01-14,261.9150085449219
2013-01-15,260.099853515625
2013-01-16,258.2706604003906
2013-01-17,261.1170349121094
2013-01-18,260.1931457519531
2013-01-21,260.9631042480469
2013-01-22,259.7731628417969
2013-01-23,260.33782958984375
2013-01-24,261.140380859375
2013-01-25,262.6756286621094
2013-01-28,262.3022155761719
2013-01-29,261.21502685546875
2013-01-30,260.43572998046875
2013-01-31,260.3284606933594
2013-02-01,258.5973205566406
2013-02-04,258.28466796875
2013-02-05,257.19268798828125
2013-02-06,259.06854248046875
2013-02-07,260.3284606933594
2013-02-08,260.32379150390625
2013-02-11,260.56646728515625
2013-02-12,257.1321105957031
2013-02-13,260.3330993652344
2013-02-14,262.49822998046875
2013-02-15,260.2444763183594
2013-02-18,259.4512634277344
2013-02-19,263.2168273925781
2013-02-20,263.1236267089844
2013-02-21,262.03631591796875
2013-02-22,265.09271240234375
2013-02-25,272.302001953125
2013-02-26,276.22161865234375
2013-02-27,271.62542724609375
2013-02-28,271.2940673828125
2013-03-01,271.9287414550781
2013-03-04,270.962890625
2013-03-05,272.628662109375
2013-03-06,277.1828308105469
2013-03-07,280.3791809082031
2013-03-08,277.1968688964844
2013-03-11,274.9104309082031
2013-03-12,272.3300476074219
2013-03-13,267.22979736328125
2013-03-14,268.2237243652344
2013-03-15,268.6109924316406
2013-03-18,266.9778747558594
2013-03-19,266.5345153808594
2013-03-20,267.43511962890625
2013-03-21,268.1023864746094
2013-03-22,267.2064514160156
2013-03-25,266.2312927246094
2013-03-26,266.3991394042969
2013-03-28,269.64697265625
2013-04-01,274.7657470703125
2013-04-02,277.0848388671875
2013-04-03,277.02886962890625
2013-04-04,268.7789611816406
2013-04-05,267.4538269042969
2013-04-08,264.2853698730469
2013-04-09,258.16802978515625
2013-04-10,262.7688293457031
2013-04-11,272.1993713378906
2013-04-12,214.33351135253906
2013-04-15,218.29049682617188
2013-04-16,214.2961883544922
2013-04-17,213.13902282714844
2013-04-18,214.24488830566406
2013-04-22,209.4713897705078
2013-04-23,211.12318420410156
2013-04-25,207.89881896972656
2013-04-26,206.43360900878906
2013-04-29,208.04812622070312
2013-04-30,208.6220703125
2013-05-02,213.4049835205078
2013-05-03,215.3881378173828
2013-05-06,218.4818115234375
2013-05-07,219.20042419433594
2013-05-08,219.37307739257812
2013-05-09,220.37628173828125
2013-05-10,221.32362365722656
2013-05-13,218.34182739257812
2013-05-14,219.3170623779297
2013-05-15,220.2876739501953
2013-05-16,217.68856811523438
2013-05-17,219.47573852539062
2013-05-20,221.37013244628906
2013-05-21,223.75466918945312
2013-05-22,222.6068115234375
2013-05-23,220.23167419433594
2013-05-24,219.11642456054688
2013-05-27,221.4308624267578
2013-05-28,220.82427978515625
2013-05-29,219.536376953125
2013-05-30,221.05162048339844
2013-05-31,227.6837615966797
2013-06-03,237.35116577148438
2013-06-04,235.63291931152344
2013-06-05,232.36167907714844
2013-06-06,229.37838745117188
2013-06-07,230.9975128173828
2013-06-10,234.76913452148438
2013-06-11,233.70704650878906
2013-06-12,228.5948486328125
2013-06-13,224.68165588378906
2013-06-14,226.10247802734375
2013-06-17,228.712890625
2013-06-18,230.97393798828125
2013-06-19,230.1997833251953
2013-06-20,223.66201782226562
2013-06-21,228.34933471679688
2013-06-24,224.72882080078125
2013-06-25,224.1151885986328
2013-06-26,226.52259826660156
2013-06-27,234.39617919921875
2013-06-28,235.9114990234375
2013-07-01,231.39402770996094
2013-07-02,226.9521484375
2013-07-03,227.0041046142578
2013-07-04,232.99896240234375
2013-07-05,231.8849639892578
2013-07-08,233.01315307617188
2013-07-09,235.85009765625
2013-07-10,236.12857055664062
2013-07-11,238.69651794433594
2013-07-12,264.7389221191406
2013-07-15,258.9328308105469
2013-07-16,257.6205749511719
2013-07-17,259.7022705078125
2013-07-18,264.41314697265625
2013-07-19,268.822021484375
2013-07-22,271.5882263183594
2013-07-23,273.9672546386719
2013-07-24,274.5951232910156
2013-07-25,275.2276611328125
2013-07-26,275.0388488769531
2013-07-29,275.7846984863281
2013-07-30,279.0417785644531
2013-07-31,280.35870361328125
2013-08-01,280.8307189941406
2013-08-02,284.0549011230469
2013-08-05,284.07843017578125
2013-08-06,282.0297546386719
2013-08-07,279.76397705078125
2013-08-08,279.8772888183594
2013-08-12,283.7337646484375
2013-08-13,291.1165771484375
2013-08-14,289.7995910644531
2013-08-16,281.184814453125
2013-08-19,283.6960144042969
2013-08-20,283.8518371582031
2013-08-21,279.3297119140625
2013-08-22,285.1310729980469
2013-08-23,283.2901611328125
2013-08-26,286.1223449707031
2013-08-27,288.5155944824219
2013-08-28,294.1989440917969
2013-08-29,293.0990905761719
2013-08-30,293.2171630859375
2013-09-02,291.333740234375
2013-09-03,286.40557861328125
2013-09-04,293.8636779785156
2013-09-05,283.6772766113281
2013-09-06,285.966552734375
2013-09-10,298.2254333496094
2013-09-11,294.46807861328125
2013-09-12,289.4407958984375
2013-09-13,285.87225341796875
2013-09-16,282.60089111328125
2013-09-17,285.357666015625
2013-09-18,284.84307861328125
2013-09-19,285.01776123046875
2013-09-20,282.7662048339844
2013-09-23,285.05548095703125
2013-09-24,284.6495666503906
2013-09-25,284.135009765625
2013-09-26,284.3852233886719
2013-09-27,283.8471374511719
2013-09-30,284.4513244628906
2013-10-01,284.64013671875
2013-10-03,286.7312927246094
2013-10-04,284.77227783203125
2013-10-07,285.2867431640625
2013-10-08,286.447998046875
2013-10-09,293.5947265625
2013-10-10,295.27044677734375
2013-10-11,309.13897705078125
2013-10-14,313.84527587890625
2013-10-15,316.7199401855469
2013-10-17,310.4231262207031
2013-10-18,314.7967834472656
2013-10-21,316.7817687988281
2013-10-22,317.43701171875
2013-10-23,315.7702331542969
2013-10-24,314.2458190917969
2013-10-25,316.41131591796875
2013-10-28,315.64202880859375
2013-10-29,316.79595947265625
2013-10-30,315.6846618652344
2013-10-31,314.35504150390625
2013-11-01,311.2019958496094
2013-11-05,310.1715393066406
2013-11-06,313.99896240234375
2013-11-07,318.8854064941406
2013-11-08,319.1180419921875
2013-11-11,319.3603210449219
2013-11-12,316.9147033691406
2013-11-13,316.4587707519531
2013-11-14,318.56719970703125
2013-11-18,323.3017272949219
2013-11-19,326.99139404296875
2013-11-20,323.12127685546875
2013-11-21,317.62701416015625
2013-11-22,317.9356384277344
2013-11-25,315.8841857910156
2013-11-26,314.9535217285156
2013-11-27,312.778564453125
2013-11-28,316.0551452636719
2013-11-29,318.595703125
2013-12-02,317.09039306640625
2013-12-03,318.04486083984375
2013-12-04,319.6214294433594
2013-12-05,318.2871398925781
2013-12-06,315.8652648925781
2013-12-09,317.0998840332031
2013-12-10,320.143798828125
2013-12-11,320.4761962890625
2013-12-12,319.47894287109375
2013-12-13,320.4287414550781
2013-12-16,327.874755859375
2013-12-17,328.2640686035156
2013-12-18,328.3685607910156
2013-12-19,333.5731201171875
2013-12-20,337.28668212890625
2013-12-23,329.4132995605469
2013-12-24,331.11810302734375
2013-12-26,334.37091064453125
2013-12-27,338.2316589355469
2013-12-30,332.6329040527344
2013-12-31,331.0467834472656
2014-01-01,329.3705139160156
2014-01-02,330.5624694824219
2014-01-03,338.5973205566406
2014-01-06,334.1097717285156
2014-01-07,328.34002685546875
2014-01-08,325.5810852050781
2014-01-09,327.737060546875
2014-01-10,337.27716064453125
2014-01-13,348.08050537109375
2014-01-14,350.14617919921875
2014-01-15,352.54901123046875
2014-01-16,353.7836608886719
2014-01-17,354.2300720214844
2014-01-20,356.0868225097656
2014-01-21,356.9464111328125
2014-01-22,357.6632995605469
2014-01-23,360.1897277832031
2014-01-24,356.92724609375
2014-01-27,354.4627990722656
2014-01-28,349.03973388671875
2014-01-29,353.0951843261719
2014-01-30,351.80816650390625
2014-01-31,351.509033203125
2014-02-03,344.6756591796875
2014-02-04,338.21270751953125
2014-02-05,340.12640380859375
2014-02-06,338.4595642089844
2014-02-07,338.730224609375
2014-02-10,339.4188537597656
2014-02-11,341.55096435546875
2014-02-12,341.91656494140625
2014-02-13,340.55853271484375
2014-02-14,346.114501953125
2014-02-17,347.4299011230469
2014-02-18,349.69500732421875
2014-02-19,356.4761962890625
2014-02-20,352.4730224609375
2014-02-21,356.21978759765625
2014-02-24,356.14373779296875
2014-02-25,359.2778625488281
2014-02-26,361.6142578125
2014-02-28,363.2621154785156
2014-03-03,360.73583984375
2014-03-04,360.8592834472656
2014-03-05,362.9628601074219
2014-03-06,363.9316101074219
2014-03-07,355.2320251464844
2014-03-10,348.7073669433594
2014-03-11,349.0634460449219
2014-03-12,348.6788330078125
2014-03-13,318.8854064941406
2014-03-14,322.3567199707031
2014-03-18,318.21575927734375
2014-03-19,310.7317810058594
2014-03-20,313.7044677734375
2014-03-21,313.9515075683594
2014-03-24,311.116455078125
2014-03-25,309.08404541015625
2014-03-26,308.56170654296875
2014-03-27,306.8663635253906
2014-03-28,309.86285400390625
2014-03-31,311.78131103515625
2014-04-01,314.73980712890625
2014-04-02,315.5091247558594
2014-04-03,317.0380859375
2014-04-04,314.9392395019531
2014-04-07,312.7879943847656
2014-04-09,309.09832763671875
2014-04-10,304.0314636230469
2014-04-11,307.2557678222656
2014-04-15,309.5968933105469
2014-04-16,299.862060546875
2014-04-17,303.1624755859375
2014-04-21,302.2981262207031
2014-04-22,299.2304992675781
2014-04-23,301.3198547363281
2014-04-24,301.3198547363281
2014-04-25,301.60015869140625
2014-04-28,301.8327331542969
2014-04-29,301.80426025390625
2014-04-30,302.0939025878906
2014-05-02,305.7884826660156
2014-05-05,301.7234802246094
2014-05-06,300.6075744628906
2014-05-07,291.3191833496094
2014-05-08,291.1244201660156
2014-05-09,295.5074462890625
2014-05-12,301.5526123046875
2014-05-13,310.1145324707031
2014-05-14,309.0556335449219
2014-05-15,310.79833984375
2014-05-16,301.78521728515625
2014-05-19,286.3519592285156
2014-05-20,296.5284729003906
2014-05-21,299.8431091308594
2014-05-22,295.7400817871094
2014-05-23,291.528076171875
2014-05-26,293.930908203125
2014-05-27,297.65386962890625
2014-05-28,301.3816833496094
2014-05-29,281.56744384765625
2014-05-30,283.0020751953125
2014-06-02,288.177001953125
2014-06-03,290.49249267578125
2014-06-04,287.3441162109375
2014-06-05,292.79833984375
2014-06-06,289.13018798828125
2014-06-09,287.53192138671875
2014-06-10,296.07183837890625
2014-06-11,307.45196533203125
2014-06-12,305.6901550292969
2014-06-13,306.84063720703125
2014-06-16,312.3429870605469
2014-06-17,312.6029357910156
2014-06-18,311.9915466308594
2014-06-19,318.8658447265625
2014-06-20,319.3183898925781
2014-06-23,311.2261047363281
2014-06-24,308.4581298828125
2014-06-25,309.1754455566406
2014-06-26,306.40740966796875
2014-06-27,310.34527587890625
2014-06-30,313.44061279296875
2014-07-01,310.1190185546875
2014-07-02,309.56536865234375
2014-07-03,309.1225280761719
2014-07-04,312.51629638671875
2014-07-07,322.0960693359375
2014-07-08,321.7783203125
2014-07-09,318.7166748046875
2014-07-10,317.0173034667969
2014-07-11,320.2860107421875
2014-07-14,310.5232849121094
2014-07-15,310.5617980957031
2014-07-16,310.9421081542969
2014-07-17,311.8760681152344
2014-07-18,313.05548095703125
2014-07-21,308.15960693359375
2014-07-22,311.3369140625
2014-07-23,322.481201171875
2014-07-24,325.6390380859375
2014-07-25,322.7459411621094
2014-07-28,324.5655822753906
2014-07-30,324.6715393066406
2014-07-31,324.2334289550781
2014-08-01,321.6965026855469
2014-08-04,333.6592102050781
2014-08-05,338.2275390625
2014-08-06,344.27874755859375
2014-08-07,337.6835632324219
2014-08-08,335.3055419921875
2014-08-11,344.0523986816406
2014-08-12,344.3702087402344
2014-08-13,347.4125061035156
2014-08-14,347.8121643066406
2014-08-18,342.7333679199219
2014-08-19,341.57806396484375
2014-08-20,342.22796630859375
2014-08-21,341.688720703125
2014-08-22,346.7001647949219
2014-08-25,349.28033447265625
2014-08-26,348.928955078125
2014-08-27,349.54510498046875
2014-08-28,346.4882507324219
2014-09-01,346.5700988769531
2014-09-02,347.92767333984375
2014-09-03,359.529296875
2014-09-04,357.0741271972656
2014-09-05,359.1922607421875
2014-09-08,364.0927734375
2014-09-09,359.7026062011719
2014-09-10,353.0834045410156
2014-09-11,354.7057189941406
2014-09-12,353.3337097167969
2014-09-15,350.5801086425781
2014-09-16,351.5380859375
2014-09-17,360.18389892578125
2014-09-18,355.9428405761719
2014-09-19,356.4290466308594
2014-09-22,351.47552490234375
2014-09-23,347.2874450683594
2014-09-24,350.9170837402344
2014-09-25,355.3651428222656
2014-09-26,354.320556640625
2014-09-29,360.9541015625
2014-09-30,360.8290100097656
2014-10-01,370.4135437011719
2014-10-07,368.8730773925781
2014-10-08,351.4321594238281
2014-10-09,351.10968017578125
2014-10-10,374.3947448730469
2014-10-13,379.5841369628906
2014-10-14,377.24932861328125
2014-10-15,377.24932861328125
2014-10-16,375.0179443359375
2014-10-17,373.6935119628906
2014-10-20,369.88067626953125
2014-10-21,366.0579528808594
2014-10-22,368.2991638183594
2014-10-27,368.97833251953125
2014-10-28,367.54229736328125
2014-10-29,376.5848388671875
2014-10-30,382.9009094238281
2014-10-31,393.05902099609375
2014-11-03,396.4208679199219
2014-11-05,400.1949768066406
2014-11-07,404.25054931640625
2014-11-10,404.1437683105469
2014-11-11,400.23382568359375
2014-11-12,398.3709716796875
2014-11-13,405.414794921875
2014-11-14,406.680908203125
2014-11-17,409.2810363769531
2014-11-18,405.778564453125
2014-11-19,404.9053955078125
2014-11-20,409.9748229980469
2014-11-21,402.26641845703125
2014-11-24,414.7774658203125
2014-11-25,417.5036926269531
2014-11-26,417.2368469238281
2014-11-27,423.58685302734375
2014-11-28,423.0
2014-12-01,422.02978515625
2014-12-02,412.652587890625
2014-12-03,412.0510559082031
2014-12-04,407.8402404785156
2014-12-05,401.7279357910156
2014-12-08,382.2945251464844
2014-12-09,381.2563781738281
2014-12-10,381.0526123046875
2014-12-11,372.7669677734375
2014-12-12,376.1821594238281
2014-12-15,373.49468994140625
2014-12-16,376.0560302734375
2014-12-17,376.153076171875
2014-12-18,381.4698486328125
2014-12-19,387.82476806640625
2014-12-22,388.00909423828125
2014-12-23,382.5855712890625
2014-12-24,374.6103820800781
2014-12-26,378.8211364746094
2014-12-29,379.8980712890625
2014-12-30,381.55712890625
2014-12-31,382.7602844238281
2015-01-01,383.11920166015625
2015-01-02,390.6480407714844
2015-01-05,387.2911376953125
2015-01-06,379.19952392578125
2015-01-07,381.0138244628906
2015-01-08,382.93487548828125
2015-01-09,402.5331726074219
2015-01-12,410.5860595703125
2015-01-13,405.3371887207031
2015-01-14,413.0503845214844
2015-01-15,414.1369934082031
2015-01-16,411.0419921875
2015-01-19,407.97613525390625
2015-01-20,412.18695068359375
2015-01-21,421.05462646484375
2015-01-22,426.2065124511719
2015-01-23,429.8157653808594
2015-01-27,414.5736083984375
2015-01-28,416.1356506347656
2015-01-29,416.3200378417969
2015-01-30,415.6213684082031
2015-02-02,414.6415710449219
2015-02-03,411.5465393066406
2015-02-04,415.8058166503906
2015-02-05,425.6922607421875
2015-02-06,432.81378173828125
2015-02-09,436.3840026855469
2015-02-10,442.0889892578125
2015-02-11,443.360107421875
2015-02-12,448.4728698730469
2015-02-13,445.5428771972656
2015-02-16,442.1763000488281
2015-02-18,445.62054443359375
2015-02-19,451.0925598144531
2015-02-20,443.0202941894531
2015-02-23,439.6246337890625
2015-02-24,441.0218811035156
2015-02-25,449.71478271484375
2015-02-26,438.1693115234375
2015-02-27,439.6537170410156
2015-03-02,444.68914794921875
2015-03-03,445.8825378417969
2015-03-04,441.3807067871094
2015-03-05,436.1318664550781
2015-03-09,424.96466064453125
2015-03-10,426.5072326660156
2015-03-11,423.4414367675781
2015-03-12,430.4464416503906
2015-03-13,430.8537902832031
2015-03-16,439.828369140625
2015-03-17,434.754150390625
2015-03-18,432.6197204589844
2015-03-19,432.8039245605469
2015-03-20,438.0431823730469
2015-03-23,433.3860778808594
2015-03-24,429.11712646484375
2015-03-25,430.6015930175781
2015-03-26,416.4850158691406
2015-03-27,427.31256103515625
2015-03-30,432.32855224609375
2015-03-31,430.4560852050781
2015-04-01,421.8404846191406
2015-04-06,422.665283203125
2015-04-07,419.0365905761719
2015-04-08,427.00213623046875
2015-04-09,429.80609130859375
2015-04-10,433.483154296875
2015-04-13,434.4241943359375
2015-04-15,429.5536804199219
2015-04-16,425.85723876953125
2015-04-17,422.86895751953125
2015-04-20,413.7295227050781
2015-04-21,415.7572937011719
2015-04-22,414.806396484375
2015-04-23,411.75994873046875
2015-04-24,387.1552734375
2015-04-27,385.1080627441406
2015-04-28,380.4996032714844
2015-04-29,380.5481262207031
2015-04-30,376.88067626953125
2015-05-04,386.747802734375
2015-05-05,380.85858154296875
2015-05-06,372.96099853515625
2015-05-07,377.2202453613281
2015-05-08,379.9271545410156
2015-05-11,386.85455322265625
2015-05-12,377.82183837890625
2015-05-13,379.6846008300781
2015-05-14,375.4350891113281
2015-05-15,380.66455078125
2015-05-18,386.7381591796875
2015-05-19,392.4235534667969
2015-05-20,397.2649230957031
2015-05-21,397.48809814453125
2015-05-22,397.10003662109375
2015-05-25,391.3465881347656
2015-05-26,389.5032653808594
2015-05-27,381.97430419921875
2015-05-28,391.30780029296875
2015-05-29,392.57879638671875
2015-06-01,397.3619689941406
2015-06-02,389.7652282714844
2015-06-03,392.1421813964844
2015-06-04,393.52960205078125
2015-06-05,390.3472595214844
2015-06-08,388.096435546875
2015-06-09,386.5538024902344
2015-06-10,393.22882080078125
2015-06-11,387.63067626953125
2015-06-12,383.245361328125
2015-06-15,390.20880126953125
2015-06-16,393.7151184082031
2015-06-17,392.27716064453125
2015-06-18,394.7394104003906
2015-06-19,392.13922119140625
2015-06-22,403.36737060546875
2015-06-23,394.1288146972656
2015-06-24,392.040771484375
2015-06-25,390.20880126953125
2015-06-26,396.03948974609375
2015-06-29,390.090576171875
2015-06-30,387.80548095703125
2015-07-01,392.9468994140625
2015-07-02,389.2434387207031
2015-07-03,390.149658203125
2015-07-06,387.3918762207031
2015-07-07,386.2887268066406
2015-07-08,377.2274475097656
2015-07-09,369.54498291015625
2015-07-10,369.3480224609375
2015-07-13,374.331787109375
2015-07-14,382.64447021484375
2015-07-15,387.6675720214844
2015-07-16,389.6571960449219
2015-07-17,394.7000427246094
2015-07-20,394.463623046875
2015-07-21,438.35205078125
2015-07-22,434.6092834472656
2015-07-23,432.58038330078125
2015-07-24,428.4831237792969
2015-07-27,419.697509765625
2015-07-28,418.7322082519531
2015-07-29,427.6163635253906
2015-07-30,421.5491943359375
2015-07-31,424.32672119140625
2015-08-03,425.0751647949219
2015-08-04,416.5260925292969
2015-08-05,427.99053955078125
2015-08-06,428.2268981933594
2015-08-07,431.63482666015625
2015-08-10,427.8526611328125
2015-08-11,436.97320556640625
2015-08-12,450.86065673828125
2015-08-13,456.2185974121094
2015-08-14,452.7713623046875
2015-08-17,449.9742736816406
2015-08-18,458.7203674316406
2015-08-19,463.13287353515625
2015-08-20,446.9800109863281
2015-08-21,453.027587890625
2015-08-24,430.2362976074219
2015-08-25,427.7148132324219
2015-08-26,419.4217224121094
2015-08-27,426.592041015625
2015-08-28,437.72174072265625
2015-08-31,431.16204833984375
2015-09-01,429.0346374511719
2015-09-02,433.15155029296875
2015-09-03,433.1122131347656
2015-09-04,423.10528564453125
2015-09-07,417.11700439453125
2015-09-08,417.1367492675781
2015-09-09,428.9163513183594
2015-09-10,425.6661376953125
2015-09-11,429.7239990234375
2015-09-14,433.2697448730469
2015-09-15,433.0531005859375
2015-09-16,434.0183410644531
2015-09-18,435.1214599609375
2015-09-21,435.2003173828125
2015-09-22,436.3033142089844
2015-09-23,439.77032470703125
2015-09-24,449.34375
2015-09-28,435.55487060546875
2015-09-29,441.9765625
2015-09-30,457.7748718261719
2015-10-01,462.14794921875
2015-10-05,465.575439453125
2015-10-06,454.8791198730469
2015-10-07,446.4481201171875
2015-10-08,446.034423828125
2015-10-09,459.92193603515625
2015-10-12,442.3902282714844
2015-10-13,433.1318359375
2015-10-14,432.4228820800781
2015-10-15,432.32427978515625
2015-10-16,435.3260498046875
2015-10-19,442.10504150390625
2015-10-20,447.67132568359375
2015-10-21,452.6215515136719
2015-10-23,457.19390869140625
2015-10-26,458.0883483886719
2015-10-27,456.9950866699219
2015-10-28,458.5058288574219
2015-10-29,455.26544189453125
2015-10-30,451.4484558105469
2015-11-02,449.7587585449219
2015-11-03,455.44439697265625
2015-11-04,451.9853515625
2015-11-05,446.458740234375
2015-11-06,452.5816955566406
2015-11-09,451.110595703125
2015-11-10,438.88458251953125
2015-11-13,437.671875
2015-11-16,429.4814147949219
2015-11-17,422.0464172363281
2015-11-18,405.54632568359375
2015-11-19,416.5993957519531
2015-11-20,418.4283447265625
2015-11-23,418.9451599121094
2015-11-24,413.9554443359375
2015-11-26,418.4283447265625
2015-11-27,423.97479248046875
2015-11-30,432.5429992675781
2015-12-01,429.00445556640625
2015-12-02,421.728271484375
2015-12-03,420.5555725097656
2015-12-04,417.096435546875
2015-12-07,415.9831848144531
2015-12-08,415.2475891113281
2015-12-09,408.8065185546875
2015-12-10,416.42047119140625
2015-12-11,418.58734130859375
2015-12-14,425.22723388671875
2015-12-15,428.42779541015625
2015-12-16,435.7038269042969
2015-12-17,440.1767883300781
2015-12-18,430.6544189453125
2015-12-21,438.7254638671875
2015-12-22,430.89288330078125
2015-12-23,437.6917419433594
2015-12-24,435.9026184082031
2015-12-28,439.2424011230469
2015-12-29,439.2225341796875
2015-12-30,431.9068298339844
2015-12-31,439.5007629394531
2016-01-01,439.4411926269531
2016-01-04,428.964599609375
2016-01-05,427.0362548828125
2016-01-06,425.16748046875
2016-01-07,417.79217529296875
2016-01-08,422.7621154785156
2016-01-11,419.7403259277344
2016-01-12,417.45428466796875
2016-01-13,430.7537536621094
2016-01-14,450.47442626953125
2016-01-15,453.2179260253906
2016-01-18,450.0370788574219
2016-01-19,453.118408203125
2016-01-20,445.8027648925781
2016-01-21,452.084716796875
2016-01-22,451.7666320800781
2016-01-25,452.32330322265625
2016-01-27,452.6611633300781
2016-01-28,449.1226501464844
2016-01-29,463.15777587890625
2016-02-01,466.5174560546875
2016-02-02,467.3921203613281
2016-02-03,460.29498291015625
2016-02-04,469.0620422363281
2016-02-05,467.05401611328125
2016-02-08,457.5516662597656
2016-02-09,440.39544677734375
2016-02-10,440.7532958984375
2016-02-11,428.86517333984375
2016-02-12,431.250732421875
2016-02-15,434.0736389160156
2016-02-16,429.06396484375
2016-02-17,436.4989929199219
2016-02-18,446.6574401855469
2016-02-19,448.18829345703125
2016-02-22,447.9497375488281
2016-02-23,446.8562927246094
2016-02-24,447.4328308105469
2016-02-25,441.4490051269531
2016-02-26,445.7628479003906
2016-02-29,431.0121154785156
2016-03-01,447.4726257324219
2016-03-02,459.6192321777344
2016-03-03,464.90716552734375
2016-03-04,465.44390869140625
2016-03-08,462.5811767578125
2016-03-09,468.5649719238281
2016-03-10,454.2516174316406
2016-03-11,454.450439453125
2016-03-14,453.7347106933594
2016-03-15,451.0311279296875
2016-03-16,458.2075500488281
2016-03-17,461.9052734375
2016-03-18,474.4891357421875
2016-03-21,475.08551025390625
2016-03-22,473.11749267578125
2016-03-23,480.2145080566406
2016-03-28,479.06158447265625
2016-03-29,476.0198974609375
2016-03-30,479.4788513183594
2016-03-31,484.3892822265625
2016-04-01,479.2801513671875
2016-04-04,494.488037109375
2016-04-05,484.985595703125
2016-04-06,477.3916320800781
2016-04-07,469.7578125
2016-04-08,463.4956970214844
2016-04-11,470.7119445800781
2016-04-12,470.0359802246094
2016-04-13,466.2588806152344
2016-04-18,492.50018310546875
2016-04-20,494.4483337402344
2016-04-21,487.57000732421875
2016-04-22,481.58624267578125
2016-04-25,483.4150695800781
2016-04-26,489.8959045410156
2016-04-27,493.0766296386719
2016-04-28,480.7513122558594
2016-04-29,480.3337097167969
2016-05-02,477.5307312011719
2016-05-03,468.28668212890625
2016-05-04,472.6800537109375
2016-05-05,474.1114196777344
2016-05-06,469.7578125
2016-05-09,476.7357482910156
2016-05-10,482.2024841308594
2016-05-11,477.8487854003906
2016-05-12,481.0892028808594
2016-05-13,479.99578857421875
2016-05-16,483.0771179199219
2016-05-17,482.779052734375
2016-05-18,481.0295104980469
2016-05-19,479.3994445800781
2016-05-20,477.7494201660156
2016-05-23,472.3421325683594
2016-05-24,472.2427978515625
2016-05-25,480.5523986816406
2016-05-26,490.6910400390625
2016-05-27,495.9990234375
2016-05-30,503.9906921386719
2016-05-31,496.4561767578125
2016-06-01,500.2532653808594
2016-06-02,501.585205078125
2016-06-03,503.7122802734375
2016-06-06,503.65264892578125
2016-06-07,499.9351806640625
2016-06-08,492.2615966796875
2016-06-09,476.8362731933594
2016-06-10,474.8654479980469
2016-06-13,474.9861755371094
2016-06-14,472.6129455566406
2016-06-15,478.6261291503906
2016-06-16,477.03753662109375
2016-06-17,474.42291259765625
2016-06-20,486.18817138671875
2016-06-21,485.1220703125
2016-06-22,482.4674072265625
2016-06-23,487.33441162109375
2016-06-24,480.4765319824219
2016-06-27,469.07330322265625
2016-06-28,466.23779296875
2016-06-29,473.3572082519531
2016-06-30,470.9236755371094
2016-07-01,471.5672912597656
2016-07-04,476.2129211425781
2016-07-05,472.7939758300781
2016-07-07,465.4735107421875
2016-07-08,465.8555908203125
2016-07-11,472.6331787109375
2016-07-12,473.2364807128906
2016-07-13,480.17486572265625
2016-07-14,473.1158142089844
2016-07-15,431.4052429199219
2016-07-18,435.18597412109375
2016-07-19,437.1971740722656
2016-07-20,435.64874267578125
2016-07-21,434.3615417480469
2016-07-22,431.36492919921875
2016-07-25,434.7436828613281
2016-07-26,437.90106201171875
2016-07-27,436.55364990234375
2016-07-28,433.3961486816406
2016-07-29,431.92803955078125
2016-08-01,436.5133972167969
2016-08-02,435.93017578125
2016-08-03,436.3726806640625
2016-08-04,431.1035461425781
2016-08-05,429.5750732421875
2016-08-08,433.8788146972656
2016-08-09,435.7693786621094
2016-08-10,435.346923828125
2016-08-11,433.3358154296875
2016-08-12,427.38287353515625
2016-08-16,423.0590515136719
2016-08-17,415.617919921875
2016-08-18,411.6358642578125
2016-08-19,410.7911682128906
2016-08-22,408.4381408691406
2016-08-23,418.17205810546875
2016-08-24,425.31146240234375
2016-08-25,416.7642517089844
2016-08-26,410.3688659667969
2016-08-29,411.39453125
2016-08-30,418.4736328125
2016-08-31,416.64349365234375
2016-09-01,417.3273620605469
2016-09-02,415.03460693359375
2016-09-06,420.32391357421875
2016-09-07,424.0846862792969
2016-09-08,417.3675842285156
2016-09-09,416.5027770996094
2016-09-12,423.94390869140625
2016-09-14,420.56524658203125
2016-09-15,419.19769287109375
2016-09-16,426.4176025390625
2016-09-19,426.8398742675781
2016-09-20,422.3953552246094
2016-09-21,424.6478271484375
2016-09-22,425.87457275390625
2016-09-23,419.33843994140625
2016-09-26,416.66363525390625
2016-09-27,418.2121887207031
2016-09-28,417.89044189453125
2016-09-29,413.96875
2016-09-30,416.72406005859375
2016-10-03,417.5485534667969
2016-10-04,422.01318359375
2016-10-05,418.9161376953125
2016-10-06,413.2448425292969
2016-10-07,407.27178955078125
2016-10-10,414.2703857421875
2016-10-13,423.28021240234375
2016-10-14,413.1442565917969
2016-10-17,411.2335510253906
2016-10-18,417.9306640625
2016-10-19,419.0367736816406
2016-10-20,416.96539306640625
2016-10-21,422.1080017089844
2016-10-24,417.5548095703125
2016-10-25,413.5300598144531
2016-10-26,412.3104248046875
2016-10-27,407.96051025390625
2016-10-28,405.52130126953125
2016-11-01,402.2486877441406
2016-11-02,398.833740234375
2016-11-03,393.0609436035156
2016-11-04,394.7480773925781
2016-11-07,397.573486328125
2016-11-08,399.4638671875
2016-11-09,389.5849914550781
2016-11-10,381.90142822265625
2016-11-11,374.644775390625
2016-11-15,375.4578552246094
2016-11-16,382.5112609863281
2016-11-17,377.99871826171875
2016-11-18,374.0146179199219
2016-11-21,370.39642333984375
2016-11-22,371.65667724609375
2016-11-23,374.1162414550781
2016-11-24,378.20196533203125
2016-11-25,397.3905029296875
2016-11-28,398.3052673339844
2016-11-29,395.39849853515625
2016-11-30,396.5977478027344
2016-12-01,396.61810302734375
2016-12-02,392.1055603027344
2016-12-05,390.94696044921875
2016-12-06,392.91864013671875
2016-12-07,392.87799072265625
2016-12-08,400.2973327636719
2016-12-09,402.2080078125
2016-12-12,397.32952880859375
2016-12-13,402.5535888671875
2016-12-14,406.4360046386719
2016-12-15,403.42767333984375
2016-12-16,408.63134765625
2016-12-19,408.4280090332031
2016-12-20,411.4770812988281
2016-12-21,407.1678161621094
2016-12-22,400.31768798828125
2016-12-23,401.8421325683594
2016-12-26,399.52484130859375
2016-12-27,406.1108093261719
2016-12-28,405.9278564453125
2016-12-29,403.42767333984375
2016-12-30,410.8469543457031
2017-01-02,406.98480224609375
2017-01-03,404.0373840332031
2017-01-04,405.62298583984375
2017-01-05,404.9724426269531
2017-01-06,395.2561950683594
2017-01-09,394.4837951660156
2017-01-10,394.5650939941406
2017-01-11,393.9755859375
2017-01-12,406.5580139160156
2017-01-13,396.699462890625
2017-01-16,388.5076599121094
2017-01-17,388.40606689453125
2017-01-18,386.53594970703125
2017-01-19,389.503662109375
2017-01-20,385.6822509765625
2017-01-23,387.30841064453125
2017-01-24,384.4016418457031
2017-01-25,380.76318359375
2017-01-27,383.0194091796875
2017-01-30,385.9465026855469
2017-01-31,377.5108947753906
2017-02-01,372.693359375
2017-02-02,380.4785461425781
2017-02-03,380.55987548828125
2017-02-06,380.2143249511719
2017-02-07,383.06005859375
2017-02-08,380.72247314453125
2017-02-09,384.58465576171875
2017-02-10,393.650390625
2017-02-13,400.17529296875
2017-02-14,401.5372619628906
2017-02-15,399.1385803222656
2017-02-16,411.45672607421875
2017-02-17,406.5783386230469
2017-02-20,410.7046813964844
2017-02-21,412.0665588378906
2017-02-22,402.53326416015625
2017-02-23,410.135498046875
2017-02-27,411.57867431640625
2017-02-28,411.57867431640625
2017-03-01,416.7620849609375
2017-03-02,416.00994873046875
2017-03-03,419.2215881347656
2017-03-06,420.31927490234375
2017-03-07,414.5870666503906
2017-03-08,409.7086181640625
2017-03-09,411.2331237792969
2017-03-10,415.42047119140625
2017-03-14,420.6851806640625
2017-03-15,411.39581298828125
2017-03-16,418.2662048339844
2017-03-17,422.9211730957031
2017-03-20,415.2781982421875
2017-03-21,419.8923645019531
2017-03-22,417.7987365722656
2017-03-23,422.9820861816406
2017-03-24,419.30291748046875
2017-03-27,418.2662048339844
2017-03-28,420.8274230957031
2017-03-29,419.48583984375
2017-03-30,416.90435791015625
2017-03-31,415.5831298828125
2017-04-03,410.1152038574219
2017-04-05,404.89117431640625
2017-04-06,406.37506103515625
2017-04-07,399.0370178222656
2017-04-10,387.5929870605469
2017-04-11,393.182861328125
2017-04-12,393.8739929199219
2017-04-13,378.6492004394531
2017-04-17,376.00665283203125
2017-04-18,375.09197998046875
2017-04-19,373.6893615722656
2017-04-20,376.9823303222656
2017-04-21,375.5188293457031
2017-04-24,376.6774597167969
2017-04-25,377.8157958984375
2017-04-26,371.6770324707031
2017-04-27,376.1489562988281
2017-04-28,373.5877685546875
2017-05-02,375.0716552734375
2017-05-03,379.828125
2017-05-04,381.1900634765625
2017-05-05,378.6897888183594
2017-05-08,384.3813781738281
2017-05-09,384.848876953125
2017-05-10,383.6292419433594
2017-05-11,383.8122253417969
2017-05-12,392.00396728515625
2017-05-15,386.8409423828125
2017-05-16,388.24346923828125
2017-05-17,387.34906005859375
2017-05-18,390.9876403808594
2017-05-19,389.4427490234375
2017-05-22,390.8655700683594
2017-05-23,389.1784973144531
2017-05-24,388.16217041015625
2017-05-25,399.7484130859375
2017-05-26,404.7895202636719
2017-05-29,400.50054931640625
2017-05-30,404.9928283691406
2017-05-31,397.2076110839844
2017-06-01,400.9637756347656
2017-06-02,400.1589050292969
2017-06-05,395.7423400878906
2017-06-06,404.2452697753906
2017-06-07,396.7948303222656
2017-06-08,394.79290771484375
2017-06-09,391.5526428222656
2017-06-12,397.8473815917969
2017-06-13,395.35015869140625
2017-06-14,395.6803283691406
2017-06-15,392.99737548828125
2017-06-16,388.1059875488281
2017-06-19,383.813232421875
2017-06-20,389.4681701660156
2017-06-21,389.3856201171875
2017-06-22,388.0648193359375
2017-06-23,389.3443298339844
2017-06-27,382.6575012207031
2017-06-28,381.68743896484375
2017-06-29,383.9577331542969
2017-06-30,386.1660461425781
2017-07-03,392.9148254394531
2017-07-04,397.1457214355469
2017-07-05,392.50201416015625
2017-07-06,390.89227294921875
2017-07-07,386.10418701171875
2017-07-10,395.04052734375
2017-07-11,402.5942077636719
2017-07-12,401.3559265136719
2017-07-13,403.2959289550781
2017-07-14,401.2320556640625
2017-07-17,406.185302734375
2017-07-18,406.82513427734375
2017-07-19,404.45166015625
2017-07-20,400.1589050292969
2017-07-21,404.55487060546875
2017-07-24,408.86834716796875
2017-07-25,410.2304992675781
2017-07-26,410.3130187988281
2017-07-27,400.8193664550781
2017-07-28,411.6751708984375
2017-07-31,417.3919982910156
2017-08-01,415.0599060058594
2017-08-02,410.0240173339844
2017-08-03,406.1647033691406
2017-08-04,406.0614929199219
2017-08-07,399.66357421875
2017-08-08,397.8473815917969
2017-08-09,400.11761474609375
2017-08-10,405.029541015625
2017-08-11,407.6919860839844
2017-08-14,405.1121520996094
2017-08-16,402.5323181152344
2017-08-17,421.375244140625
2017-08-18,381.0890197753906
2017-08-21,360.5124816894531
2017-08-22,361.33795166015625
2017-08-23,368.5202331542969
2017-08-24,376.50726318359375
2017-08-28,388.41558837890625
2017-08-29,382.8226013183594
2017-08-30,382.49237060546875
2017-08-31,377.6629943847656
2017-09-01,379.726806640625
2017-09-04,371.5746765136719
2017-09-05,372.2763671875
2017-09-06,369.6758728027344
2017-09-07,369.73779296875
2017-09-08,365.0116271972656
2017-09-11,362.70013427734375
2017-09-12,364.9084777832031
2017-09-13,364.78466796875
2017-09-14,368.3550720214844
2017-09-15,374.8974304199219
2017-09-18,375.24822998046875
2017-09-19,376.5485534667969
2017-09-20,376.7342834472656
2017-09-21,375.4340515136719
2017-09-22,370.7904357910156
2017-09-25,369.5727233886719
2017-09-26,373.927490234375
2017-09-27,371.4095764160156
2017-09-28,369.841064453125
2017-09-29,371.4508361816406
2017-10-03,372.9573974609375
2017-10-04,371.3269348144531
2017-10-05,372.75103759765625
2017-10-06,379.8094177246094
2017-10-09,381.3572692871094
2017-10-10,386.12469482421875
2017-10-11,384.1640625
2017-10-12,382.7606506347656
2017-10-13,383.91650390625
2017-10-16,387.5900573730469
2017-10-17,384.08154296875
2017-10-18,381.54302978515625
2017-10-19,382.6162414550781
2017-10-23,387.79644775390625
2017-10-24,382.4304504394531
2017-10-25,386.0628662109375
2017-10-26,391.0367431640625
2017-10-27,390.6239318847656
2017-10-30,389.6952209472656
2017-10-31,385.8238525390625
2017-11-01,388.0001525878906
2017-11-02,386.2632751464844
2017-11-03,387.8327331542969
2017-11-06,388.6907653808594
2017-11-07,399.9073791503906
2017-11-08,398.568115234375
2017-11-09,399.48895263671875
2017-11-10,402.64886474609375
2017-11-13,398.4216003417969
2017-11-14,397.2287902832031
2017-11-15,398.35882568359375
2017-11-16,413.6771240234375
2017-11-17,406.37371826171875
2017-11-20,402.0209655761719
2017-11-21,404.4066467285156
2017-11-22,404.4275207519531
2017-11-23,414.86993408203125
2017-11-24,422.529052734375
2017-11-27,418.0089111328125
2017-11-28,412.1286315917969
2017-11-29,411.2914733886719
2017-11-30,408.5291748046875
2017-12-01,401.2886047363281
2017-12-04,412.4006042480469
2017-12-05,411.9820556640625
2017-12-06,414.4722900390625
2017-12-07,418.4483947753906
2017-12-08,419.306396484375
2017-12-11,420.75030517578125
2017-12-12,422.9266357421875
2017-12-13,420.1015625
2017-12-14,424.014892578125
2017-12-15,428.1165466308594
2017-12-18,425.47967529296875
2017-12-19,420.185302734375
2017-12-20,425.1658020019531
2017-12-21,427.7607727050781
2017-12-22,435.00128173828125
2017-12-26,433.4317932128906
2017-12-27,432.8667907714844
2017-12-28,432.44830322265625
2017-12-29,436.1313171386719
2018-01-01,432.5738830566406
2018-01-02,430.96246337890625
2018-01-03,427.44683837890625
2018-01-04,424.9774169921875
2018-01-05,423.5544738769531
2018-01-08,433.6202087402344
2018-01-09,435.83843994140625
2018-01-10,440.4004821777344
2018-01-11,450.25689697265625
2018-01-12,451.365966796875
2018-01-15,452.4959411621094
2018-01-16,469.94873046875
2018-01-17,482.1908264160156
2018-01-18,482.4419250488281
2018-01-19,478.5704650878906
2018-01-22,481.31195068359375
2018-01-23,492.6540832519531
2018-01-24,496.29547119140625
2018-01-25,491.942626953125
2018-01-29,495.0816345214844
2018-01-30,489.95458984375
2018-01-31,481.41644287109375
2018-02-01,479.0517883300781
2018-02-02,478.48681640625
2018-02-05,476.3731689453125
2018-02-06,463.6289367675781
2018-02-07,464.173095703125
2018-02-08,474.72003173828125
2018-02-09,464.21490478515625
2018-02-12,461.5572509765625
2018-02-14,459.443603515625
2018-02-15,466.43304443359375
2018-02-16,472.1251525878906
2018-02-19,473.6736755371094
2018-02-20,475.8500671386719
2018-02-21,480.22369384765625
2018-02-22,485.81109619140625
2018-02-23,483.67657470703125
2018-02-26,476.5406188964844
2018-02-27,481.3955383300781
2018-02-28,490.7707214355469
2018-03-01,485.81109619140625
2018-03-05,483.78125
2018-03-06,481.87689208984375
2018-03-07,478.842529296875
2018-03-08,484.09515380859375
2018-03-09,486.9202880859375
2018-03-12,496.27447509765625
2018-03-13,495.4582824707031
2018-03-14,494.2027282714844
2018-03-15,494.9142761230469
2018-03-16,490.4776916503906
2018-03-19,479.9517517089844
2018-03-20,487.401611328125
2018-03-21,488.6361999511719
2018-03-22,486.0413818359375
2018-03-23,488.6780090332031
2018-03-26,483.5091247558594
2018-03-27,482.98614501953125
2018-03-28,473.69464111328125
2018-04-02,475.9338684082031
2018-04-03,477.3149108886719
2018-04-04,470.5137634277344
2018-04-05,480.2864685058594
2018-04-06,471.6856384277344
2018-04-09,465.0939025878906
2018-04-10,465.99365234375
2018-04-11,470.5347900390625
2018-04-12,486.58538818359375
2018-04-13,490.2893981933594
2018-04-16,474.2805480957031
2018-04-17,470.93231201171875
2018-04-18,471.2462158203125
2018-04-19,474.134033203125
2018-04-20,493.2190246582031
2018-04-23,497.09051513671875
2018-04-24,483.1954040527344
2018-04-25,485.64361572265625
2018-04-26,492.38201904296875
2018-04-27,496.04425048828125
2018-04-30,502.0291748046875
2018-05-02,501.0039367675781
2018-05-03,494.93524169921875
2018-05-04,490.97998046875
2018-05-07,495.12347412109375
2018-05-08,487.8201904296875
2018-05-09,489.9754333496094
2018-05-10,488.84552001953125
2018-05-11,494.1817932128906
2018-05-14,497.76025390625
2018-05-15,499.95758056640625
2018-05-16,498.0322265625
2018-05-17,495.0816345214844
2018-05-18,495.20721435546875
2018-05-21,493.6585998535156
2018-05-22,499.66455078125
2018-05-23,495.9186706542969
2018-05-24,511.027587890625
2018-05-25,514.0830078125
2018-05-28,508.26531982421875
2018-05-29,509.2280578613281
2018-05-30,507.1354064941406
2018-05-31,515.5478515625
2018-06-01,510.9440002441406
2018-06-04,518.7285766601562
2018-06-05,510.96490478515625
2018-06-06,517.9125366210938
2018-06-07,524.1905517578125
2018-06-08,527.3714599609375
2018-06-11,528.3548583984375
2018-06-12,526.7225341796875
2018-06-13,533.544677734375
2018-06-14,527.3341674804688
2018-06-15,545.008544921875
2018-06-18,539.1171264648438
2018-06-19,528.1423950195312
2018-06-20,528.8017578125
2018-06-21,530.2479858398438
2018-06-22,530.801025390625
2018-06-25,541.2653198242188
2018-06-26,543.5623168945312
2018-06-27,540.2230834960938
2018-06-28,548.5603637695312
2018-06-29,556.046875
2018-07-02,567.7446899414062
2018-07-03,575.8479614257812
2018-07-04,572.2109985351562
2018-07-05,546.1782836914062
2018-07-06,546.2846069335938
2018-07-09,552.4950561523438
2018-07-10,553.5797119140625
2018-07-11,561.6831665039062
2018-07-12,550.5808715820312
2018-07-13,560.3856201171875
2018-07-16,566.9577026367188
2018-07-17,564.8521118164062
2018-07-18,562.5763549804688
2018-07-19,560.0879516601562
2018-07-20,573.4446411132812
2018-07-23,576.7837524414062
2018-07-24,585.8017578125
2018-07-25,588.6091918945312
2018-07-26,584.1427001953125
2018-07-27,584.2278442382812
2018-07-30,574.6783447265625
2018-07-31,580.6760864257812
2018-08-01,575.9756469726562
2018-08-02,575.8053588867188
2018-08-03,580.2506103515625
2018-08-06,578.7830200195312
2018-08-07,581.88818359375
2018-08-08,579.67626953125
2018-08-09,586.99267578125
2018-08-10,589.332275390625
2018-08-13,599.2434692382812
2018-08-14,599.0521240234375
2018-08-16,608.0911865234375
2018-08-17,608.4315795898438
2018-08-20,588.8219604492188
2018-08-21,588.6942749023438
2018-08-23,594.4154663085938
2018-08-24,586.2908325195312
2018-08-27,602.0721435546875
2018-08-28,606.0281982421875
2018-08-29,599.8177490234375
2018-08-30,602.41259765625
2018-08-31,613.0042724609375
2018-09-03,610.0905151367188
2018-09-04,627.1266479492188
2018-09-05,620.9588012695312
2018-09-06,618.6192016601562
2018-09-07,623.4259643554688
2018-09-10,621.7669677734375
2018-09-11,624.7020263671875
2018-09-12,632.0184936523438
2018-09-14,624.1914672851562
2018-09-17,617.5983276367188
2018-09-18,611.770751953125
2018-09-19,612.32373046875
2018-09-21,600.0303955078125
2018-09-24,611.0476684570312
2018-09-25,617.8109130859375
2018-09-26,610.707275390625
2018-09-27,616.6200561523438
2018-09-28,621.0863037109375
2018-10-01,635.2088012695312
2018-10-03,619.7677612304688
2018-10-04,601.6468505859375
2018-10-05,616.4498291015625
2018-10-08,607.8147583007812
2018-10-09,610.622314453125
2018-10-10,595.9043579101562
2018-10-11,572.8491821289062
2018-10-12,577.4856567382812
2018-10-15,594.5006713867188
2018-10-16,591.4804077148438
2018-10-17,600.0729370117188
2018-10-19,581.5267944335938
2018-10-22,578.464111328125
2018-10-23,559.4497680664062
2018-10-24,552.8140869140625
2018-10-25,557.9312133789062
2018-10-26,544.9020385742188
2018-10-29,554.4910888671875
2018-10-30,567.26220703125
2018-10-31,590.3104248046875
2018-11-01,573.3683471679688
2018-11-02,569.5411987304688
2018-11-05,572.7662353515625
2018-11-06,573.1531982421875
2018-11-07,580.9364013671875
2018-11-09,567.1761474609375
2018-11-12,571.21826171875
2018-11-13,572.5083618164062
2018-11-14,561.7581176757812
2018-11-15,564.5101928710938
2018-11-16,559.7371215820312
2018-11-19,560.4682006835938
2018-11-20,551.6100463867188
2018-11-21,532.4317016601562
2018-11-22,533.8507690429688
2018-11-26,534.4529418945312
2018-11-27,549.4600219726562
2018-11-28,573.1102905273438
2018-11-29,568.5093383789062
2018-11-30,574.0133056640625
2018-12-03,576.5072021484375
2018-12-04,589.321533203125
2018-12-05,586.0105590820312
2018-12-06,574.916259765625
2018-12-07,587.2144775390625
2018-12-10,575.5183715820312
2018-12-11,580.076416015625
2018-12-12,583.5164794921875
2018-12-13,600.0716552734375
2018-12-14,607.2095947265625
2018-12-17,597.1905517578125
2018-12-18,581.8824462890625
2018-12-19,571.7772827148438
2018-12-20,573.669189453125
2018-12-21,555.738037109375
2018-12-24,558.1461791992188
2018-12-26,553.88916015625
2018-12-27,564.8541259765625
2018-12-28,564.9832153320312
2018-12-31,566.703369140625
2019-01-01,571.94921875
2019-01-02,575.3892822265625
2019-01-03,575.475341796875
2019-01-04,568.5093383789062
2019-01-07,577.6683349609375
2019-01-08,576.2493896484375
2019-01-09,581.4523315429688
2019-01-10,584.5484619140625
2019-01-11,587.8165283203125
2019-01-14,603.6406860351562
2019-01-15,624.8828125
2019-01-16,633.655029296875
2019-01-17,630.68798828125
2019-01-18,628.6239624023438
2019-01-21,640.7070922851562
2019-01-22,641.0081176757812
2019-01-23,629.2258911132812
2019-01-24,632.987548828125
2019-01-25,631.5606689453125
2019-01-28,629.4853515625
2019-01-29,629.4420776367188
2019-01-30,627.7125854492188
2019-01-31,648.1636962890625
2019-02-01,654.649169921875
2019-02-04,653.65478515625
2019-02-05,652.7467651367188
2019-02-06,660.0537109375
2019-02-07,660.6591796875
2019-02-08,657.9785766601562
2019-02-11,659.6213989257812
2019-02-12,648.9420166015625
2019-02-14,639.9486694335938
2019-02-15,641.5916748046875
2019-02-18,640.8134155273438
2019-02-19,626.3289794921875
2019-02-20,640.5107421875
2019-02-21,634.2413330078125
2019-02-22,635.53857421875
2019-02-25,652.7900390625
2019-02-26,642.0673217773438
2019-02-27,635.7979736328125
2019-02-28,634.9764404296875
2019-03-01,641.5484008789062
2019-03-05,633.4199829101562
2019-03-06,633.4199829101562
2019-03-07,625.1617431640625
2019-03-08,615.9954833984375
2019-03-11,615.044189453125
2019-03-12,611.325927734375
2019-03-13,612.6229858398438
2019-03-14,612.5364990234375
2019-03-15,621.3567504882812
2019-03-18,614.1364135742188
2019-03-19,624.5564575195312
2019-03-20,638.9974975585938
2019-03-22,642.5861206054688
2019-03-25,635.7979736328125
2019-03-26,629.3123779296875
2019-03-27,630.9985961914062
2019-03-28,638.0029907226562
2019-04-01,652.9630126953125
2019-04-02,656.6813354492188
2019-04-03,651.4064331054688
2019-04-04,646.7368774414062
2019-04-05,656.5948486328125
2019-04-08,663.4696044921875
2019-04-09,657.7189331054688
2019-04-10,650.8875732421875
2019-04-11,642.2401123046875
2019-04-12,646.6072387695312
2019-04-15,629.0962524414062
2019-04-16,626.1560668945312
2019-04-18,620.0597534179688
2019-04-22,623.5185546875
2019-04-23,629.7015380859375
2019-04-24,636.8355712890625
2019-04-25,630.0042114257812
2019-04-26,638.1759033203125
2019-04-30,649.72021484375
2019-05-02,631.9498901367188
2019-05-03,625.7237548828125
2019-05-06,621.2271728515625
2019-05-07,626.5452880859375
2019-05-08,622.0487060546875
2019-05-09,623.5185546875
2019-05-10,619.8867797851562
2019-05-13,622.351318359375
2019-05-14,617.2925415039062
2019-05-15,619.23828125
2019-05-16,633.938720703125
2019-05-17,625.9830932617188
2019-05-20,624.6861572265625
2019-05-21,613.3580322265625
2019-05-22,613.7471923828125
2019-05-23,606.2239379882812
2019-05-24,613.2715454101562
2019-05-27,612.3202514648438
2019-05-28,629.6148681640625
2019-05-29,629.3555908203125
2019-05-30,634.327880859375
2019-05-31,637.959716796875
2019-06-03,643.9265747070312
2019-06-04,635.8411254882812
2019-06-06,636.1005859375
2019-06-07,639.127197265625
2019-06-10,651.579345703125
2019-06-11,652.7900390625
2019-06-12,651.8387451171875
2019-06-13,651.2688598632812
2019-06-14,649.3395385742188
2019-06-17,649.42724609375
2019-06-18,657.8460083007812
2019-06-19,659.380615234375
2019-06-20,662.0115356445312
2019-06-21,657.8897705078125
2019-06-24,653.76806640625
2019-06-25,656.0482177734375
2019-06-26,648.2432861328125
2019-06-27,640.65771484375
2019-06-28,641.9292602539062
2019-07-01,641.3153076171875
2019-07-02,648.9447631835938
2019-07-03,641.3153076171875
2019-07-04,643.5078125
2019-07-05,629.6519775390625
2019-07-08,629.3011474609375
2019-07-09,627.4595336914062
2019-07-10,628.9942626953125
2019-07-11,632.7213134765625
2019-07-12,637.3253173828125
2019-07-15,683.4530029296875
2019-07-16,688.2760620117188
2019-07-17,696.431884765625
2019-07-18,695.1602783203125
2019-07-19,688.7586059570312
2019-07-22,687.881591796875
2019-07-23,692.8363037109375
2019-07-24,689.5477905273438
2019-07-25,696.73876953125
2019-07-26,690.16162109375
2019-07-29,694.0640869140625
2019-07-30,695.1602783203125
2019-07-31,695.993408203125
2019-08-01,674.244873046875
2019-08-02,680.1643676757812
2019-08-05,681.1290283203125
2019-08-06,679.1559448242188
2019-08-07,680.6029052734375
2019-08-08,691.6964111328125
2019-08-09,692.6609497070312
2019-08-13,670.6494140625
2019-08-14,679.4627685546875
2019-08-16,679.2435302734375
2019-08-19,681.962158203125
2019-08-20,695.2041015625
2019-08-21,701.0797119140625
2019-08-22,697.791015625
2019-08-23,703.4912719726562
2019-08-26,703.7982788085938
2019-08-27,688.1007690429688
2019-08-28,703.75439453125
2019-08-29,707.6569213867188
2019-08-30,714.6285400390625
2019-09-03,714.0586547851562
2019-09-04,720.2410888671875
2019-09-05,731.4222412109375
2019-09-06,736.771728515625
2019-09-09,727.0813598632812
2019-09-11,719.188720703125
2019-09-12,715.9440307617188
2019-09-13,727.2567749023438
2019-09-16,725.853515625
2019-09-17,728.966796875
2019-09-18,727.739013671875
2019-09-19,719.7149047851562
2019-09-20,705.94677734375
2019-09-23,670.298583984375
2019-09-24,696.34423828125
2019-09-25,695.116455078125
2019-09-26,686.2592163085938
2019-09-27,685.9522094726562
2019-09-30,706.516845703125
2019-10-01,695.9057006835938
2019-10-03,688.9339599609375
2019-10-04,695.81787109375
2019-10-07,692.39794921875
2019-10-09,687.223876953125
2019-10-10,686.69775390625
2019-10-11,714.5408935546875
2019-10-14,689.372314453125
2019-10-15,673.7626342773438
2019-10-16,676.5250854492188
2019-10-17,674.8150024414062
2019-10-18,673.3678588867188
2019-10-22,570.3045654296875
2019-10-23,583.8095703125
2019-10-24,570.1251831054688
2019-10-25,572.009521484375
2019-10-27,582.2393188476562
2019-10-29,583.8544921875
2019-10-30,592.7830200195312
2019-10-31,615.2164916992188
2019-11-01,617.2803955078125
2019-11-04,636.2142944335938
2019-11-05,624.6385498046875
2019-11-06,639.1753540039062
2019-11-07,646.1747436523438
2019-11-08,635.4515380859375
2019-11-11,632.08642578125
2019-11-13,620.3761596679688
2019-11-14,632.89404296875
2019-11-15,631.6378784179688
2019-11-18,632.804443359375
2019-11-19,639.6690673828125
2019-11-20,639.8036499023438
2019-11-21,640.0278930664062
2019-11-22,622.0363159179688
2019-11-25,626.4332275390625
2019-11-26,619.7030639648438
2019-11-27,624.324462890625
2019-11-28,629.7981567382812
2019-11-29,624.8628540039062
2019-12-02,621.587646484375
2019-12-03,626.6575927734375
2019-12-04,636.0796508789062
2019-12-05,641.4637451171875
2019-12-06,641.6880493164062
2019-12-09,643.6173706054688
2019-12-10,641.1944580078125
2019-12-11,647.0272827148438
2019-12-12,630.022705078125
2019-12-13,638.2781982421875
2019-12-16,640.700927734375
2019-12-17,654.7891845703125
2019-12-18,657.2568359375
2019-12-19,655.8211059570312
2019-12-20,656.4492797851562
2019-12-23,660.4425048828125
2019-12-24,658.109375
2019-12-26,654.1160888671875
2019-12-27,661.294921875
2019-12-30,657.6607666015625
2019-12-31,656.09033203125
2020-01-01,661.2051391601562
2020-01-02,659.27587890625
2020-01-03,669.4158935546875
2020-01-06,662.9998779296875
2020-01-07,653.1739501953125
2020-01-08,644.4698486328125
2020-01-09,652.8599243164062
2020-01-10,662.3717651367188
2020-01-13,694.1375122070312
2020-01-14,696.0220336914062
2020-01-15,688.7535400390625
2020-01-16,688.2598876953125
2020-01-17,689.0227661132812
2020-01-20,689.5610961914062
2020-01-21,684.2219848632812
2020-01-22,691.1314086914062
2020-01-23,703.828857421875
2020-01-24,702.3931884765625
2020-01-27,698.2205200195312
2020-01-28,698.1307983398438
2020-01-29,708.6296997070312
2020-01-30,700.5535888671875
2020-01-31,696.291259765625
2020-02-03,688.6189575195312
2020-02-04,706.9696044921875
2020-02-05,704.00830078125
2020-02-06,692.1634521484375
2020-02-07,697.5026245117188
2020-02-10,693.8235473632812
2020-02-11,694.1375122070312
2020-02-12,700.86767578125
2020-02-13,710.9179077148438
2020-02-14,705.7132568359375
2020-02-17,708.4053955078125
2020-02-18,715.7635498046875
2020-02-19,718.2760009765625
2020-02-20,715.18017578125
2020-02-24,714.1482543945312
2020-02-25,716.4364013671875
2020-02-26,702.3931884765625
2020-02-27,697.99609375
2020-02-28,656.5838623046875
2020-03-02,664.9740600585938
2020-03-03,670.3131103515625
2020-03-04,680.8569946289062
2020-03-05,677.1328735351562
2020-03-06,663.089599609375
2020-03-09,632.1314697265625
2020-03-11,615.5755004882812
2020-03-12,566.4012451171875
2020-03-13,576.4065551757812
2020-03-16,523.283935546875
2020-03-17,497.9789123535156
2020-03-18,479.4489440917969
2020-03-19,489.5439453125
2020-03-20,525.1234741210938
2020-03-23,472.40478515625
2020-03-24,529.2513427734375
2020-03-25,543.9676513671875
2020-03-26,576.98974609375
2020-03-27,585.6940307617188
2020-03-30,562.3632202148438
2020-03-31,575.6438598632812
2020-04-01,540.916748046875
2020-04-03,525.5722045898438
2020-04-07,573.4004516601562
2020-04-08,566.7601318359375
2020-04-09,570.9326782226562
2020-04-13,571.9647827148438
2020-04-15,573.4453125
2020-04-16,559.8056640625
2020-04-17,564.2025756835938
2020-04-20,586.2323608398438
2020-04-21,568.1959228515625
2020-04-22,575.9578857421875
2020-04-23,609.563232421875
2020-04-24,590.4498901367188
2020-04-27,596.372314453125
2020-04-28,592.8727416992188
2020-04-29,607.0956420898438
2020-04-30,642.0469970703125
2020-05-04,604.5381469726562
2020-05-05,604.5381469726562
2020-05-06,597.5389404296875
2020-05-07,596.6864013671875
2020-05-08,604.9869384765625
2020-05-11,612.7938232421875
2020-05-12,617.0560913085938
2020-05-13,622.8887329101562
2020-05-14,590.5845336914062
2020-05-15,585.3350830078125
2020-05-18,595.7442626953125
2020-05-19,599.9617309570312
2020-05-20,600.8141479492188
2020-05-21,603.1920776367188
2020-05-22,621.2734375
2020-05-26,610.6849975585938
2020-05-27,633.028564453125
2020-05-28,634.7785034179688
2020-05-29,628.5026245117188
2020-06-01,636.2792358398438
2020-06-02,644.055908203125
2020-06-03,638.098388671875
2020-06-04,643.737548828125
2020-06-05,639.9175415039062
2020-06-08,655.6527709960938
2020-06-09,652.6968383789062
2020-06-10,651.1050415039062
2020-06-11,640.2813720703125
2020-06-12,629.4577026367188
2020-06-15,625.3646240234375
2020-06-16,637.7800903320312
2020-06-17,640.0084838867188
2020-06-18,649.3313598632812
2020-06-19,641.736572265625
2020-06-22,640.053955078125
2020-06-23,655.4710693359375
2020-06-24,649.5587768554688
2020-06-25,637.143310546875
2020-06-26,680.5291748046875
2020-06-29,665.5670166015625
2020-06-30,669.3870239257812
2020-07-01,665.7034301757812
2020-07-02,688.16943359375
2020-07-03,693.7177124023438
2020-07-06,694.900146484375
2020-07-07,722.3232421875
2020-07-08,704.63232421875
2020-07-09,710.9993286132812
2020-07-10,711.1356811523438
2020-07-13,724.9609985351562
2020-07-14,712.4089965820312
2020-07-15,755.7947998046875
2020-07-16,828.604736328125
2020-07-17,821.4647216796875
2020-07-20,849.7972412109375
2020-07-21,852.0258178710938
2020-07-22,834.8806762695312
2020-07-23,825.83056640625
2020-07-24,839.3829345703125
2020-07-27,862.6676025390625
2020-07-28,875.76513671875
2020-07-29,867.8519897460938
2020-07-30,874.4918212890625
2020-07-31,878.6303100585938
2020-08-03,870.3533935546875
2020-08-04,863.9410400390625
2020-08-05,859.2567138671875
2020-08-06,883.04150390625
2020-08-07,864.89599609375
2020-08-10,865.3052368164062
2020-08-11,862.6676025390625
2020-08-12,868.57958984375
2020-08-13,865.1688842773438
2020-08-14,867.3517456054688
2020-08-17,870.8989868164062
2020-08-18,880.0401000976562
2020-08-19,872.5362548828125
2020-08-20,868.7615966796875
2020-08-21,862.9859008789062
2020-08-24,861.7125244140625
2020-08-25,853.253662109375
2020-08-26,864.8050537109375
2020-08-27,861.3942260742188
2020-08-28,850.6614990234375
2020-08-31,844.6129150390625
2020-09-01,831.4697875976562
2020-09-02,840.428955078125
2020-09-03,850.9342651367188
2020-09-04,836.0175170898438
2020-09-07,841.3839111328125
2020-09-08,854.34521484375
2020-09-09,843.8397827148438
2020-09-10,855.0272827148438
2020-09-11,860.1663208007812
2020-09-14,889.9087524414062
2020-09-15,893.5924072265625
2020-09-16,911.146728515625
2020-09-17,919.560302734375
2020-09-18,911.5106201171875
2020-09-21,918.559814453125
2020-09-22,916.3767700195312
2020-09-23,927.5189819335938
2020-09-24,887.1800537109375
2020-09-25,919.969482421875
2020-09-28,919.0145874023438
2020-09-29,917.7410888671875
2020-09-30,917.0590209960938
2020-10-01,925.6087036132812
2020-10-05,953.8504028320312
2020-10-06,960.2627563476562
2020-10-07,970.0859985351562
2020-10-08,994.780517578125
2020-10-09,1006.6957397460938
2020-10-12,1029.7073974609375
2020-10-13,1053.0828857421875
2020-10-14,1034.1641845703125
2020-10-15,1008.0145874023438
2020-10-16,1025.5234375
2020-10-19,1024.068115234375
2020-10-20,1034.6190185546875
2020-10-21,1044.4876708984375
2020-10-22,1026.9332275390625
2020-10-23,1031.9434814453125
2020-10-26,1022.7041015625
2020-10-27,1002.8466796875
2020-10-28,989.700439453125
2020-10-29,988.1376342773438
2020-10-30,975.037109375
2020-11-02,985.79345703125
2020-11-03,976.830078125
2020-11-04,1005.6968383789062
2020-11-05,1014.93603515625
2020-11-06,1022.9801025390625
2020-11-09,1044.85986328125
2020-11-10,1003.0307006835938
2020-11-11,1031.9434814453125
2020-11-12,1027.5767822265625
2020-11-13,1033.50634765625
2020-11-14,1042.010009765625
2020-11-17,1033.0467529296875
2020-11-18,1020.9576416015625
2020-11-19,1008.2709350585938
2020-11-20,1014.3385009765625
2020-11-23,1047.893798828125
2020-11-24,1048.07763671875
2020-11-25,1025.646240234375
2020-11-26,1023.3939208984375
2020-11-27,1011.2586669921875
2020-12-01,1046.05517578125
2020-12-02,1048.8592529296875
2020-12-03,1035.574951171875
2020-12-04,1043.11328125
2020-12-07,1051.24951171875
2020-12-08,1060.3046875
2020-12-09,1080.39208984375
2020-12-10,1073.5428466796875
2020-12-11,1069.3602294921875
2020-12-14,1070.6011962890625
2020-12-15,1061.4539794921875
2020-12-16,1071.658447265625
2020-12-17,1065.6824951171875
2020-12-18,1093.814208984375
2020-12-21,1082.3228759765625
2020-12-22,1122.0374755859375
2020-12-23,1151.9615478515625
2020-12-24,1136.3331298828125
2020-12-28,1140.2403564453125
2020-12-29,1149.433349609375
