Date,RELIANCE.NS
2008-01-01,265.6072692871094
2008-01-02,266.8661804199219
2008-01-03,270.7781982421875
2008-01-04,279.1055908203125
2008-01-07,281.64678955078125
2008-01-08,284.85467529296875
2008-01-09,282.8963623046875
2008-01-10,282.3508605957031
2008-01-11,291.6575012207031
2008-01-14,300.353271484375
2008-01-15,295.1964416503906
2008-01-16,288.49151611328125
2008-01-17,279.43670654296875
2008-01-18,261.0705871582031
2008-01-21,236.93673706054688
2008-01-22,219.8388671875
2008-01-23,237.8599395751953
2008-01-24,232.0968780517578
2008-01-25,243.89332580566406
2008-01-28,239.32400512695312
2008-01-29,240.30316162109375
2008-01-30,230.5115966796875
2008-01-31,231.16436767578125
2008-02-01,237.11854553222656
2008-02-04,241.63665771484375
2008-02-05,244.05197143554688
2008-02-06,238.02781677246094
2008-02-07,226.1800537109375
2008-02-08,226.26861572265625
2008-02-11,212.33665466308594
2008-02-12,216.79884338378906
2008-02-13,222.8275909423828
2008-02-14,234.69400024414062
2008-02-15,241.8931121826172
2008-02-18,238.13970947265625
2008-02-19,238.21893310546875
2008-02-20,231.6399383544922
2008-02-21,232.78700256347656
2008-02-22,227.01930236816406
2008-02-25,237.9298553466797
2008-02-26,240.2798309326172
2008-02-27,241.3802490234375
2008-02-28,236.2327117919922
2008-02-29,229.72361755371094
2008-03-03,215.04098510742188
2008-03-04,209.18470764160156
2008-03-05,213.805419921875
2008-03-07,209.6555938720703
2008-03-10,212.10821533203125
2008-03-11,218.9482879638672
2008-03-12,221.43814086914062
2008-03-13,209.17074584960938
2008-03-14,216.5889892578125
2008-03-17,203.309814453125
2008-03-18,200.58677673339844
2008-03-19,201.34210205078125
2008-03-24,205.17950439453125
2008-03-25,215.7683563232422
2008-03-26,214.43020629882812
2008-03-27,211.75848388671875
2008-03-28,219.37258911132812
2008-03-31,211.29222106933594
2008-04-01,218.70114135742188
2008-04-02,218.54263305664062
2008-04-03,223.43838500976562
2008-04-04,216.45375061035156
2008-04-07,224.2636260986328
2008-04-08,222.10487365722656
2008-04-09,225.5086212158203
2008-04-10,230.20855712890625
2008-04-11,237.93919372558594
2008-04-15,243.55764770507812
2008-04-16,246.42056274414062
2008-04-17,246.1920623779297
2008-04-21,246.5231170654297
2008-04-22,243.14273071289062
2008-04-23,240.36846923828125
2008-04-24,240.8394012451172
2008-04-25,244.74200439453125
2008-04-28,241.65536499023438
2008-04-29,248.04779052734375
2008-04-30,243.80947875976562
2008-05-02,249.42796325683594
2008-05-05,248.91043090820312
2008-05-06,247.1199493408203
2008-05-07,250.7521514892578
2008-05-08,251.3617706298828
2008-05-09,238.2765655517578
2008-05-12,240.67501831054688
2008-05-13,235.7038116455078
2008-05-14,238.49803161621094
2008-05-15,247.18699645996094
2008-05-16,248.38851928710938
2008-05-20,245.3021240234375
2008-05-21,251.4041748046875
2008-05-22,247.47911071777344
2008-05-23,240.8964385986328
2008-05-26,237.07029724121094
2008-05-27,235.13839721679688
2008-05-28,237.72055053710938
2008-05-29,232.0850067138672
2008-05-30,226.50596618652344
2008-06-02,222.29345703125
2008-06-03,226.80279541015625
2008-06-04,217.41177368164062
2008-06-05,211.73855590820312
2008-06-06,210.9563446044922
2008-06-09,203.81295776367188
2008-06-10,207.1160888671875
2008-06-11,213.11444091796875
2008-06-12,214.61289978027344
2008-06-13,213.96261596679688
2008-06-16,215.08877563476562
2008-06-17,219.85264587402344
2008-06-18,215.5364532470703
2008-06-19,211.8657684326172
2008-06-20,197.8286895751953
2008-06-23,190.90206909179688
2008-06-24,194.38897705078125
2008-06-25,201.29676818847656
2008-06-26,211.05532836914062
2008-06-27,205.69308471679688
2008-06-30,197.44705200195312
2008-07-01,192.64080810546875
2008-07-02,202.0506591796875
2008-07-03,195.0863494873047
2008-07-04,197.7062225341797
2008-07-07,191.13766479492188
2008-07-08,186.54347229003906
2008-07-09,195.93919372558594
2008-07-10,192.8764190673828
2008-07-11,189.9973602294922
2008-07-14,192.57481384277344
2008-07-15,186.35028076171875
2008-07-16,183.15554809570312
2008-07-17,190.228271484375
2008-07-18,199.14808654785156
2008-07-21,202.8846893310547
2008-07-22,202.8187713623047
2008-07-23,213.6704864501953
2008-07-24,217.51077270507812
2008-07-25,202.3428497314453
2008-07-28,205.4339141845703
2008-07-29,196.31146240234375
2008-07-30,204.0768585205078
2008-07-31,208.034912109375
2008-08-01,216.52593994140625
2008-08-04,211.3238983154297
2008-08-05,214.49505615234375
2008-08-06,216.62013244628906
2008-08-07,214.1699676513672
2008-08-08,212.20974731445312
2008-08-11,219.1316680908203
2008-08-12,221.20497131347656
2008-08-13,220.22486877441406
2008-08-14,214.5563507080078
2008-08-18,209.66526794433594
2008-08-19,209.17526245117188
2008-08-20,211.69615173339844
2008-08-21,208.520263671875
2008-08-22,211.55007934570312
2008-08-25,210.3438262939453
2008-08-26,205.38204956054688
2008-08-27,202.42762756347656
2008-08-28,195.1570281982422
2008-08-29,201.3155975341797
2008-09-01,201.82920837402344
2008-09-02,208.52969360351562
2008-09-04,202.82815551757812
2008-09-05,196.10414123535156
2008-09-08,201.03289794921875
2008-09-09,201.9140167236328
2008-09-10,196.26905822753906
2008-09-11,188.2350616455078
2008-09-12,182.133056640625
2008-09-15,177.82626342773438
2008-09-16,181.6995391845703
2008-09-17,176.85562133789062
2008-09-18,182.66079711914062
2008-09-19,193.6727294921875
2008-09-22,192.16488647460938
2008-09-23,189.08798217773438
2008-09-24,192.8245849609375
2008-09-25,190.90206909179688
2008-09-26,185.01205444335938
2008-09-29,182.15187072753906
2008-09-30,183.70684814453125
2008-10-01,179.6875
2008-10-03,165.9991455078125
2008-10-06,154.70448303222656
2008-10-07,157.81912231445312
2008-10-08,155.35946655273438
2008-10-10,143.96109008789062
2008-10-13,148.08885192871094
2008-10-14,152.76785278320312
2008-10-15,143.26370239257812
2008-10-16,131.1774444580078
2008-10-17,123.08219146728516
2008-10-20,124.481689453125
2008-10-21,131.46018981933594
2008-10-22,124.09529113769531
2008-10-23,114.75141143798828
2008-10-24,96.0777359008789
2008-10-27,101.49653625488281
2008-10-29,113.25298309326172
2008-10-31,129.62249755859375
2008-11-03,135.86587524414062
2008-11-04,136.7988739013672
2008-11-05,119.59535217285156
2008-11-06,110.31268310546875
2008-11-07,115.04354858398438
2008-11-10,122.8042221069336
2008-11-11,113.81372833251953
2008-11-12,109.52578735351562
2008-11-14,108.06976318359375
2008-11-17,107.56559753417969
2008-11-18,107.42893981933594
2008-11-19,106.7221450805664
2008-11-20,99.52220916748047
2008-11-21,105.95880889892578
2008-11-24,107.88599395751953
2008-11-25,101.0064926147461
2008-11-26,107.33000183105469
2008-11-27,107.33000183105469
2008-11-28,106.9106216430664
2008-12-01,104.5499267578125
2008-12-02,101.2091293334961
2008-12-03,100.75204467773438
2008-12-04,109.23365783691406
2008-12-05,105.32266998291016
2008-12-08,105.41221618652344
2008-12-10,115.65139770507812
2008-12-11,118.6482162475586
2008-12-12,123.18118286132812
2008-12-15,126.33353424072266
2008-12-16,130.85231018066406
2008-12-17,127.35601806640625
2008-12-18,128.26071166992188
2008-12-19,127.34658813476562
2008-12-22,121.15028381347656
2008-12-23,118.71891021728516
2008-12-24,117.04613494873047
2008-12-26,114.04460144042969
2008-12-29,117.45137786865234
2008-12-30,117.8471908569336
2008-12-31,116.17443084716797
2009-01-02,121.23041534423828
2009-01-05,128.7177734375
2009-01-06,129.1936798095703
2009-01-07,113.15876007080078
2009-01-09,108.6823501586914
2009-01-12,103.46615600585938
2009-01-13,101.54837799072266
2009-01-14,111.17969512939453
2009-01-15,107.65511322021484
2009-01-16,114.72313690185547
2009-01-19,115.90585327148438
2009-01-20,111.5472412109375
2009-01-21,105.53472137451172
2009-01-22,107.0849838256836
2009-01-23,108.95562744140625
2009-01-27,115.53359985351562
2009-01-28,120.06184387207031
2009-01-29,119.69429779052734
2009-01-30,124.73614501953125
2009-02-02,120.62725830078125
2009-02-03,123.09634399414062
2009-02-04,123.2188720703125
2009-02-05,121.45659637451172
2009-02-06,126.7387466430664
2009-02-09,130.9654083251953
2009-02-10,132.11985778808594
2009-02-11,130.16908264160156
2009-02-12,127.3701400756836
2009-02-13,131.2198486328125
2009-02-16,124.41570281982422
2009-02-17,119.43043518066406
2009-02-18,122.05500793457031
2009-02-19,121.92306518554688
2009-02-20,118.1204833984375
2009-02-24,118.10633087158203
2009-02-25,119.35973358154297
2009-02-26,121.64505767822266
2009-02-27,119.31262969970703
2009-03-02,115.50531768798828
2009-03-03,112.79121398925781
2009-03-04,114.13412475585938
2009-03-05,108.35722351074219
2009-03-06,110.25142669677734
2009-03-09,108.69176483154297
2009-03-12,113.27655792236328
2009-03-13,121.02778625488281
2009-03-16,125.11312103271484
2009-03-17,122.53095245361328
2009-03-18,125.47118377685547
2009-03-19,126.81884002685547
2009-03-20,126.20626068115234
2009-03-23,135.5596160888672
2009-03-24,136.87899780273438
2009-03-25,144.3946075439453
2009-03-26,147.53280639648438
2009-03-27,145.9542999267578
2009-03-30,142.91033935546875
2009-03-31,143.69253540039062
2009-04-01,149.01707458496094
2009-04-02,156.5657196044922
2009-04-06,157.53167724609375
2009-04-08,162.57823181152344
2009-04-09,163.57717895507812
2009-04-13,167.1394500732422
2009-04-15,172.46400451660156
2009-04-16,163.5065155029297
2009-04-17,161.80543518066406
2009-04-20,161.65939331054688
2009-04-21,160.78294372558594
2009-04-22,161.9044189453125
2009-04-23,166.211181640625
2009-04-24,168.58131408691406
2009-04-27,168.27035522460938
2009-04-28,163.70912170410156
2009-04-29,170.2211151123047
2009-04-30,170.59335327148438
2009-05-04,177.8404083251953
2009-05-05,177.51531982421875
2009-05-06,177.3126678466797
2009-05-07,180.52157592773438
2009-05-08,179.0843505859375
2009-05-11,175.43731689453125
2009-05-12,184.70111083984375
2009-05-13,182.16603088378906
2009-05-14,179.89956665039062
2009-05-15,183.83409118652344
2009-05-18,223.11805725097656
2009-05-19,210.24012756347656
2009-05-20,202.84701538085938
2009-05-21,199.36009216308594
2009-05-22,205.98519897460938
2009-05-25,206.83338928222656
2009-05-26,201.9281768798828
2009-05-27,206.04173278808594
2009-05-28,209.26475524902344
2009-05-29,214.10398864746094
2009-06-01,215.07467651367188
2009-06-02,214.7919158935547
2009-06-03,211.65374755859375
2009-06-04,213.1474151611328
2009-06-05,208.52969360351562
2009-06-08,206.76266479492188
2009-06-09,214.12754821777344
2009-06-10,218.65576171875
2009-06-11,217.05841064453125
2009-06-12,222.60443115234375
2009-06-15,205.33021545410156
2009-06-16,201.98944091796875
2009-06-17,193.3193359375
2009-06-18,190.84083557128906
2009-06-19,192.39105224609375
2009-06-22,184.00369262695312
2009-06-23,189.92196655273438
2009-06-24,188.70156860351562
2009-06-25,184.53146362304688
2009-06-26,191.23193359375
2009-06-29,196.6790008544922
2009-06-30,190.6853485107422
2009-07-01,194.0214385986328
2009-07-02,189.5497283935547
2009-07-03,191.08584594726562
2009-07-06,178.41055297851562
2009-07-07,174.85772705078125
2009-07-08,172.42633056640625
2009-07-09,174.66452026367188
2009-07-10,167.2902374267578
2009-07-13,165.00961303710938
2009-07-14,170.95619201660156
2009-07-15,176.82261657714844
2009-07-16,182.39218139648438
2009-07-17,182.54769897460938
2009-07-20,191.61830139160156
2009-07-21,190.23768615722656
2009-07-22,186.1900634765625
2009-07-23,192.39578247070312
2009-07-24,190.0680694580078
2009-07-27,182.88694763183594
2009-07-28,179.77232360839844
2009-07-29,181.92100524902344
2009-07-30,179.0843505859375
2009-07-31,184.27700805664062
2009-08-03,190.08218383789062
2009-08-04,192.22616577148438
2009-08-05,195.6800537109375
2009-08-06,192.8905487060547
2009-08-07,188.26808166503906
2009-08-10,187.35865783691406
2009-08-11,188.51779174804688
2009-08-12,187.60369873046875
2009-08-13,190.77015686035156
2009-08-14,191.91513061523438
2009-08-17,183.0094757080078
2009-08-18,182.93882751464844
2009-08-19,177.7226104736328
2009-08-20,178.9053192138672
2009-08-21,181.77020263671875
2009-08-24,186.0581512451172
2009-08-25,190.89735412597656
2009-08-26,192.26382446289062
2009-08-27,192.47120666503906
2009-08-28,195.4633026123047
2009-08-31,188.96075439453125
2009-09-01,186.6754150390625
2009-09-02,185.7612762451172
2009-09-03,181.95872497558594
2009-09-04,186.7036895751953
2009-09-07,188.74868774414062
2009-09-08,195.60467529296875
2009-09-09,204.35487365722656
2009-09-10,202.3758087158203
2009-09-11,201.75384521484375
2009-09-14,201.62661743164062
2009-09-15,205.52813720703125
2009-09-16,205.82029724121094
2009-09-17,196.598876953125
2009-09-18,198.14439392089844
2009-09-22,197.7109375
2009-09-23,198.06434631347656
2009-09-24,197.99363708496094
2009-09-25,201.2025146484375
2009-09-29,204.599853515625
2009-09-30,207.48362731933594
2009-10-01,204.91087341308594
2009-10-05,201.58888244628906
2009-10-06,201.11770629882812
2009-10-07,198.02664184570312
2009-10-08,199.7559051513672
2009-10-09,197.88059997558594
2009-10-12,204.41140747070312
2009-10-13,203.74703979492188
2009-10-14,205.83912658691406
2009-10-15,204.64230346679688
2009-10-16,211.84317016601562
2009-10-20,208.5778045654297
2009-10-21,208.3534698486328
2009-10-22,203.8659210205078
2009-10-23,195.47817993164062
2009-10-26,192.42286682128906
2009-10-27,190.097900390625
2009-10-28,194.21780395507812
2009-10-29,190.8999481201172
2009-10-30,184.38356018066406
2009-11-03,173.6326446533203
2009-11-04,183.3857879638672
2009-11-05,185.3383331298828
2009-11-06,186.89939880371094
2009-11-09,193.28692626953125
2009-11-10,196.1608428955078
2009-11-11,201.84182739257812
2009-11-12,200.62445068359375
2009-11-13,202.36695861816406
2009-11-16,205.62274169921875
2009-11-17,203.5938262939453
2009-11-18,200.50987243652344
2009-11-19,198.9583282470703
2009-11-20,202.72975158691406
2009-11-23,209.57077026367188
2009-11-24,207.8760223388672
2009-11-25,209.54693603515625
2009-11-26,203.13076782226562
2009-11-27,199.7317352294922
2009-11-30,203.08303833007812
2009-12-01,209.6710662841797
2009-12-02,210.138916015625
2009-12-03,209.98611450195312
2009-12-04,207.83786010742188
2009-12-07,201.4598846435547
2009-12-08,206.3006591796875
2009-12-09,204.67750549316406
2009-12-10,204.66798400878906
2009-12-11,204.56297302246094
2009-12-14,203.93275451660156
2009-12-15,200.81060791015625
2009-12-16,199.96087646484375
2009-12-17,197.63119506835938
2009-12-18,192.41806030273438
2009-12-21,194.19395446777344
2009-12-22,194.62362670898438
2009-12-23,203.59861755371094
2009-12-24,205.52728271484375
2009-12-29,206.2815704345703
2009-12-30,205.47955322265625
2009-12-31,208.24842834472656
2010-01-04,205.37449645996094
2010-01-05,204.4579315185547
2010-01-06,207.761474609375
2010-01-07,211.20822143554688
2010-01-08,210.65447998046875
2010-01-11,206.520263671875
2010-01-12,207.06446838378906
2010-01-13,207.8760223388672
2010-01-14,214.19674682617188
2010-01-15,212.1057586669922
2010-01-18,209.95748901367188
2010-01-19,207.18862915039062
2010-01-20,205.7564239501953
2010-01-21,201.27850341796875
2010-01-22,201.24029541015625
2010-01-25,198.98696899414062
2010-01-27,196.21810913085938
2010-01-28,198.0513153076172
2010-01-29,199.7794647216797
2010-02-01,199.626708984375
2010-02-02,196.17039489746094
2010-02-03,197.4402313232422
2010-02-04,194.61407470703125
2010-02-05,187.46273803710938
2010-02-08,189.87831115722656
2010-02-09,189.66824340820312
2010-02-10,188.1119842529297
2010-02-11,193.85023498535156
2010-02-15,192.8667755126953
2010-02-16,194.3467254638672
2010-02-17,197.17291259765625
2010-02-18,190.5371551513672
2010-02-19,187.74916076660156
2010-02-22,186.74664306640625
2010-02-23,186.2501678466797
2010-02-24,186.90895080566406
2010-02-25,183.91091918945312
2010-02-26,186.93760681152344
2010-03-02,187.74916076660156
2010-03-03,195.69297790527344
2010-03-04,193.6306610107422
2010-03-05,192.82862854003906
2010-03-08,191.7401580810547
2010-03-09,189.11448669433594
2010-03-10,192.62814331054688
2010-03-11,194.09849548339844
2010-03-12,195.08193969726562
2010-03-15,196.31358337402344
2010-03-16,203.93275451660156
2010-03-17,204.2669677734375
2010-03-18,205.65139770507812
2010-03-19,208.53485107421875
2010-03-22,205.07855224609375
2010-03-23,208.41073608398438
2010-03-25,208.4202880859375
2010-03-26,210.138916015625
2010-03-29,208.7735595703125
2010-03-30,207.79014587402344
2010-03-31,205.1358184814453
2010-04-01,208.53485107421875
2010-04-05,214.99874877929688
2010-04-06,214.48316955566406
2010-04-07,215.72439575195312
2010-04-08,211.3037567138672
2010-04-09,214.76962280273438
2010-04-12,215.27565002441406
2010-04-13,214.0439453125
2010-04-15,208.27706909179688
2010-04-16,207.0453643798828
2010-04-19,202.75839233398438
2010-04-20,203.02572631835938
2010-04-21,201.2880096435547
2010-04-22,205.42227172851562
2010-04-23,207.79965209960938
2010-04-26,204.56297302246094
2010-04-27,202.6533660888672
2010-04-28,194.25123596191406
2010-04-29,197.6503143310547
2010-04-30,197.3734130859375
2010-05-03,195.49246215820312
2010-05-04,194.99598693847656
2010-05-05,194.90049743652344
2010-05-06,192.45626831054688
2010-05-07,197.2206268310547
2010-05-10,207.6439666748047
2010-05-11,205.4125213623047
2010-05-12,208.32688903808594
2010-05-13,206.1820068359375
2010-05-14,200.7667694091797
2010-05-17,195.55357360839844
2010-05-18,196.3326416015625
2010-05-19,192.1101531982422
2010-05-20,192.36019897460938
2010-05-21,191.5137939453125
2010-05-24,196.7270050048828
2010-05-25,189.60931396484375
2010-05-26,193.9184112548828
2010-05-27,196.65008544921875
2010-05-28,199.42018127441406
2010-05-31,201.1419219970703
2010-06-01,194.39935302734375
2010-06-02,194.4955291748047
2010-06-03,198.29483032226562
2010-06-04,198.37181091308594
2010-06-07,193.8607177734375
2010-06-08,191.67730712890625
2010-06-09,193.72604370117188
2010-06-10,195.32269287109375
2010-06-11,201.29580688476562
2010-06-14,204.58531188964844
2010-06-15,205.08546447753906
2010-06-16,203.51763916015625
2010-06-17,206.1050567626953
2010-06-18,202.8251495361328
2010-06-21,204.9989013671875
2010-06-22,204.6430206298828
2010-06-23,203.66192626953125
2010-06-24,202.38267517089844
2010-06-25,204.47952270507812
2010-06-28,209.7119598388672
2010-06-29,205.34515380859375
2010-06-30,209.6542510986328
2010-07-01,207.0380401611328
2010-07-02,205.6337432861328
2010-07-05,205.5087127685547
2010-07-06,206.58596801757812
2010-07-07,202.67123413085938
2010-07-08,203.35415649414062
2010-07-09,203.45997619628906
2010-07-12,203.19064331054688
2010-07-13,206.66287231445312
2010-07-14,205.9222869873047
2010-07-15,206.49942016601562
2010-07-16,204.47952270507812
2010-07-19,203.1521453857422
2010-07-20,202.5558319091797
2010-07-21,203.60423278808594
2010-07-22,203.71966552734375
2010-07-23,203.99859619140625
2010-07-26,202.5846710205078
2010-07-27,202.66162109375
2010-07-28,196.4576873779297
2010-07-29,194.32240295410156
2010-07-30,194.22621154785156
2010-08-02,195.1688232421875
2010-08-03,197.70809936523438
2010-08-04,195.45738220214844
2010-08-05,193.72604370117188
2010-08-06,192.38906860351562
2010-08-09,191.13865661621094
2010-08-10,190.04217529296875
2010-08-11,189.14764404296875
2010-08-12,187.09889221191406
2010-08-13,188.34930419921875
2010-08-16,187.9261016845703
2010-08-17,186.72377014160156
2010-08-18,185.5599365234375
2010-08-19,187.98379516601562
2010-08-20,190.1864013671875
2010-08-23,187.9261016845703
2010-08-24,187.06040954589844
2010-08-25,186.17552185058594
2010-08-26,183.9921417236328
2010-08-27,182.6743927001953
2010-08-30,182.3569793701172
2010-08-31,176.82635498046875
2010-09-01,180.09666442871094
2010-09-02,180.33709716796875
2010-09-03,178.07675170898438
2010-09-06,183.26112365722656
2010-09-07,185.1174774169922
2010-09-08,184.59811401367188
2010-09-09,184.39610290527344
2010-09-13,190.9270782470703
2010-09-14,190.0902557373047
2010-09-15,195.04379272460938
2010-09-16,192.4371337890625
2010-09-17,197.6311492919922
2010-09-20,200.3339080810547
2010-09-21,199.13162231445312
2010-09-22,196.22683715820312
2010-09-23,191.91775512695312
2010-09-24,192.68722534179688
2010-09-27,194.33200073242188
2010-09-28,192.08128356933594
2010-09-29,192.177490234375
2010-09-30,189.91712951660156
2010-10-01,193.88954162597656
2010-10-04,195.8036651611328
2010-10-05,196.9578399658203
2010-10-06,201.01687622070312
2010-10-07,199.901123046875
2010-10-08,201.92098999023438
2010-10-11,205.6818389892578
2010-10-12,203.06561279296875
2010-10-13,206.42247009277344
2010-10-14,203.71966552734375
2010-10-15,200.13194274902344
2010-10-18,201.49777221679688
2010-10-19,200.91104125976562
2010-10-20,201.8825225830078
2010-10-21,208.07681274414062
2010-10-22,208.10568237304688
2010-10-25,209.75047302246094
2010-10-26,211.38558959960938
2010-10-27,210.21212768554688
2010-10-28,208.1441650390625
2010-10-29,210.88543701171875
2010-11-01,210.29872131347656
2010-11-02,206.76869201660156
2010-11-03,204.93157958984375
2010-11-04,212.5782928466797
2010-11-08,213.8863983154297
2010-11-09,213.2515869140625
2010-11-10,212.030029296875
2010-11-11,207.7401885986328
2010-11-12,204.26792907714844
2010-11-15,202.89248657226562
2010-11-16,198.2371063232422
2010-11-18,198.7083740234375
2010-11-19,191.6484375
2010-11-22,194.72637939453125
2010-11-23,191.52342224121094
2010-11-24,191.61001586914062
2010-11-25,188.42625427246094
2010-11-26,185.1271209716797
2010-11-29,192.0620574951172
2010-11-30,189.59971618652344
2010-12-01,190.21530151367188
2010-12-02,194.5147705078125
2010-12-03,193.50482177734375
2010-12-06,196.24610900878906
2010-12-07,198.28518676757812
2010-12-08,196.32301330566406
2010-12-09,189.38812255859375
2010-12-10,196.96746826171875
2010-12-13,200.40126037597656
2010-12-14,202.99826049804688
2010-12-15,202.73858642578125
2010-12-16,203.30604553222656
2010-12-20,203.2868194580078
2010-12-21,206.44171142578125
2010-12-22,203.1521453857422
2010-12-23,203.796630859375
2010-12-24,203.8543243408203
2010-12-27,202.99826049804688
2010-12-28,201.58436584472656
2010-12-29,201.718994140625
2010-12-30,202.21917724609375
2010-12-31,203.66192626953125
2011-01-03,203.06561279296875
2011-01-04,207.20152282714844
2011-01-05,206.95147705078125
2011-01-06,208.83670043945312
2011-01-07,204.95079040527344
2011-01-10,198.80459594726562
2011-01-11,195.01490783691406
2011-01-12,198.29483032226562
2011-01-13,195.32269287109375
2011-01-14,192.6584014892578
2011-01-17,191.96585083007812
2011-01-18,191.37911987304688
2011-01-19,188.5513153076172
2011-01-20,186.56988525390625
2011-01-21,189.83056640625
2011-01-24,186.90650939941406
2011-01-25,184.38648986816406
2011-01-27,181.34703063964844
2011-01-28,175.63368225097656
2011-01-31,176.84561157226562
2011-02-01,172.26719665527344
2011-02-02,177.23031616210938
2011-02-03,181.577880859375
2011-02-04,176.980224609375
2011-02-07,178.72120666503906
2011-02-08,176.06646728515625
2011-02-09,175.8837432861328
2011-02-10,173.06552124023438
2011-02-11,175.04693603515625
2011-02-14,175.97991943359375
2011-02-15,181.1546630859375
2011-02-16,181.6259765625
2011-02-17,183.51121520996094
2011-02-18,179.97158813476562
2011-02-21,183.972900390625
2011-02-22,189.45541381835938
2011-02-23,191.5330352783203
2011-02-24,185.48297119140625
2011-02-25,185.87733459472656
2011-02-28,185.4926300048828
2011-03-01,190.22491455078125
2011-03-03,188.0222930908203
2011-03-04,188.94564819335938
2011-03-07,187.9549560546875
2011-03-08,189.4746856689453
2011-03-09,191.18675231933594
2011-03-10,189.43618774414062
2011-03-11,190.84051513671875
2011-03-14,195.89981079101562
2011-03-15,199.5355987548828
2011-03-16,201.43045043945312
2011-03-17,198.304443359375
2011-03-18,191.0232391357422
2011-03-21,190.50381469726562
2011-03-22,192.30252075195312
2011-03-23,194.91876220703125
2011-03-24,194.3512725830078
2011-03-25,197.48684692382812
2011-03-28,197.313720703125
2011-03-29,196.7462615966797
2011-03-30,198.62185668945312
2011-03-31,201.81521606445312
2011-04-01,199.37210083007812
2011-04-04,202.11338806152344
2011-04-05,201.53628540039062
2011-04-06,200.9976348876953
2011-04-07,200.43011474609375
2011-04-08,196.96746826171875
2011-04-11,193.38938903808594
2011-04-13,196.56350708007812
2011-04-15,196.3999786376953
2011-04-18,194.1300048828125
2011-04-19,194.61093139648438
2011-04-20,197.35220336914062
2011-04-21,200.1800537109375
2011-04-25,194.16851806640625
2011-04-26,192.59107971191406
2011-04-27,189.69586181640625
2011-04-28,187.06040954589844
2011-04-29,189.2438201904297
2011-05-02,185.5887908935547
2011-05-03,181.577880859375
2011-05-04,182.2992706298828
2011-05-05,186.14682006835938
2011-05-06,187.14614868164062
2011-05-09,187.97897338867188
2011-05-10,186.30357360839844
2011-05-11,187.22454833984375
2011-05-12,185.27481079101562
2011-05-13,185.76467895507812
2011-05-16,185.17684936523438
2011-05-17,180.4053192138672
2011-05-18,176.72140502929688
2011-05-19,179.3961639404297
2011-05-20,180.90501403808594
2011-05-23,178.20083618164062
2011-05-24,179.44517517089844
2011-05-25,177.5345916748047
2011-05-26,182.99188232421875
2011-05-27,185.26498413085938
2011-05-30,183.97169494628906
2011-05-31,186.5191192626953
2011-06-01,185.529541015625
2011-06-02,186.36231994628906
2011-06-03,183.13888549804688
2011-06-06,183.7561492919922
2011-06-07,187.77320861816406
2011-06-08,185.99984741210938
2011-06-09,186.9404296875
2011-06-10,185.07882690429688
2011-06-13,181.3752899169922
2011-06-14,178.5829620361328
2011-06-15,176.46664428710938
2011-06-16,173.91925048828125
2011-06-17,170.2353057861328
2011-06-20,163.27890014648438
2011-06-21,166.29661560058594
2011-06-22,165.7381591796875
2011-06-23,170.57823181152344
2011-06-24,170.75454711914062
2011-06-27,170.7839813232422
2011-06-28,170.69580078125
2011-06-29,173.4685516357422
2011-06-30,176.06495666503906
2011-07-01,168.90281677246094
2011-07-04,170.1667022705078
2011-07-05,165.76751708984375
2011-07-06,167.12942504882812
2011-07-07,170.61740112304688
2011-07-08,167.51153564453125
2011-07-11,167.20782470703125
2011-07-12,166.12026977539062
2011-07-13,169.5886688232422
2011-07-14,170.0001678466797
2011-07-15,171.10733032226562
2011-07-18,170.0099639892578
2011-07-19,172.33200073242188
2011-07-20,171.69515991210938
2011-07-21,168.687255859375
2011-07-22,171.13671875
2011-07-25,172.9982452392578
2011-07-26,170.77413940429688
2011-07-27,168.687255859375
2011-07-28,164.08233642578125
2011-07-29,162.2403564453125
2011-08-01,162.80860900878906
2011-08-02,164.07254028320312
2011-08-03,161.672119140625
2011-08-04,159.18348693847656
2011-08-05,155.19580078125
2011-08-08,152.9717254638672
2011-08-09,149.96383666992188
2011-08-10,151.42369079589844
2011-08-11,151.31590270996094
2011-08-12,149.1016387939453
2011-08-16,148.7587127685547
2011-08-17,147.9454803466797
2011-08-18,145.24130249023438
2011-08-19,143.54632568359375
2011-08-22,148.33740234375
2011-08-23,149.9540252685547
2011-08-24,149.17999267578125
2011-08-25,147.65158081054688
2011-08-26,140.96951293945312
2011-08-29,147.95529174804688
2011-08-30,153.35382080078125
2011-09-02,157.83140563964844
2011-09-05,154.5785675048828
2011-09-06,160.97645568847656
2011-09-07,163.32789611816406
2011-09-08,167.04124450683594
2011-09-09,161.80926513671875
2011-09-12,157.99794006347656
2011-09-13,158.77198791503906
2011-09-14,161.74070739746094
2011-09-15,163.8765869140625
2011-09-16,161.78965759277344
2011-09-19,160.98626708984375
2011-09-20,166.9138641357422
2011-09-21,164.13133239746094
2011-09-22,154.0886688232422
2011-09-23,151.00238037109375
2011-09-26,148.76849365234375
2011-09-27,156.2147674560547
2011-09-28,156.2147674560547
2011-09-29,158.27227783203125
2011-09-30,158.39967346191406
2011-10-03,154.45118713378906
2011-10-04,151.19833374023438
2011-10-05,150.29696655273438
2011-10-07,157.33169555664062
2011-10-10,162.4951171875
2011-10-11,162.05419921875
2011-10-12,166.49256896972656
2011-10-13,165.9536895751953
2011-10-14,169.87278747558594
2011-10-17,163.3866729736328
2011-10-18,160.6629180908203
2011-10-19,165.18948364257812
2011-10-20,164.34686279296875
2011-10-21,163.76881408691406
2011-10-24,165.8753204345703
2011-10-25,171.64617919921875
2011-10-28,176.35887145996094
2011-10-31,171.95968627929688
2011-11-01,168.6382598876953
2011-11-02,170.8329620361328
2011-11-03,173.5959014892578
2011-11-04,172.4299774169922
2011-11-08,173.16482543945312
2011-11-09,169.49066162109375
2011-11-11,173.48812866210938
2011-11-14,171.7931671142578
2011-11-15,168.80484008789062
2011-11-16,166.18885803222656
2011-11-17,158.71322631835938
2011-11-18,158.3506622314453
2011-11-21,154.0886688232422
2011-11-22,155.82286071777344
2011-11-23,151.55105590820312
2011-11-24,151.50205993652344
2011-11-25,147.71034240722656
2011-11-28,153.58897399902344
2011-11-29,149.90501403808594
2011-11-30,152.50143432617188
2011-12-01,156.56747436523438
2011-12-02,159.12472534179688
2011-12-05,158.0861358642578
2011-12-07,158.6837921142578
2011-12-08,152.61900329589844
2011-12-09,148.08267211914062
2011-12-12,142.5567626953125
2011-12-13,145.45689392089844
2011-12-14,145.3784637451172
2011-12-15,146.9951171875
2011-12-16,141.44960021972656
2011-12-19,144.085205078125
2011-12-20,139.80360412597656
2011-12-21,146.57382202148438
2011-12-22,147.8573455810547
2011-12-23,146.2602996826172
2011-12-26,149.12124633789062
2011-12-27,147.56338500976562
2011-12-28,144.82003784179688
2011-12-29,139.4998779296875
2011-12-30,135.78652954101562
2012-01-02,138.4515380859375
2012-01-03,141.99826049804688
2012-01-04,140.3326873779297
2012-01-05,137.0700225830078
2012-01-06,140.6070098876953
2012-01-09,138.39273071289062
2012-01-10,144.26156616210938
2012-01-11,146.62281799316406
2012-01-12,144.39874267578125
2012-01-13,143.3993682861328
2012-01-16,139.70562744140625
2012-01-17,145.4078826904297
2012-01-18,152.7953643798828
2012-01-19,153.9514923095703
2012-01-20,155.3231964111328
2012-01-23,151.1885528564453
2012-01-24,153.57920837402344
2012-01-25,154.9900665283203
2012-01-27,160.7609100341797
2012-01-30,155.7346649169922
2012-01-31,160.11427307128906
2012-02-01,162.87722778320312
2012-02-02,162.4951171875
2012-02-03,164.26849365234375
2012-02-06,163.22994995117188
2012-02-07,165.49317932128906
2012-02-08,168.2071533203125
2012-02-09,167.3155975341797
2012-02-10,165.2384490966797
2012-02-13,166.41419982910156
2012-02-14,166.34559631347656
2012-02-15,163.9451446533203
2012-02-16,159.2030792236328
2012-02-17,160.32981872558594
2012-02-21,165.29722595214844
2012-02-22,163.3083038330078
2012-02-23,164.52325439453125
2012-02-24,160.6727294921875
2012-02-27,153.1284637451172
2012-02-28,156.07760620117188
2012-02-29,160.8295135498047
2012-03-01,158.90914916992188
2012-03-02,159.5264129638672
2012-03-05,156.27354431152344
2012-03-06,152.16831970214844
2012-03-07,149.27796936035156
2012-03-09,151.6294708251953
2012-03-12,156.47930908203125
2012-03-13,160.6727294921875
2012-03-14,159.60476684570312
2012-03-15,156.10699462890625
2012-03-16,151.34532165527344
2012-03-19,147.96510314941406
2012-03-20,149.0330352783203
2012-03-21,150.502685546875
2012-03-22,144.29095458984375
2012-03-23,145.7998046875
2012-03-26,143.0662384033203
2012-03-27,143.25238037109375
2012-03-28,142.2040557861328
2012-03-29,141.99826049804688
2012-03-30,147.08331298828125
2012-04-02,145.1139678955078
2012-04-03,147.49481201171875
2012-04-04,146.37786865234375
2012-04-09,145.42750549316406
2012-04-10,145.5254669189453
2012-04-11,143.10543823242188
2012-04-12,145.65280151367188
2012-04-13,147.26942443847656
2012-04-16,146.59341430664062
2012-04-17,146.2602996826172
2012-04-18,146.69139099121094
2012-04-19,145.32952880859375
2012-04-20,143.21319580078125
2012-04-23,144.28114318847656
2012-04-24,144.04600524902344
2012-04-25,144.28114318847656
2012-04-26,145.9957733154297
2012-04-27,145.39810180664062
2012-04-30,146.00555419921875
2012-05-02,145.7018280029297
2012-05-03,144.7808380126953
2012-05-04,142.3509979248047
2012-05-07,140.2444610595703
2012-05-08,138.80421447753906
2012-05-09,136.20785522460938
2012-05-10,136.02169799804688
2012-05-11,136.61935424804688
2012-05-14,133.5037078857422
2012-05-15,133.57225036621094
2012-05-16,132.48472595214844
2012-05-17,134.25808715820312
2012-05-18,134.92434692382812
2012-05-21,136.28622436523438
2012-05-22,135.4239959716797
2012-05-23,134.59120178222656
2012-05-24,136.24700927734375
2012-05-25,135.44358825683594
2012-05-28,137.4913787841797
2012-05-29,137.53053283691406
2012-05-30,138.39273071289062
2012-05-31,140.09207153320312
2012-06-01,136.05172729492188
2012-06-04,137.54078674316406
2012-06-05,139.4865264892578
2012-06-06,142.13706970214844
2012-06-07,143.19927978515625
2012-06-08,144.87696838378906
2012-06-11,143.39779663085938
2012-06-12,143.53677368164062
2012-06-13,142.2165069580078
2012-06-14,142.22640991210938
2012-06-15,144.29127502441406
2012-06-18,142.7327117919922
2012-06-19,146.41566467285156
2012-06-20,146.40573120117188
2012-06-21,142.6929931640625
2012-06-22,141.1642303466797
2012-06-25,142.19664001464844
2012-06-26,143.64601135253906
2012-06-27,143.4474334716797
2012-06-28,142.9312744140625
2012-06-29,146.4951171875
2012-07-02,146.40573120117188
2012-07-03,146.19728088378906
2012-07-04,145.7803497314453
2012-07-05,146.66384887695312
2012-07-06,145.8994903564453
2012-07-09,145.29391479492188
2012-07-10,146.86236572265625
2012-07-11,144.07284545898438
2012-07-12,143.1893310546875
2012-07-13,142.65328979492188
2012-07-16,143.02061462402344
2012-07-17,142.82203674316406
2012-07-18,142.11721801757812
2012-07-19,144.49974060058594
2012-07-20,143.4772186279297
2012-07-23,142.7525634765625
2012-07-24,143.8445281982422
2012-07-25,142.80218505859375
2012-07-26,140.99542236328125
2012-07-27,143.14967346191406
2012-07-30,144.85711669921875
2012-07-31,147.63673400878906
2012-08-01,148.26214599609375
2012-08-02,146.8326416015625
2012-08-03,147.42820739746094
2012-08-06,156.0648956298828
2012-08-07,155.60824584960938
2012-08-08,157.00794982910156
2012-08-09,154.8934326171875
2012-08-10,155.28060913085938
2012-08-13,156.4818115234375
2012-08-14,158.74522399902344
2012-08-16,162.0410614013672
2012-08-17,162.03111267089844
2012-08-21,161.66378784179688
2012-08-22,160.38319396972656
2012-08-23,157.7425537109375
2012-08-24,155.28060913085938
2012-08-27,156.32296752929688
2012-08-28,156.88882446289062
2012-08-29,155.29055786132812
2012-08-30,155.53875732421875
2012-08-31,152.1634979248047
2012-09-03,151.4983673095703
2012-09-04,154.78428649902344
2012-09-05,153.10655212402344
2012-09-06,152.5208740234375
2012-09-07,157.19656372070312
2012-09-10,157.256103515625
2012-09-11,157.04766845703125
2012-09-12,158.45733642578125
2012-09-13,158.66580200195312
2012-09-14,167.1237335205078
2012-09-17,173.4771270751953
2012-09-18,169.87356567382812
2012-09-20,165.2872314453125
2012-09-21,168.82127380371094
2012-09-24,166.0515899658203
2012-09-25,166.7266387939453
2012-09-26,167.71939086914062
2012-09-27,164.76109313964844
2012-09-28,166.2203826904297
2012-10-01,165.48574829101562
2012-10-03,167.9873809814453
2012-10-04,169.33749389648438
2012-10-05,170.3103485107422
2012-10-08,162.686279296875
2012-10-09,161.87225341796875
2012-10-10,162.01124572753906
2012-10-11,162.79550170898438
2012-10-12,162.58700561523438
2012-10-15,163.41098022460938
2012-10-16,161.306396484375
2012-10-17,159.85702514648438
2012-10-18,161.07809448242188
2012-10-19,159.3905029296875
2012-10-22,161.9318084716797
2012-10-23,160.81005859375
2012-10-25,160.89938354492188
2012-10-29,161.0582275390625
2012-10-30,159.4798126220703
2012-10-31,159.9265594482422
2012-11-01,160.24423217773438
2012-11-02,160.4129638671875
2012-11-05,160.05557250976562
2012-11-06,159.91661071777344
2012-11-07,159.00331115722656
2012-11-08,158.15951538085938
2012-11-09,156.382568359375
2012-11-12,156.1840362548828
2012-11-15,155.7769775390625
2012-11-16,153.9007568359375
2012-11-19,153.7319793701172
2012-11-20,151.9550323486328
2012-11-21,153.11648559570312
2012-11-22,152.05430603027344
2012-11-23,153.62283325195312
2012-11-26,153.60293579101562
2012-11-27,156.21377563476562
2012-11-29,158.4970245361328
2012-11-30,157.58372497558594
2012-12-03,159.6287384033203
2012-12-04,163.73854064941406
2012-12-05,165.3070526123047
2012-12-06,167.55059814453125
2012-12-07,165.7041473388672
2012-12-10,164.45330810546875
2012-12-11,162.8153076171875
2012-12-12,165.3070526123047
2012-12-13,165.6346435546875
2012-12-14,166.62738037109375
2012-12-17,165.6147918701172
2012-12-18,165.06883239746094
2012-12-19,166.6770477294922
2012-12-20,166.34942626953125
2012-12-21,163.84776306152344
2012-12-24,162.9443817138672
2012-12-26,164.44338989257812
2012-12-27,162.34878540039062
2012-12-28,166.82591247558594
2012-12-31,166.68692016601562
2013-01-01,166.91525268554688
2013-01-02,168.35470581054688
2013-01-03,170.8960418701172
2013-01-04,171.1144561767578
2013-01-07,170.07208251953125
2013-01-08,168.89077758789062
2013-01-09,169.29779052734375
2013-01-10,168.77162170410156
2013-01-11,166.75645446777344
2013-01-14,168.2752685546875
2013-01-15,168.19586181640625
2013-01-16,171.01516723632812
2013-01-17,176.7034149169922
2013-01-18,178.7285919189453
2013-01-21,182.64979553222656
2013-01-22,182.66966247558594
2013-01-23,183.26528930664062
2013-01-24,181.77622985839844
2013-01-25,181.11109924316406
2013-01-28,178.20245361328125
2013-01-29,175.28382873535156
2013-01-30,178.56976318359375
2013-01-31,176.03829956054688
2013-02-01,177.49761962890625
2013-02-04,176.04827880859375
2013-02-05,173.67564392089844
2013-02-06,173.85433959960938
2013-02-07,173.30836486816406
2013-02-08,171.45196533203125
2013-02-11,172.4149169921875
2013-02-12,173.8146514892578
2013-02-13,174.51947021484375
2013-02-14,169.96292114257812
2013-02-15,167.92782592773438
2013-02-18,168.26535034179688
2013-02-19,168.44406127929688
2013-02-20,173.6855926513672
2013-02-21,170.5883026123047
2013-02-22,171.2633819580078
2013-02-25,169.62538146972656
2013-02-26,163.50030517578125
2013-02-27,165.0489501953125
2013-02-28,161.5843963623047
2013-03-01,160.89938354492188
2013-03-04,161.33619689941406
2013-03-05,164.06614685058594
2013-03-06,165.83319091796875
2013-03-07,166.08139038085938
2013-03-08,169.0198211669922
2013-03-11,167.66973876953125
2013-03-12,168.3348388671875
2013-03-13,167.7689971923828
2013-03-14,170.757080078125
2013-03-15,167.50094604492188
2013-03-18,165.64459228515625
2013-03-19,163.79812622070312
2013-03-20,163.3414764404297
2013-03-21,161.33619689941406
2013-03-22,160.93910217285156
2013-03-25,160.6710662841797
2013-03-26,155.52883911132812
2013-03-28,153.4540252685547
2013-04-01,154.61549377441406
2013-04-02,157.62344360351562
2013-04-03,154.1787109375
2013-04-04,152.39183044433594
2013-04-05,154.88352966308594
2013-04-08,156.72996520996094
2013-04-09,154.25811767578125
2013-04-10,154.7445526123047
2013-04-11,153.09666442871094
2013-04-12,153.94049072265625
2013-04-15,157.56387329101562
2013-04-16,159.81732177734375
2013-04-17,153.6128692626953
2013-04-18,155.18136596679688
2013-04-22,156.79946899414062
2013-04-23,159.5691680908203
2013-04-25,162.7359161376953
2013-04-26,157.32559204101562
2013-04-29,157.37525939941406
2013-04-30,156.49172973632812
2013-05-02,159.41030883789062
2013-05-03,158.93382263183594
2013-05-06,163.12310791015625
2013-05-07,164.4235382080078
2013-05-08,164.72132873535156
2013-05-09,162.42819213867188
2013-05-10,165.34716796875
2013-05-13,163.32342529296875
2013-05-14,162.33694458007812
2013-05-15,166.5777130126953
2013-05-16,170.98110961914062
2013-05-17,169.93365478515625
2013-05-20,169.0489044189453
2013-05-21,168.5302734375
2013-05-22,166.52684020996094
2013-05-23,159.55052185058594
2013-05-24,159.95729064941406
2013-05-27,168.46925354003906
2013-05-28,171.5404510498047
2013-05-29,172.4557342529297
2013-05-30,170.1980438232422
2013-05-31,163.99459838867188
2013-06-03,160.252197265625
2013-06-04,158.6860809326172
2013-06-05,163.1200408935547
2013-06-06,161.0861053466797
2013-06-07,159.37762451171875
2013-06-10,160.54714965820312
2013-06-11,159.78443908691406
2013-06-12,160.84205627441406
2013-06-13,160.638671875
2013-06-14,165.69296264648438
2013-06-17,167.909912109375
2013-06-18,167.4726104736328
2013-06-19,169.1607666015625
2013-06-20,162.30648803710938
2013-06-21,161.259033203125
2013-06-24,161.2183380126953
2013-06-25,163.48614501953125
2013-06-26,163.44546508789062
2013-06-27,168.81503295898438
2013-06-28,175.44557189941406
2013-07-01,180.14390563964844
2013-07-02,177.32693481445312
2013-07-03,173.05567932128906
2013-07-04,175.25234985351562
2013-07-05,179.05580139160156
2013-07-08,176.33033752441406
2013-07-09,177.92694091796875
2013-07-10,174.10317993164062
2013-07-11,176.96084594726562
2013-07-12,181.00831604003906
2013-07-15,182.41172790527344
2013-07-16,183.17442321777344
2013-07-17,186.0931396484375
2013-07-18,186.5609130859375
2013-07-19,187.87278747558594
2013-07-22,184.8931121826172
2013-07-23,184.99481201171875
2013-07-24,184.95411682128906
2013-07-25,181.1710205078125
2013-07-26,181.0489959716797
2013-07-29,180.14390563964844
2013-07-30,174.37774658203125
2013-07-31,177.3676300048828
2013-08-01,172.88284301757812
2013-08-02,174.37774658203125
2013-08-05,175.2320098876953
2013-08-06,171.06246948242188
2013-08-07,177.44900512695312
2013-08-08,176.06591796875
2013-08-12,171.99810791015625
2013-08-13,173.47268676757812
2013-08-14,175.93373107910156
2013-08-16,168.14381408691406
2013-08-19,166.83197021484375
2013-08-20,167.8692626953125
2013-08-21,159.37762451171875
2013-08-22,163.9539337158203
2013-08-23,166.6793975830078
2013-08-26,167.30990600585938
2013-08-27,163.374267578125
2013-08-28,165.11328125
2013-08-29,171.91671752929688
2013-08-30,173.66590881347656
2013-09-02,180.35745239257812
2013-09-03,169.0183868408203
2013-09-04,172.75064086914062
2013-09-05,175.4353790283203
2013-09-06,176.5438690185547
2013-09-10,181.08969116210938
2013-09-11,180.56085205078125
2013-09-12,178.04898071289062
2013-09-13,177.5608367919922
2013-09-16,175.27268981933594
2013-09-17,174.54049682617188
2013-09-18,177.34727478027344
2013-09-19,181.14051818847656
2013-09-20,179.3710479736328
2013-09-23,177.83543395996094
2013-09-24,177.8862762451172
2013-09-25,172.68960571289062
2013-09-26,170.4929656982422
2013-09-27,170.82858276367188
2013-09-30,167.2692108154297
2013-10-01,167.07601928710938
2013-10-03,172.26251220703125
2013-10-04,173.7777862548828
2013-10-07,171.67266845703125
2013-10-08,171.855712890625
2013-10-09,175.0998077392578
2013-10-10,174.91676330566406
2013-10-11,175.59811401367188
2013-10-14,177.01168823242188
2013-10-15,176.50320434570312
2013-10-17,179.05580139160156
2013-10-18,184.20156860351562
2013-10-21,185.73719787597656
2013-10-22,183.90667724609375
2013-10-23,182.39138793945312
2013-10-24,179.8998565673828
2013-10-25,180.4083251953125
2013-10-28,181.1710205078125
2013-10-29,182.4015655517578
2013-10-30,182.67616271972656
2013-10-31,186.04226684570312
2013-11-01,184.73040771484375
2013-11-05,185.02529907226562
2013-11-06,182.7677001953125
2013-11-07,180.18458557128906
2013-11-08,178.16082763671875
2013-11-11,175.7099609375
2013-11-12,173.4116668701172
2013-11-13,171.74383544921875
2013-11-14,173.2184295654297
2013-11-18,177.9167938232422
2013-11-19,178.6489715576172
2013-11-20,175.42523193359375
2013-11-21,172.39468383789062
2013-11-22,171.6116485595703
2013-11-25,173.22860717773438
2013-11-26,171.1031494140625
2013-11-27,170.43199157714844
2013-11-28,172.4658966064453
2013-11-29,173.53366088867188
2013-12-02,173.9608154296875
2013-12-03,175.30320739746094
2013-12-04,174.11337280273438
2013-12-05,177.15408325195312
2013-12-06,176.27947998046875
2013-12-09,178.77099609375
2013-12-10,179.9303741455078
2013-12-11,179.5133819580078
2013-12-12,176.99134826660156
2013-12-13,175.87266540527344
2013-12-16,171.87603759765625
2013-12-17,170.68618774414062
2013-12-18,174.90658569335938
2013-12-19,173.70657348632812
2013-12-20,182.0659637451172
2013-12-23,182.2897186279297
2013-12-24,182.6558380126953
2013-12-26,180.5201873779297
2013-12-27,178.7506561279297
2013-12-30,180.42864990234375
2013-12-31,182.0761260986328
2014-01-01,180.77442932128906
2014-01-02,177.96762084960938
2014-01-03,175.78115844726562
2014-01-06,173.88961791992188
2014-01-07,171.2760467529297
2014-01-08,172.68960571289062
2014-01-09,173.02520751953125
2014-01-10,174.54049682617188
2014-01-13,179.06593322753906
2014-01-14,179.2896728515625
2014-01-15,180.09307861328125
2014-01-16,180.23544311523438
2014-01-17,179.95069885253906
2014-01-20,176.8998260498047
2014-01-21,175.53709411621094
2014-01-22,177.44900512695312
2014-01-23,176.096435546875
2014-01-24,176.4727020263672
2014-01-27,171.48959350585938
2014-01-28,171.83535766601562
2014-01-29,170.1573944091797
2014-01-30,167.7980499267578
2014-01-31,169.0489044189453
2014-02-03,166.96414184570312
2014-02-04,167.0963592529297
2014-02-05,166.2217559814453
2014-02-06,165.93701171875
2014-02-07,165.65225219726562
2014-02-10,167.1776885986328
2014-02-11,163.7810516357422
2014-02-12,166.35394287109375
2014-02-13,164.2183837890625
2014-02-14,167.19805908203125
2014-02-17,165.21499633789062
2014-02-18,165.38784790039062
2014-02-19,165.20480346679688
2014-02-20,163.82174682617188
2014-02-21,165.05226135253906
2014-02-24,165.22515869140625
2014-02-25,164.85903930664062
2014-02-26,164.88954162597656
2014-02-28,162.7030792236328
2014-03-03,163.40478515625
2014-03-04,165.34716796875
2014-03-05,164.13699340820312
2014-03-06,167.27940368652344
2014-03-07,176.82861328125
2014-03-10,180.09307861328125
2014-03-11,177.9167938232422
2014-03-12,177.22525024414062
2014-03-13,178.89306640625
2014-03-14,180.23544311523438
2014-03-18,182.3303680419922
2014-03-19,183.66258239746094
2014-03-20,184.27279663085938
2014-03-21,180.16424560546875
2014-03-24,184.15072631835938
2014-03-25,178.84219360351562
2014-03-26,181.2625732421875
2014-03-27,183.2049560546875
2014-03-28,186.33717346191406
2014-03-31,189.3067169189453
2014-04-01,191.71693420410156
2014-04-02,194.88980102539062
2014-04-03,193.760986328125
2014-04-04,192.05252075195312
2014-04-07,192.03213500976562
2014-04-09,195.69320678710938
2014-04-10,197.09661865234375
2014-04-11,193.9846954345703
2014-04-15,193.0389404296875
2014-04-16,191.4524688720703
2014-04-17,195.0728759765625
2014-04-21,195.174560546875
2014-04-22,196.8321990966797
2014-04-23,196.7101593017578
2014-04-24,196.7101593017578
2014-04-25,192.8660430908203
2014-04-28,192.2050323486328
2014-04-29,191.2490997314453
2014-04-30,190.33383178710938
2014-05-02,188.76771545410156
2014-05-05,192.58128356933594
2014-05-06,195.9373016357422
2014-05-07,195.42877197265625
2014-05-08,195.3169403076172
2014-05-09,202.90342712402344
2014-05-12,209.22889709472656
2014-05-13,216.2865753173828
2014-05-14,212.64590454101562
2014-05-15,214.252685546875
2014-05-16,223.8854522705078
2014-05-19,232.34922790527344
2014-05-20,224.0098876953125
2014-05-21,223.7091064453125
2014-05-22,228.35589599609375
2014-05-23,233.88429260253906
2014-05-26,228.54257202148438
2014-05-27,225.69021606445312
2014-05-28,225.88726806640625
2014-05-29,222.70298767089844
2014-05-30,220.8671112060547
2014-06-02,224.49737548828125
2014-06-03,227.23568725585938
2014-06-04,223.5223846435547
2014-06-05,226.0947265625
2014-06-06,232.83670043945312
2014-06-09,232.8885498046875
2014-06-10,231.9861602783203
2014-06-11,228.6255645751953
2014-06-12,226.97637939453125
2014-06-13,224.43515014648438
2014-06-16,221.02268981933594
2014-06-17,226.1258544921875
2014-06-18,221.2923583984375
2014-06-19,216.1788330078125
2014-06-20,215.0171356201172
2014-06-23,215.31793212890625
2014-06-24,219.86099243164062
2014-06-25,218.0251007080078
2014-06-26,209.91397094726562
2014-06-27,209.9554901123047
2014-06-30,210.64004516601562
2014-07-01,209.1049346923828
2014-07-02,211.23126220703125
2014-07-03,208.79376220703125
2014-07-04,214.07327270507812
2014-07-07,213.08790588378906
2014-07-08,206.4185333251953
2014-07-09,207.6424560546875
2014-07-10,206.8645477294922
2014-07-11,200.49595642089844
2014-07-14,199.5106201171875
2014-07-15,201.6783905029297
2014-07-16,205.30868530273438
2014-07-17,203.81509399414062
2014-07-18,202.62225341796875
2014-07-21,206.9578857421875
2014-07-22,213.86582946777344
2014-07-23,214.34292602539062
2014-07-24,215.9610137939453
2014-07-25,211.9780731201172
2014-07-28,208.60707092285156
2014-07-30,208.72117614746094
2014-07-31,208.7834014892578
2014-08-01,202.52891540527344
2014-08-04,204.33370971679688
2014-08-05,204.09512329101562
2014-08-06,204.9871368408203
2014-08-07,205.2257080078125
2014-08-08,203.40020751953125
2014-08-11,203.40020751953125
2014-08-12,204.20924377441406
2014-08-13,205.40203857421875
2014-08-14,208.0573272705078
2014-08-18,210.15255737304688
2014-08-19,209.37461853027344
2014-08-20,207.10308837890625
2014-08-21,206.42889404296875
2014-08-22,207.09271240234375
2014-08-25,206.5740966796875
2014-08-26,206.0658721923828
2014-08-27,206.1384735107422
2014-08-28,207.17568969726562
2014-09-01,210.370361328125
2014-09-02,212.382568359375
2014-09-03,213.9280548095703
2014-09-04,212.81822204589844
2014-09-05,212.76634216308594
2014-09-08,215.2660675048828
2014-09-09,214.29107666015625
2014-09-10,210.73338317871094
2014-09-11,211.46981811523438
2014-09-12,210.68154907226562
2014-09-15,208.015869140625
2014-09-16,203.17201232910156
2014-09-17,205.09088134765625
2014-09-18,208.4618682861328
2014-09-19,206.50149536132812
2014-09-22,205.6924591064453
2014-09-23,200.36111450195312
2014-09-24,200.1951446533203
2014-09-25,192.89309692382812
2014-09-26,193.5984344482422
2014-09-29,193.57765197753906
2014-09-30,196.18109130859375
2014-10-01,192.34336853027344
2014-10-07,192.1255340576172
2014-10-08,194.3140869140625
2014-10-09,198.03773498535156
2014-10-10,199.2824249267578
2014-10-13,198.71194458007812
2014-10-14,199.4068603515625
2014-10-15,199.4068603515625
2014-10-16,193.1316680908203
2014-10-17,194.56304931640625
2014-10-20,193.9718017578125
2014-10-21,192.7893829345703
2014-10-22,196.1707305908203
2014-10-27,195.27871704101562
2014-10-28,193.76437377929688
2014-10-29,197.40501403808594
2014-10-30,203.14089965820312
2014-10-31,207.5594482421875
2014-11-03,207.93289184570312
2014-11-05,205.64060974121094
2014-11-07,203.40020751953125
2014-11-10,201.08718872070312
2014-11-11,202.81936645507812
2014-11-12,202.0621795654297
2014-11-13,201.06643676757812
2014-11-14,201.0457000732422
2014-11-17,204.37521362304688
2014-11-18,205.09088134765625
2014-11-19,202.91268920898438
2014-11-20,203.45204162597656
2014-11-21,206.96827697753906
2014-11-24,204.40631103515625
2014-11-25,205.99327087402344
2014-11-26,204.75894165039062
2014-11-27,205.09088134765625
2014-11-28,205.7028350830078
2014-12-01,199.47946166992188
2014-12-02,199.69729614257812
2014-12-03,200.87973022460938
2014-12-04,198.8467254638672
2014-12-05,198.59783935546875
2014-12-08,195.952880859375
2014-12-09,194.96754455566406
2014-12-10,193.45318603515625
2014-12-11,187.97662353515625
2014-12-12,183.0394287109375
2014-12-15,182.302978515625
2014-12-16,179.3572998046875
2014-12-17,180.3737335205078
2014-12-18,182.5726776123047
2014-12-19,186.81491088867188
2014-12-22,187.71731567382812
2014-12-23,185.40428161621094
2014-12-24,183.412841796875
2014-12-26,184.38784790039062
2014-12-29,186.07850646972656
2014-12-30,182.58303833007812
2014-12-31,184.86495971679688
2015-01-01,184.19073486328125
2015-01-02,183.70327758789062
2015-01-05,181.69102478027344
2015-01-06,173.44508361816406
2015-01-07,177.22059631347656
2015-01-08,174.6793975830078
2015-01-09,178.46527099609375
2015-01-12,176.3907928466797
2015-01-13,174.90757751464844
2015-01-14,173.20651245117188
2015-01-15,179.28465270996094
2015-01-16,180.41525268554688
2015-01-19,182.47933959960938
2015-01-20,187.3335418701172
2015-01-21,188.10110473632812
2015-01-22,183.3298797607422
2015-01-23,183.98330688476562
2015-01-27,184.4293212890625
2015-01-28,188.121826171875
2015-01-29,192.79974365234375
2015-01-30,189.8643798828125
2015-02-02,188.37078857421875
2015-02-03,194.50079345703125
2015-02-04,192.67527770996094
2015-02-05,191.6173095703125
2015-02-06,188.7545623779297
2015-02-09,186.01626586914062
2015-02-10,182.96681213378906
2015-02-11,186.84603881835938
2015-02-12,188.5989532470703
2015-02-13,190.3311309814453
2015-02-16,187.2816925048828
2015-02-18,187.0431365966797
2015-02-19,187.12611389160156
2015-02-20,181.12054443359375
2015-02-23,176.62937927246094
2015-02-24,174.55490112304688
2015-02-25,174.90757751464844
2015-02-26,174.66900634765625
2015-02-27,177.47988891601562
2015-03-02,179.28465270996094
2015-03-03,186.86680603027344
2015-03-04,184.18038940429688
2015-03-05,183.57879638671875
2015-03-09,180.40489196777344
2015-03-10,178.2266845703125
2015-03-11,177.5628662109375
2015-03-12,179.19131469726562
2015-03-13,176.34930419921875
2015-03-16,174.6897430419922
2015-03-17,177.74957275390625
2015-03-18,180.19744873046875
2015-03-19,177.6043701171875
2015-03-20,177.17910766601562
2015-03-23,174.6586456298828
2015-03-24,175.90333557128906
2015-03-25,175.2706298828125
2015-03-26,172.03443908691406
2015-03-27,168.38340759277344
2015-03-30,168.1863250732422
2015-03-31,171.3498992919922
2015-04-01,173.43470764160156
2015-04-06,171.06980895996094
2015-04-07,172.77090454101562
2015-04-08,179.62696838378906
2015-04-09,185.68434143066406
2015-04-10,187.6032257080078
2015-04-13,191.36837768554688
2015-04-15,191.60691833496094
2015-04-16,192.58193969726562
2015-04-17,192.27073669433594
2015-04-20,183.7239990234375
2015-04-21,181.8155059814453
2015-04-22,182.5000457763672
2015-04-23,181.9399871826172
2015-04-24,182.32373046875
2015-04-27,181.5769500732422
2015-04-28,179.48175048828125
2015-04-29,176.3285675048828
2015-04-30,178.8905487060547
2015-05-04,184.82345581054688
2015-05-05,185.07240295410156
2015-05-06,182.60377502441406
2015-05-07,180.63307189941406
2015-05-08,189.27420043945312
2015-05-11,190.6038360595703
2015-05-12,184.80667114257812
2015-05-13,188.2956085205078
2015-05-14,186.8276824951172
2015-05-15,185.923583984375
2015-05-18,189.66778564453125
2015-05-19,190.51873779296875
2015-05-20,193.34815979003906
2015-05-21,190.77401733398438
2015-05-22,192.2844696044922
2015-05-25,190.29534912109375
2015-05-26,188.18923950195312
2015-05-27,188.338134765625
2015-05-28,186.317138671875
2015-05-29,186.57241821289062
2015-06-01,191.94407653808594
2015-06-02,191.17820739746094
2015-06-03,190.68894958496094
2015-06-04,194.167236328125
2015-06-05,193.11415100097656
2015-06-08,188.3700408935547
2015-06-09,187.99778747558594
2015-06-10,192.6993408203125
2015-06-11,186.60433959960938
2015-06-12,189.30612182617188
2015-06-15,191.8377227783203
2015-06-16,192.3057403564453
2015-06-17,198.10289001464844
2015-06-18,208.26119995117188
2015-06-19,212.0266876220703
2015-06-22,210.9736328125
2015-06-23,211.67567443847656
2015-06-24,210.8034210205078
2015-06-25,213.70730590820312
2015-06-26,212.88829040527344
2015-06-29,210.7927703857422
2015-06-30,212.76063537597656
2015-07-01,213.9413604736328
2015-07-02,215.047607421875
2015-07-03,214.27105712890625
2015-07-06,216.04747009277344
2015-07-07,213.43077087402344
2015-07-08,212.0160369873047
2015-07-09,210.05885314941406
2015-07-10,213.12228393554688
2015-07-13,214.22854614257812
2015-07-14,212.27133178710938
2015-07-15,215.11138916015625
2015-07-16,217.7812957763672
2015-07-17,217.35577392578125
2015-07-20,218.00465393066406
2015-07-21,214.3987274169922
2015-07-22,223.46144104003906
2015-07-23,222.37646484375
2015-07-24,218.06849670410156
2015-07-27,213.8775177001953
2015-07-28,214.91993713378906
2015-07-29,211.88839721679688
2015-07-30,212.77125549316406
2015-07-31,213.13291931152344
2015-08-03,213.2605743408203
2015-08-04,210.18649291992188
2015-08-05,210.13328552246094
2015-08-06,208.26119995117188
2015-08-07,209.41001892089844
2015-08-10,206.1231689453125
2015-08-11,205.5062255859375
2015-08-12,200.59193420410156
2015-08-13,198.56027221679688
2015-08-14,205.7083282470703
2015-08-17,202.2512969970703
2015-08-18,200.8472137451172
2015-08-19,203.0810089111328
2015-08-20,194.9330596923828
2015-08-21,193.15670776367188
2015-08-24,176.4779510498047
2015-08-25,180.43487548828125
2015-08-26,181.55178833007812
2015-08-27,184.90240478515625
2015-08-28,185.5938262939453
2015-08-31,182.08363342285156
2015-09-01,178.66912841796875
2015-09-02,180.7327423095703
2015-09-03,181.64749145507812
2015-09-04,177.82884216308594
2015-09-07,177.2544403076172
2015-09-08,180.53062438964844
2015-09-09,185.94483947753906
2015-09-10,184.44503784179688
2015-09-11,183.15794372558594
2015-09-14,183.77490234375
2015-09-15,184.44503784179688
2015-09-16,185.62571716308594
2015-09-18,190.48683166503906
2015-09-21,186.80641174316406
2015-09-22,180.3817138671875
2015-09-23,180.9029083251953
2015-09-24,178.13729858398438
2015-09-28,177.47779846191406
2015-09-29,178.860595703125
2015-09-30,183.4451446533203
2015-10-01,183.95571899414062
2015-10-05,188.9125518798828
2015-10-06,191.0505828857422
2015-10-07,194.40122985839844
2015-10-08,189.1465606689453
2015-10-09,188.7742919921875
2015-10-12,189.71031188964844
2015-10-13,190.10389709472656
2015-10-14,192.09300231933594
2015-10-15,192.25254821777344
2015-10-16,194.61395263671875
2015-10-19,204.97438049316406
2015-10-20,203.5277557373047
2015-10-21,203.16607666015625
2015-10-23,203.30438232421875
2015-10-26,200.58131408691406
2015-10-27,199.87925720214844
2015-10-28,199.32611083984375
2015-10-29,200.187744140625
2015-10-30,201.6131134033203
2015-11-02,204.18724060058594
2015-11-03,205.7615203857422
2015-11-04,202.3789520263672
2015-11-05,199.2516632080078
2015-11-06,202.6129913330078
2015-11-09,204.49571228027344
2015-11-10,196.30523681640625
2015-11-13,198.49647521972656
2015-11-16,198.7623748779297
2015-11-17,197.36892700195312
2015-11-18,194.018310546875
2015-11-19,198.85812377929688
2015-11-20,201.4322509765625
2015-11-23,202.90016174316406
2015-11-24,205.86788940429688
2015-11-26,210.32476806640625
2015-11-27,208.282470703125
2015-11-30,205.74026489257812
2015-12-01,205.4849395751953
2015-12-02,208.0484619140625
2015-12-03,207.88888549804688
2015-12-04,205.38919067382812
2015-12-07,202.5385284423828
2015-12-08,200.16648864746094
2015-12-09,194.8479766845703
2015-12-10,202.17684936523438
2015-12-11,202.72998046875
2015-12-14,203.1873779296875
2015-12-15,207.61233520507812
2015-12-16,208.19735717773438
2015-12-17,214.8029327392578
2015-12-18,211.01617431640625
2015-12-21,211.05874633789062
2015-12-22,210.0375518798828
2015-12-23,213.54776000976562
2015-12-24,212.85635375976562
2015-12-28,214.95184326171875
2015-12-29,216.01556396484375
2015-12-30,213.69668579101562
2015-12-31,215.84535217285156
2016-01-01,216.00491333007812
2016-01-04,211.73948669433594
2016-01-05,213.8349609375
2016-01-06,219.58956909179688
2016-01-07,215.5581512451172
2016-01-08,218.21739196777344
2016-01-11,223.71669006347656
2016-01-12,222.40834045410156
2016-01-13,229.08839416503906
2016-01-14,225.854736328125
2016-01-15,228.33314514160156
2016-01-18,216.3240203857422
2016-01-19,222.01483154296875
2016-01-20,213.70730590820312
2016-01-21,209.37806701660156
2016-01-22,213.62225341796875
2016-01-25,213.57968139648438
2016-01-27,212.60107421875
2016-01-28,216.33465576171875
2016-01-29,220.2703094482422
2016-02-01,219.18536376953125
2016-02-02,212.98402404785156
2016-02-03,208.78240966796875
2016-02-04,207.0060577392578
2016-02-05,206.54864501953125
2016-02-08,204.4531707763672
2016-02-09,203.69793701171875
2016-02-10,204.7935333251953
2016-02-11,196.68817138671875
2016-02-12,192.85887145996094
2016-02-15,201.4109649658203
2016-02-16,197.96461486816406
2016-02-17,202.655517578125
2016-02-18,199.99627685546875
2016-02-19,200.90040588378906
2016-02-22,204.7190704345703
2016-02-23,202.0279541015625
2016-02-24,202.66615295410156
2016-02-25,200.8472137451172
2016-02-26,202.17684936523438
2016-02-29,205.64451599121094
2016-03-01,208.76113891601562
2016-03-02,213.05845642089844
2016-03-03,215.4730682373047
2016-03-04,214.1009063720703
2016-03-08,218.4833526611328
2016-03-09,221.61058044433594
2016-03-10,215.2390594482422
2016-03-11,215.8240966796875
2016-03-14,216.94094848632812
2016-03-15,217.10052490234375
2016-03-16,217.36642456054688
2016-03-17,218.57676696777344
2016-03-18,220.98626708984375
2016-03-21,223.1591339111328
2016-03-22,225.42880249023438
2016-03-23,221.41656494140625
2016-03-28,219.52337646484375
2016-03-29,222.93325805664062
2016-03-30,225.25669860839844
2016-03-31,224.8587188720703
2016-04-01,222.54600524902344
2016-04-04,222.6751251220703
2016-04-05,220.93252563476562
2016-04-06,222.39540100097656
2016-04-07,223.1483917236328
2016-04-08,222.9547576904297
2016-04-11,223.8045654296875
2016-04-12,225.33200073242188
2016-04-13,229.34426879882812
2016-04-18,229.0645751953125
2016-04-20,223.1591339111328
2016-04-21,223.98744201660156
2016-04-22,223.5141143798828
2016-04-25,218.77040100097656
2016-04-26,218.78114318847656
2016-04-27,219.30824279785156
2016-04-28,214.42466735839844
2016-04-29,211.4127960205078
2016-05-02,212.32713317871094
2016-05-03,209.92837524414062
2016-05-04,210.42318725585938
2016-05-05,209.81005859375
2016-05-06,208.45469665527344
2016-05-09,211.49884033203125
2016-05-10,211.3805389404297
2016-05-11,209.8423309326172
2016-05-12,213.58566284179688
2016-05-13,210.43394470214844
2016-05-16,209.96063232421875
2016-05-17,208.4977264404297
2016-05-18,208.79891967773438
2016-05-19,204.63604736328125
2016-05-20,200.97877502441406
2016-05-23,200.0751953125
2016-05-24,202.32337951660156
2016-05-25,204.63604736328125
2016-05-26,203.7001953125
2016-05-27,209.69171142578125
2016-05-30,208.40090942382812
2016-05-31,206.0666961669922
2016-06-01,205.15237426757812
2016-06-02,205.72247314453125
2016-06-03,206.45394897460938
2016-06-06,205.41053771972656
2016-06-07,205.46432495117188
2016-06-08,205.2599334716797
2016-06-09,208.92800903320312
2016-06-10,210.12196350097656
2016-06-13,211.06858825683594
2016-06-14,210.02516174316406
2016-06-15,211.82154846191406
2016-06-16,210.03594970703125
2016-06-17,209.73472595214844
2016-06-20,213.02630615234375
2016-06-21,212.3594207763672
2016-06-22,210.93951416015625
2016-06-23,210.92874145507812
2016-06-24,204.68984985351562
2016-06-27,205.5934295654297
2016-06-28,206.0559539794922
2016-06-29,208.01368713378906
2016-06-30,208.4977264404297
2016-07-01,209.4228057861328
2016-07-04,212.27333068847656
2016-07-05,213.65017700195312
2016-07-07,212.53150939941406
2016-07-08,210.48773193359375
2016-07-11,213.5211181640625
2016-07-12,215.86607360839844
2016-07-13,217.0170440673828
2016-07-14,216.1887664794922
2016-07-15,217.75926208496094
2016-07-18,216.47923278808594
2016-07-19,218.9640350341797
2016-07-20,220.0827178955078
2016-07-21,216.50071716308594
2016-07-22,218.3293914794922
2016-07-25,220.0289306640625
2016-07-26,220.30860900878906
2016-07-27,217.95286560058594
2016-07-28,220.80340576171875
2016-07-29,218.3401336669922
2016-08-01,217.17840576171875
2016-08-02,217.8883819580078
2016-08-03,213.8330841064453
2016-08-04,213.62869262695312
2016-08-05,218.6305389404297
2016-08-08,221.4273223876953
2016-08-09,221.73924255371094
2016-08-10,215.91986083984375
2016-08-11,218.1680145263672
2016-08-12,222.83644104003906
2016-08-16,220.4915008544922
2016-08-17,217.99591064453125
2016-08-18,219.01780700683594
2016-08-19,218.3401336669922
2016-08-22,217.6839599609375
2016-08-23,217.38279724121094
2016-08-24,219.54489135742188
2016-08-25,217.86685180664062
2016-08-26,221.1368865966797
2016-08-29,227.49412536621094
2016-08-30,229.41957092285156
2016-08-31,228.042724609375
2016-09-01,221.41656494140625
2016-09-02,218.00668334960938
2016-09-06,219.41580200195312
2016-09-07,218.9317626953125
2016-09-08,222.32008361816406
2016-09-09,224.71885681152344
2016-09-12,225.1383819580078
2016-09-14,224.76187133789062
2016-09-15,229.11837768554688
2016-09-16,231.38803100585938
2016-09-19,232.86172485351562
2016-09-20,231.09762573242188
2016-09-21,230.67811584472656
2016-09-22,234.27084350585938
2016-09-23,237.2504425048828
2016-09-26,238.1970672607422
2016-09-27,238.90699768066406
2016-09-28,234.63656616210938
2016-09-29,230.72113037109375
2016-09-30,233.14138793945312
2016-10-03,234.6473388671875
2016-10-04,235.8628387451172
2016-10-05,234.36766052246094
2016-10-06,238.97154235839844
2016-10-07,238.5843048095703
2016-10-10,235.8628387451172
2016-10-13,227.4295654296875
2016-10-14,231.83984375
2016-10-17,228.1825408935547
2016-10-18,232.58203125
2016-10-19,233.92662048339844
2016-10-20,233.9696807861328
2016-10-21,228.9462432861328
2016-10-24,228.7526397705078
2016-10-25,228.22560119628906
2016-10-26,226.76263427734375
2016-10-27,225.6116943359375
2016-10-28,226.95628356933594
2016-11-01,226.10646057128906
2016-11-02,220.24407958984375
2016-11-03,220.28709411621094
2016-11-04,216.32861328125
2016-11-07,215.38206481933594
2016-11-08,215.88760375976562
2016-11-09,216.12425231933594
2016-11-10,217.3720245361328
2016-11-11,215.5111083984375
2016-11-15,211.99365234375
2016-11-16,212.24107360839844
2016-11-17,210.34788513183594
2016-11-18,212.4454345703125
2016-11-21,213.30599975585938
2016-11-22,215.44656372070312
2016-11-23,217.0708465576172
2016-11-24,212.4131622314453
2016-11-25,213.77928161621094
2016-11-28,212.26258850097656
2016-11-29,214.63983154296875
2016-11-30,212.99403381347656
2016-12-01,214.65057373046875
2016-12-02,214.0051727294922
2016-12-05,213.81153869628906
2016-12-06,216.2533416748047
2016-12-07,214.9517822265625
2016-12-08,219.44805908203125
2016-12-09,221.36279296875
2016-12-12,220.98626708984375
2016-12-13,223.69699096679688
2016-12-14,227.93515014648438
2016-12-15,226.52598571777344
2016-12-16,227.4295654296875
2016-12-19,228.59130859375
2016-12-20,227.5909423828125
2016-12-21,228.74188232421875
2016-12-22,226.61207580566406
2016-12-23,227.4618682861328
2016-12-26,225.34275817871094
2016-12-27,229.0538330078125
2016-12-28,225.8268280029297
2016-12-29,229.21517944335938
2016-12-30,232.86172485351562
2017-01-02,233.4425811767578
2017-01-03,234.36766052246094
2017-01-04,229.58090209960938
2017-01-05,231.7860565185547
2017-01-06,231.25897216796875
2017-01-09,231.8505859375
2017-01-10,234.4644775390625
2017-01-11,233.64695739746094
2017-01-12,233.0553436279297
2017-01-13,234.5828094482422
2017-01-16,231.5386505126953
2017-01-17,224.00892639160156
2017-01-18,222.13726806640625
2017-01-19,222.38467407226562
2017-01-20,220.68508911132812
2017-01-23,218.5552520751953
2017-01-24,221.00779724121094
2017-01-25,218.85646057128906
2017-01-27,220.53448486328125
2017-01-30,224.7726593017578
2017-01-31,224.8587188720703
2017-02-01,225.81605529785156
2017-02-02,224.49298095703125
2017-02-03,222.3739013671875
2017-02-06,224.09500122070312
2017-02-07,221.78228759765625
2017-02-08,220.54525756835938
2017-02-09,222.18028259277344
2017-02-10,221.62094116210938
2017-02-13,221.55641174316406
2017-02-14,225.8483123779297
2017-02-15,226.17103576660156
2017-02-16,229.65621948242188
2017-02-17,231.37725830078125
2017-02-20,231.35577392578125
2017-02-21,234.1094970703125
2017-02-22,259.7750549316406
2017-02-23,254.450439453125
2017-02-27,266.5302734375
2017-02-28,266.3474426269531
2017-03-01,265.5837097167969
2017-03-02,266.0677795410156
2017-03-03,270.7576904296875
2017-03-06,280.8260192871094
2017-03-07,280.73992919921875
2017-03-08,277.7818298339844
2017-03-09,276.8244934082031
2017-03-10,275.7272644042969
2017-03-14,277.41607666015625
2017-03-15,280.73992919921875
2017-03-16,279.1694641113281
2017-03-17,279.8255615234375
2017-03-20,275.54449462890625
2017-03-21,271.88714599609375
2017-03-22,271.0050964355469
2017-03-23,273.930908203125
2017-03-24,276.8244934082031
2017-03-27,269.1549072265625
2017-03-28,268.00396728515625
2017-03-29,270.3489074707031
2017-03-30,273.36077880859375
2017-03-31,284.17132568359375
2017-04-03,295.7348327636719
2017-04-05,304.4154968261719
2017-04-06,309.47113037109375
2017-04-07,302.60833740234375
2017-04-10,297.17620849609375
2017-04-11,295.2400207519531
2017-04-12,291.29229736328125
2017-04-13,293.6157531738281
2017-04-17,299.4351501464844
2017-04-18,294.7774658203125
2017-04-19,294.47625732421875
2017-04-20,294.6375732421875
2017-04-21,301.726318359375
2017-04-24,304.931884765625
2017-04-25,308.24493408203125
2017-04-26,304.7274475097656
2017-04-27,303.2322998046875
2017-04-28,300.1557922363281
2017-05-02,294.85272216796875
2017-05-03,294.7559814453125
2017-05-04,292.14208984375
2017-05-05,285.7525939941406
2017-05-08,284.27886962890625
2017-05-09,286.2043762207031
2017-05-10,292.38946533203125
2017-05-11,292.4862976074219
2017-05-12,290.528564453125
2017-05-15,289.16241455078125
2017-05-16,291.7870788574219
2017-05-17,291.0986328125
2017-05-18,285.5589904785156
2017-05-19,283.730224609375
2017-05-22,284.8705139160156
2017-05-23,280.8690185546875
2017-05-24,279.18017578125
2017-05-25,280.2020568847656
2017-05-26,287.6995849609375
2017-05-29,291.9161682128906
2017-05-30,292.4432373046875
2017-05-31,288.4309997558594
2017-06-01,285.7525939941406
2017-06-02,284.9995422363281
2017-06-05,285.9892272949219
2017-06-06,282.4287109375
2017-06-07,288.06524658203125
2017-06-08,286.4947814941406
2017-06-09,287.3552551269531
2017-06-12,283.859375
2017-06-13,282.7621765136719
2017-06-14,292.04522705078125
2017-06-15,297.735595703125
2017-06-16,298.7789611816406
2017-06-19,303.1784362792969
2017-06-20,303.84539794921875
2017-06-21,305.92144775390625
2017-06-22,308.2126159667969
2017-06-23,308.9010314941406
2017-06-27,309.1807556152344
2017-06-28,300.8658142089844
2017-06-29,299.61798095703125
2017-06-30,296.88580322265625
2017-07-03,297.1116638183594
2017-07-04,305.9106750488281
2017-07-05,310.364013671875
2017-07-06,310.34246826171875
2017-07-07,320.7979736328125
2017-07-10,321.1636962890625
2017-07-11,321.4864501953125
2017-07-12,325.0899353027344
2017-07-13,332.70428466796875
2017-07-14,335.25079345703125
2017-07-17,339.185302734375
2017-07-18,332.223388671875
2017-07-19,335.0759582519531
2017-07-20,334.1907043457031
2017-07-21,346.45318603515625
2017-07-24,353.0652770996094
2017-07-25,350.2018127441406
2017-07-26,354.70465087890625
2017-07-27,348.5952453613281
2017-07-28,348.51873779296875
2017-07-31,353.0543212890625
2017-08-01,350.5188293457031
2017-08-02,356.1144714355469
2017-08-03,360.682861328125
2017-08-04,354.573486328125
2017-08-07,353.3056945800781
2017-08-08,350.289306640625
2017-08-09,349.4695739746094
2017-08-10,346.31109619140625
2017-08-11,337.98309326171875
2017-08-14,343.841064453125
2017-08-16,342.3219299316406
2017-08-17,342.54052734375
2017-08-18,344.354736328125
2017-08-21,341.95037841796875
2017-08-22,340.9995422363281
2017-08-23,345.8083190917969
2017-08-24,342.7481689453125
2017-08-28,342.4202880859375
2017-08-29,334.9010925292969
2017-08-30,341.884765625
2017-08-31,348.5296936035156
2017-09-01,351.9395751953125
2017-09-04,352.64996337890625
2017-09-05,356.857666015625
2017-09-06,359.6554870605469
2017-09-07,357.6445617675781
2017-09-08,357.1199951171875
2017-09-11,357.55712890625
2017-09-12,360.1145324707031
2017-09-13,371.1530456542969
2017-09-14,368.90155029296875
2017-09-15,368.00537109375
2017-09-18,369.6447448730469
2017-09-19,366.6064758300781
2017-09-20,370.34417724609375
2017-09-21,367.80865478515625
2017-09-22,357.33856201171875
2017-09-25,359.1528015136719
2017-09-26,358.51885986328125
2017-09-27,349.3602600097656
2017-09-28,343.80828857421875
2017-09-29,341.3820495605469
2017-10-03,349.01055908203125
2017-10-04,357.9724426269531
2017-10-05,360.2894287109375
2017-10-06,365.92889404296875
2017-10-09,363.1310119628906
2017-10-10,368.617431640625
2017-10-11,367.2840576171875
2017-10-12,381.53564453125
2017-10-13,383.15313720703125
2017-10-16,383.3061828613281
2017-10-17,382.2351379394531
2017-10-18,399.78729248046875
2017-10-19,397.77630615234375
2017-10-23,410.82568359375
2017-10-24,408.4212951660156
2017-10-25,410.89129638671875
2017-10-26,414.1700134277344
2017-10-27,406.49774169921875
2017-10-30,412.02783203125
2017-10-31,411.30657958984375
2017-11-01,416.42138671875
2017-11-02,413.82025146484375
2017-11-03,413.2519226074219
2017-11-06,407.65618896484375
2017-11-07,396.3774108886719
2017-11-08,388.114990234375
2017-11-09,393.6669616699219
2017-11-10,386.3881530761719
2017-11-13,382.6285400390625
2017-11-14,387.63409423828125
2017-11-15,386.3226013183594
2017-11-16,395.1314697265625
2017-11-17,398.6506652832031
2017-11-20,402.5632629394531
2017-11-21,407.67803955078125
2017-11-22,406.8912048339844
2017-11-23,413.99517822265625
2017-11-24,415.7874755859375
2017-11-27,415.89678955078125
2017-11-28,412.39947509765625
2017-11-29,413.5579528808594
2017-11-30,402.8693542480469
2017-12-01,397.8637390136719
2017-12-04,394.1478271484375
2017-12-05,399.4375
2017-12-06,405.0988464355469
2017-12-07,407.24090576171875
2017-12-08,402.6288146972656
2017-12-11,400.5085754394531
2017-12-12,400.26812744140625
2017-12-13,399.85284423828125
2017-12-14,402.8474426269531
2017-12-15,402.0823669433594
2017-12-18,402.6288146972656
2017-12-19,404.79278564453125
2017-12-20,401.3829040527344
2017-12-21,399.10968017578125
2017-12-22,402.3665466308594
2017-12-26,406.4758605957031
2017-12-27,403.8310546875
2017-12-28,404.02777099609375
2017-12-29,402.6506652832031
2018-01-01,397.71075439453125
2018-01-02,398.3227844238281
2018-01-03,399.91839599609375
2018-01-04,402.3227844238281
2018-01-05,403.6124572753906
2018-01-08,405.929443359375
2018-01-09,411.3502502441406
2018-01-10,411.96234130859375
2018-01-11,409.95135498046875
2018-01-12,414.86944580078125
2018-01-15,414.93499755859375
2018-01-16,403.4813232421875
2018-01-17,404.1589050292969
2018-01-18,402.0605163574219
2018-01-19,407.1316223144531
2018-01-22,424.7056884765625
2018-01-23,429.8423767089844
2018-01-24,422.45428466796875
2018-01-25,422.2575378417969
2018-01-29,421.6455383300781
2018-01-30,415.48150634765625
2018-01-31,420.2466125488281
2018-02-01,412.6180419921875
2018-02-02,395.35003662109375
2018-02-05,394.3882751464844
2018-02-06,389.9947509765625
2018-02-07,391.0002746582031
2018-02-08,395.4375
2018-02-09,392.5085144042969
2018-02-12,400.2243957519531
2018-02-14,408.1589660644531
2018-02-15,409.0333557128906
2018-02-16,402.7599792480469
2018-02-19,405.2518615722656
2018-02-20,402.6725158691406
2018-02-21,406.2791748046875
2018-02-22,404.0933532714844
2018-02-23,408.4212951660156
2018-02-26,410.36663818359375
2018-02-27,415.5252380371094
2018-02-28,417.29571533203125
2018-03-01,414.607177734375
2018-03-05,403.98406982421875
2018-03-06,398.19158935546875
2018-03-07,388.9674377441406
2018-03-08,398.45391845703125
2018-03-09,399.17523193359375
2018-03-12,406.6944580078125
2018-03-13,407.3720397949219
2018-03-14,406.1480407714844
2018-03-15,398.60693359375
2018-03-16,393.4702453613281
2018-03-19,391.48114013671875
2018-03-20,388.9892883300781
2018-03-21,392.0931396484375
2018-03-22,397.0112609863281
2018-03-23,390.7816467285156
2018-03-26,393.9292907714844
2018-03-27,393.3609313964844
2018-03-28,385.8854064941406
2018-04-02,390.3663635253906
2018-04-03,393.2516784667969
2018-04-04,391.21881103515625
2018-04-05,397.0330810546875
2018-04-06,398.2572021484375
2018-04-09,400.4429626464844
2018-04-10,400.9020080566406
2018-04-11,406.9349060058594
2018-04-12,405.9950256347656
2018-04-13,410.4322509765625
2018-04-16,409.64532470703125
2018-04-17,412.79290771484375
2018-04-18,410.0606689453125
2018-04-19,411.9404602050781
2018-04-20,405.645263671875
2018-04-23,409.18634033203125
2018-04-24,424.07171630859375
2018-04-25,424.2685241699219
2018-04-26,426.3887634277344
2018-04-27,435.54736328125
2018-04-30,421.1209411621094
2018-05-02,425.23028564453125
2018-05-03,420.37774658203125
2018-05-04,417.033447265625
2018-05-07,424.4870910644531
2018-05-08,422.7821044921875
2018-05-09,426.9789123535156
2018-05-10,428.9242858886719
2018-05-11,432.46533203125
2018-05-14,431.30682373046875
2018-05-15,427.9625244140625
2018-05-16,417.9951477050781
2018-05-17,413.2738037109375
2018-05-18,408.2464294433594
2018-05-21,407.1534729003906
2018-05-22,405.14251708984375
2018-05-23,398.8036804199219
2018-05-24,400.37744140625
2018-05-25,402.5413818359375
2018-05-28,402.3665466308594
2018-05-29,401.0768737792969
2018-05-30,400.48675537109375
2018-05-31,402.7818603515625
2018-06-01,406.80377197265625
2018-06-04,411.30657958984375
2018-06-05,414.2792663574219
2018-06-06,417.23016357421875
2018-06-07,424.6401062011719
2018-06-08,430.3232421875
2018-06-11,429.580078125
2018-06-12,435.9189147949219
2018-06-13,438.25775146484375
2018-06-14,440.64031982421875
2018-06-15,443.3725891113281
2018-06-18,443.9627380371094
2018-06-19,435.4380798339844
2018-06-20,445.5802917480469
2018-06-21,451.1322937011719
2018-06-22,442.6294250488281
2018-06-25,439.1101989746094
2018-06-26,427.9625244140625
2018-06-27,425.0582275390625
2018-06-28,415.8603820800781
2018-06-29,427.9627990722656
2018-07-02,422.7477722167969
2018-07-03,427.4566955566406
2018-07-04,435.73028564453125
2018-07-05,424.464111328125
2018-07-06,430.2072448730469
2018-07-09,438.8109130859375
2018-07-10,451.39739990234375
2018-07-11,457.1625671386719
2018-07-12,476.3283386230469
2018-07-13,484.0079040527344
2018-07-16,473.621826171875
2018-07-17,480.7292175292969
2018-07-18,480.8172607421875
2018-07-19,486.2303161621094
2018-07-20,496.7043762207031
2018-07-23,493.0296325683594
2018-07-24,488.91485595703125
2018-07-25,490.76318359375
2018-07-26,488.78277587890625
2018-07-27,497.2325134277344
2018-07-30,506.7163391113281
2018-07-31,521.943359375
2018-08-01,524.7379760742188
2018-08-02,514.1758422851562
2018-08-03,517.9606323242188
2018-08-06,524.8480224609375
2018-08-07,521.1512451171875
2018-08-08,535.8941650390625
2018-08-09,536.0042114257812
2018-08-10,529.9530029296875
2018-08-13,522.6915893554688
2018-08-14,532.7695922851562
2018-08-16,528.4566040039062
2018-08-17,529.7550048828125
2018-08-20,543.4637451171875
2018-08-21,548.8767700195312
2018-08-23,558.668701171875
2018-08-24,562.2113647460938
2018-08-27,568.3726196289062
2018-08-28,580.4750366210938
2018-08-29,569.560791015625
2018-08-30,560.8690795898438
2018-08-31,546.4342651367188
2018-09-03,540.93310546875
2018-09-04,546.5663452148438
2018-09-05,539.9869384765625
2018-09-06,555.1259765625
2018-09-07,562.6954345703125
2018-09-10,552.6835327148438
2018-09-11,544.6959228515625
2018-09-12,551.2091674804688
2018-09-14,551.4951782226562
2018-09-17,539.5028076171875
2018-09-18,535.6521606445312
2018-09-19,532.8356323242188
2018-09-21,535.80615234375
2018-09-24,542.2093505859375
2018-09-25,541.5712890625
2018-09-26,550.7250366210938
2018-09-27,551.75927734375
2018-09-28,553.6077270507812
2018-10-01,542.0553588867188
2018-10-03,530.3490600585938
2018-10-04,493.8878173828125
2018-10-05,461.5854187011719
2018-10-08,488.2326965332031
2018-10-09,479.717041015625
2018-10-10,485.02008056640625
2018-10-11,478.7268371582031
2018-10-12,495.7801818847656
2018-10-15,501.58941650390625
2018-10-16,512.1735229492188
2018-10-17,506.6723937988281
2018-10-19,484.66796875
2018-10-22,467.65863037109375
2018-10-23,464.15997314453125
2018-10-24,460.22119140625
2018-10-25,453.641845703125
2018-10-26,459.84710693359375
2018-10-29,478.7268371582031
2018-10-30,465.17218017578125
2018-10-31,467.0425109863281
2018-11-01,464.8420715332031
2018-11-02,473.0497131347656
2018-11-05,479.8270263671875
2018-11-06,485.9002685546875
2018-11-07,488.8048400878906
2018-11-09,481.2133483886719
2018-11-12,475.29412841796875
2018-11-13,483.8538818359375
2018-11-14,483.1937255859375
2018-11-15,482.70965576171875
2018-11-16,496.154296875
2018-11-19,506.1002502441406
2018-11-20,500.5551452636719
2018-11-21,489.77294921875
2018-11-22,485.35009765625
2018-11-26,488.3867492675781
2018-11-27,496.50634765625
2018-11-28,507.2665100097656
2018-11-29,514.241943359375
2018-11-30,513.8237915039062
2018-12-03,508.9388122558594
2018-12-04,507.1124267578125
2018-12-05,508.36663818359375
2018-12-06,494.50396728515625
2018-12-07,498.9707946777344
2018-12-10,479.8050537109375
2018-12-11,483.0177307128906
2018-12-12,488.716796875
2018-12-13,487.1985168457031
2018-12-14,489.4649658203125
2018-12-17,497.25445556640625
2018-12-18,500.11505126953125
2018-12-19,500.2911376953125
2018-12-20,496.61639404296875
2018-12-21,484.18389892578125
2018-12-24,479.3209533691406
2018-12-26,483.3697509765625
2018-12-27,492.9856262207031
2018-12-28,495.3401184082031
2018-12-31,493.4477844238281
2019-01-01,493.33770751953125
2019-01-02,486.9124755859375
2019-01-03,480.9053039550781
2019-01-04,483.50177001953125
2019-01-07,486.186279296875
2019-01-08,486.142333984375
2019-01-09,488.82684326171875
2019-01-10,487.39654541015625
2019-01-11,483.23773193359375
2019-01-14,482.6876220703125
2019-01-15,497.1445617675781
2019-01-16,499.89508056640625
2019-01-17,499.2569274902344
2019-01-18,521.21728515625
2019-01-21,544.6959228515625
2019-01-22,543.5736694335938
2019-01-23,539.6788940429688
2019-01-24,548.9867553710938
2019-01-25,548.3486328125
2019-01-28,541.1091918945312
2019-01-29,532.7915649414062
2019-01-30,526.2122192382812
2019-01-31,540.0530395507812
2019-02-01,550.0869140625
2019-02-04,568.1085815429688
2019-02-05,568.39453125
2019-02-06,576.6242065429688
2019-02-07,567.8884887695312
2019-02-08,562.2993774414062
2019-02-11,551.5392456054688
2019-02-12,552.9254760742188
2019-02-14,538.754638671875
2019-02-15,547.66650390625
2019-02-18,536.9503784179688
2019-02-19,535.1901245117188
2019-02-20,543.2216186523438
2019-02-21,548.7446899414062
2019-02-22,542.3414306640625
2019-02-25,542.3193969726562
2019-02-26,537.0164184570312
2019-02-27,538.4466552734375
2019-02-28,541.7693481445312
2019-03-01,539.56884765625
2019-03-05,544.6738891601562
2019-03-06,556.6221923828125
2019-03-07,559.020751953125
2019-03-08,557.6344604492188
2019-03-11,573.917724609375
2019-03-12,585.9100952148438
2019-03-13,592.929443359375
2019-03-14,590.3989868164062
2019-03-15,581.6412353515625
2019-03-18,594.1397094726562
2019-03-19,605.8019409179688
2019-03-20,605.31787109375
2019-03-22,590.4869384765625
2019-03-25,582.8734130859375
2019-03-26,601.7091674804688
2019-03-27,593.78759765625
2019-03-28,598.5184936523438
2019-04-01,612.5353393554688
2019-04-02,611.589111328125
2019-04-03,605.2078857421875
2019-04-04,595.4599609375
2019-04-05,595.833984375
2019-04-08,584.9859008789062
2019-04-09,587.2744140625
2019-04-10,585.9320678710938
2019-04-11,592.7093505859375
2019-04-12,591.0811767578125
2019-04-15,589.7828369140625
2019-04-16,591.3671875
2019-04-18,609.9388427734375
2019-04-22,592.0713500976562
2019-04-23,600.2129516601562
2019-04-24,611.5010986328125
2019-04-25,603.9756469726562
2019-04-26,612.953369140625
2019-04-30,612.953369140625
2019-05-02,618.3445434570312
2019-05-03,620.0167846679688
2019-05-06,609.476806640625
2019-05-07,591.2571411132812
2019-05-08,571.8712768554688
2019-05-09,552.947509765625
2019-05-10,550.6150512695312
2019-05-13,542.2093505859375
2019-05-14,554.7078857421875
2019-05-15,553.1455078125
2019-05-16,556.8643188476562
2019-05-17,557.7665405273438
2019-05-20,583.5115356445312
2019-05-21,589.6287231445312
2019-05-22,589.892822265625
2019-05-23,587.0323486328125
2019-05-24,588.33056640625
2019-05-27,576.80029296875
2019-05-28,582.5653686523438
2019-05-29,577.8565063476562
2019-05-30,585.2058715820312
2019-05-31,585.3820190429688
2019-06-03,598.6066284179688
2019-06-04,594.8438110351562
2019-06-06,584.1497192382812
2019-06-07,578.6707153320312
2019-06-10,580.541015625
2019-06-11,584.9418334960938
2019-06-12,586.26220703125
2019-06-13,584.105712890625
2019-06-14,579.8368530273438
2019-06-17,564.3238525390625
2019-06-18,563.7515869140625
2019-06-19,562.1453857421875
2019-06-20,570.68310546875
2019-06-21,563.0914306640625
2019-06-24,555.566162109375
2019-06-25,570.2869873046875
2019-06-26,569.538818359375
2019-06-27,560.7371215820312
2019-06-28,551.4732666015625
2019-07-01,558.4046630859375
2019-07-02,562.6514892578125
2019-07-03,564.433837890625
2019-07-04,565.072021484375
2019-07-05,555.984130859375
2019-07-08,551.0110473632812
2019-07-09,563.3555297851562
2019-07-10,562.8054809570312
2019-07-11,563.99365234375
2019-07-12,563.5316162109375
2019-07-15,561.59521484375
2019-07-16,569.03271484375
2019-07-17,564.1257934570312
2019-07-18,555.3240356445312
2019-07-19,549.6689453125
2019-07-22,563.5316162109375
2019-07-23,560.4730834960938
2019-07-24,554.11376953125
2019-07-25,541.9674072265625
2019-07-26,534.1777954101562
2019-07-29,532.9236450195312
2019-07-30,519.6989135742188
2019-07-31,513.251708984375
2019-08-01,519.412841796875
2019-08-02,524.3458251953125
2019-08-05,506.1939697265625
2019-08-06,499.5309143066406
2019-08-07,491.163330078125
2019-08-08,510.17852783203125
2019-08-09,514.4951171875
2019-08-13,564.3685913085938
2019-08-14,570.345458984375
2019-08-16,565.807373046875
2019-08-19,572.2713012695312
2019-08-20,564.8998413085938
2019-08-21,562.686279296875
2019-08-22,551.9721069335938
2019-08-23,564.8555908203125
2019-08-26,560.8489379882812
2019-08-27,564.412841796875
2019-08-28,559.2992553710938
2019-08-29,549.7584838867188
2019-08-30,552.7691040039062
2019-09-03,534.1080322265625
2019-09-04,531.7837524414062
2019-09-05,530.6547241210938
2019-09-06,541.2359619140625
2019-09-09,541.1031494140625
2019-09-11,546.5044555664062
2019-09-12,535.8568725585938
2019-09-13,542.6084594726562
2019-09-16,536.033935546875
2019-09-17,530.1455078125
2019-09-18,533.7981567382812
2019-09-19,521.9993896484375
2019-09-20,555.3367919921875
2019-09-23,548.6295166015625
2019-09-24,566.1173095703125
2019-09-25,566.4937133789062
2019-09-26,574.1306762695312
2019-09-27,579.55419921875
2019-09-30,589.825439453125
2019-10-01,577.7169189453125
2019-10-03,580.4395751953125
2019-10-04,579.1336059570312
2019-10-07,580.0189819335938
2019-10-09,586.5049438476562
2019-10-10,603.3287353515625
2019-10-11,598.8350219726562
2019-10-14,601.2257690429688
2019-10-15,603.948486328125
2019-10-16,607.578857421875
2019-10-17,618.2708129882812
2019-10-18,627.0589599609375
2019-10-22,626.0849609375
2019-10-23,616.4556274414062
2019-10-24,635.957763671875
2019-10-25,633.633544921875
2019-10-27,634.9838256835938
2019-10-29,649.5053100585938
2019-10-30,654.8402099609375
2019-10-31,648.3099365234375
2019-11-01,645.0115966796875
2019-11-04,645.3436279296875
2019-11-05,640.7614135742188
2019-11-06,635.271484375
2019-11-07,645.7642822265625
2019-11-08,639.9644775390625
2019-11-11,632.1282348632812
2019-11-13,651.8295288085938
2019-11-14,647.6015625
2019-11-15,651.1876831054688
2019-11-18,646.0299072265625
2019-11-19,668.4098510742188
2019-11-20,685.189208984375
2019-11-21,680.7398071289062
2019-11-22,684.6801147460938
2019-11-25,691.3431396484375
2019-11-26,690.7676391601562
2019-11-27,695.017822265625
2019-11-28,699.6444091796875
2019-11-29,686.7388305664062
2019-12-02,702.3892822265625
2019-12-03,699.0244750976562
2019-12-04,687.425048828125
2019-12-05,686.60595703125
2019-12-06,688.3989868164062
2019-12-09,696.2352905273438
2019-12-10,691.5203247070312
2019-12-11,691.7196044921875
2019-12-12,694.287353515625
2019-12-13,700.79541015625
2019-12-16,693.5789184570312
2019-12-17,691.8523559570312
2019-12-18,697.6741943359375
2019-12-19,712.771240234375
2019-12-20,707.9676513671875
2019-12-23,695.7041015625
2019-12-24,684.6580200195312
2019-12-26,670.9113159179688
2019-12-27,682.8428344726562
2019-12-30,683.6618041992188
2019-12-31,670.3135375976562
2020-01-01,668.3433837890625
2020-01-02,679.7215576171875
2020-01-03,680.5406494140625
2020-01-06,664.7573852539062
2020-01-07,674.984375
2020-01-08,669.9151000976562
2020-01-09,685.3441772460938
2020-01-10,685.189208984375
2020-01-13,683.4405517578125
2020-01-14,677.1094360351562
2020-01-15,674.65234375
2020-01-16,680.8726196289062
2020-01-17,699.954345703125
2020-01-20,678.41552734375
2020-01-21,679.1017456054688
2020-01-22,678.8582153320312
2020-01-23,675.9805908203125
2020-01-24,673.6340942382812
2020-01-27,666.9931030273438
2020-01-28,651.586181640625
2020-01-29,655.1722412109375
2020-01-30,639.1898193359375
2020-01-31,624.9781494140625
2020-02-03,613.4008178710938
2020-02-04,631.5083618164062
2020-02-05,641.292724609375
2020-02-06,645.4100952148438
2020-02-07,634.7182006835938
2020-02-10,635.5814819335938
2020-02-11,643.17431640625
2020-02-12,650.9442138671875
2020-02-13,652.648681640625
2020-02-14,658.6034545898438
2020-02-17,654.4638061523438
2020-02-18,649.6602172851562
2020-02-19,665.7755737304688
2020-02-20,657.8728637695312
2020-02-24,639.7210083007812
2020-02-25,627.0811157226562
2020-02-26,616.2785034179688
2020-02-27,613.7328491210938
2020-02-28,588.2316284179688
2020-03-02,582.6975708007812
2020-03-03,594.5183715820312
2020-03-04,593.123779296875
2020-03-05,580.48388671875
2020-03-06,562.708251953125
2020-03-09,493.26629638671875
2020-03-11,510.7098388671875
2020-03-12,470.6207275390625
2020-03-13,489.3481750488281
2020-03-16,449.67962646484375
2020-03-17,446.2706298828125
2020-03-18,428.7828674316406
2020-03-19,406.2922668457031
2020-03-20,450.67584228515625
2020-03-23,391.3943786621094
2020-03-24,417.67034912109375
2020-03-25,479.1432800292969
2020-03-26,472.0374450683594
2020-03-27,471.7718200683594
2020-03-30,456.20989990234375
2020-03-31,493.0892333984375
2020-04-01,478.34637451171875
2020-04-03,477.0181884765625
2020-04-07,533.9752197265625
2020-04-08,527.7991943359375
2020-04-09,540.10693359375
2020-04-13,526.4710693359375
2020-04-15,509.07171630859375
2020-04-16,517.12939453125
2020-04-17,541.9000854492188
2020-04-20,550.6660766601562
2020-04-21,547.810546875
2020-04-22,603.7050170898438
2020-04-23,606.9369506835938
2020-04-24,627.3467407226562
2020-04-27,632.9915161132812
2020-04-28,632.2832641601562
2020-04-29,631.7518920898438
2020-04-30,649.0404663085938
2020-05-04,635.4044189453125
2020-05-05,646.6718139648438
2020-05-06,646.7161254882812
2020-05-07,667.1701049804688
2020-05-08,691.453857421875
2020-05-11,698.0947875976562
2020-05-12,654.9066162109375
2020-05-13,668.8015747070312
2020-05-14,641.7625732421875
2020-05-15,652.2430419921875
2020-05-18,643.9078369140625
2020-05-19,629.6732177734375
2020-05-20,640.7570190429688
2020-05-21,644.1312866210938
2020-05-22,639.7960815429688
2020-05-26,636.4442138671875
2020-05-27,646.0531005859375
2020-05-28,657.9859619140625
2020-05-29,654.4776611328125
2020-06-01,679.4830932617188
2020-06-02,686.3433227539062
2020-06-03,689.002685546875
2020-06-04,706.0527954101562
2020-06-05,706.9019165039062
2020-06-08,701.4494018554688
2020-06-09,686.9913940429688
2020-06-10,702.6339111328125
2020-06-11,687.2373046875
2020-06-12,710.0751953125
2020-06-15,721.58349609375
2020-06-16,722.9913330078125
2020-06-17,721.9410400390625
2020-06-18,740.0637817382812
2020-06-19,786.3206787109375
2020-06-22,780.3988647460938
2020-06-23,769.1139526367188
2020-06-24,772.2200317382812
2020-06-25,767.773193359375
2020-06-26,778.3876953125
2020-06-29,770.11962890625
2020-06-30,761.6055908203125
2020-07-01,776.57763671875
2020-07-02,793.1744995117188
2020-07-03,805.587890625
2020-07-06,834.3798828125
2020-07-07,821.6058959960938
2020-07-08,810.1387939453125
2020-07-09,821.9664306640625
2020-07-10,846.2075805664062
2020-07-13,871.867919921875
2020-07-14,863.7575073242188
2020-07-15,830.8652954101562
2020-07-16,830.594970703125
2020-07-17,861.3694458007812
2020-07-20,865.0640869140625
2020-07-21,888.33642578125
2020-07-22,902.957763671875
2020-07-23,927.1988525390625
2020-07-24,967.0073852539062
2020-07-27,971.53564453125
2020-07-28,981.2230834960938
2020-07-29,944.7037963867188
2020-07-30,950.2008666992188
2020-07-31,931.38916015625
2020-08-03,905.210693359375
2020-08-04,969.012451171875
2020-08-05,958.1309204101562
2020-08-06,961.5779418945312
2020-08-07,967.1425170898438
2020-08-10,955.1572265625
2020-08-11,961.4427490234375
2020-08-12,958.6491088867188
2020-08-13,956.1484375
2020-08-14,952.43115234375
2020-08-17,942.3157958984375
2020-08-18,954.5714721679688
2020-08-19,960.4288940429688
2020-08-20,944.8839721679688
2020-08-21,938.0352783203125
2020-08-24,944.2982788085938
2020-08-25,938.1477661132812
2020-08-26,963.0197143554688
2020-08-27,950.9893188476562
2020-08-28,953.4900512695312
2020-08-31,937.5170288085938
2020-09-01,940.4683227539062
2020-09-02,958.91943359375
2020-09-03,951.6652221679688
2020-09-04,935.9625244140625
2020-09-07,938.3956909179688
2020-09-08,949.412353515625
2020-09-09,973.8561401367188
2020-09-10,1042.6368408203125
2020-09-11,1045.2275390625
2020-09-14,1037.4776611328125
2020-09-15,1044.8221435546875
2020-09-16,1047.390380859375
2020-09-17,1035.765625
2020-09-18,1038.8970947265625
2020-09-21,1016.4359130859375
2020-09-22,996.294921875
2020-09-23,1005.1487426757812
2020-09-24,982.8001098632812
2020-09-25,992.0369262695312
2020-09-28,998.5928344726562
2020-09-29,1011.5695190429688
2020-09-30,1006.7483520507812
2020-10-01,1002.6480712890625
2020-10-05,996.7680053710938
2020-10-06,995.9344482421875
2020-10-07,1017.17919921875
2020-10-08,1008.9561157226562
2020-10-09,1006.3428344726562
2020-10-12,1007.96484375
2020-10-13,1027.6326904296875
2020-10-14,1030.696533203125
2020-10-15,994.19970703125
2020-10-16,980.3670043945312
2020-10-19,980.5472412109375
2020-10-20,971.4005126953125
2020-10-21,957.2974243164062
2020-10-22,949.3446655273438
2020-10-23,952.09326171875
2020-10-26,914.2672119140625
2020-10-27,916.7003784179688
2020-10-28,906.3146362304688
2020-10-29,913.27587890625
2020-10-30,925.7119750976562
2020-11-02,845.9371337890625
2020-11-03,833.7490234375
2020-11-04,862.0452880859375
2020-11-05,880.87939453125
2020-11-06,914.289794921875
2020-11-09,923.9996948242188
2020-11-10,939.2517700195312
2020-11-11,899.893798828125
2020-11-12,892.1438598632812
2020-11-13,899.5333251953125
2020-11-14,902.1917114257812
2020-11-17,898.1140747070312
2020-11-18,895.3880004882812
2020-11-19,889.0574340820312
2020-11-20,855.8723754882812
2020-11-23,878.9420166015625
2020-11-24,884.9571533203125
2020-11-25,877.63525390625
2020-11-26,879.7979736328125
2020-11-27,869.5248413085938
2020-12-01,880.8343505859375
2020-12-02,882.2987670898438
2020-12-03,884.9571533203125
2020-12-04,877.1622314453125
2020-12-07,882.3212890625
2020-12-08,898.33935546875
2020-12-09,913.2985229492188
2020-12-10,904.3095092773438
2020-12-11,903.7688598632812
2020-12-14,897.2353515625
2020-12-15,889.59814453125
2020-12-16,890.58935546875
2020-12-17,894.6670532226562
2020-12-18,897.3480224609375
2020-12-21,873.985595703125
2020-12-22,872.6337890625
2020-12-23,875.8555297851562
2020-12-24,898.5195922851562
2020-12-28,902.6423950195312
2020-12-29,896.6722412109375
