Date,TCS.NS
2008-01-01,187.80775451660156
2008-01-02,186.99746704101562
2008-01-03,180.06069946289062
2008-01-04,179.01882934570312
2008-01-07,173.7473602294922
2008-01-08,175.92892456054688
2008-01-09,177.43386840820312
2008-01-10,174.8248291015625
2008-01-11,176.26736450195312
2008-01-14,171.17384338378906
2008-01-15,167.4072723388672
2008-01-16,168.28875732421875
2008-01-17,164.32620239257812
2008-01-18,160.85345458984375
2008-01-21,148.00401306152344
2008-01-22,142.51876831054688
2008-01-23,155.8723602294922
2008-01-24,150.74180603027344
2008-01-25,158.1337432861328
2008-01-28,152.71717834472656
2008-01-29,155.1126251220703
2008-01-30,155.4969482421875
2008-01-31,156.1941375732422
2008-02-01,166.16017150878906
2008-02-04,174.4100799560547
2008-02-05,170.72756958007812
2008-02-06,161.97711181640625
2008-02-07,157.1416015625
2008-02-08,160.60055541992188
2008-02-11,161.97711181640625
2008-02-12,154.56741333007812
2008-02-13,155.3360137939453
2008-02-14,156.20306396484375
2008-02-15,156.00637817382812
2008-02-18,152.52053833007812
2008-02-19,156.498046875
2008-02-20,158.40182495117188
2008-02-21,163.50555419921875
2008-02-22,160.9849090576172
2008-02-25,161.02076721191406
2008-02-26,160.60055541992188
2008-02-27,156.87342834472656
2008-02-28,157.47232055664062
2008-02-29,156.8466033935547
2008-03-03,151.69827270507812
2008-03-04,153.5216064453125
2008-03-05,156.47122192382812
2008-03-07,151.2603302001953
2008-03-10,149.0257568359375
2008-03-11,147.21131896972656
2008-03-12,147.22021484375
2008-03-13,139.3815155029297
2008-03-14,143.69854736328125
2008-03-17,141.553466796875
2008-03-18,146.1744842529297
2008-03-19,145.05722045898438
2008-03-24,147.2470703125
2008-03-25,156.68572998046875
2008-03-26,157.01644897460938
2008-03-27,152.39541625976562
2008-03-28,155.7115020751953
2008-03-31,144.87841796875
2008-04-01,148.79331970214844
2008-04-02,152.17198181152344
2008-04-03,158.2766876220703
2008-04-04,156.04222106933594
2008-04-07,161.6195831298828
2008-04-08,158.6252899169922
2008-04-09,156.64111328125
2008-04-10,160.8061981201172
2008-04-11,162.3167266845703
2008-04-15,174.14190673828125
2008-04-16,173.7397003173828
2008-04-17,178.9238739013672
2008-04-21,177.58311462402344
2008-04-22,158.59854125976562
2008-04-23,158.94705200195312
2008-04-24,159.23312377929688
2008-04-25,158.97389221191406
2008-04-28,157.61529541015625
2008-04-29,162.77259826660156
2008-04-30,164.6407012939453
2008-05-02,168.70755004882812
2008-05-05,165.793701171875
2008-05-06,167.50985717773438
2008-05-07,172.819091796875
2008-05-08,169.2884979248047
2008-05-09,163.92562866210938
2008-05-12,165.6953887939453
2008-05-13,161.7894287109375
2008-05-14,173.60565185546875
2008-05-15,176.0368194580078
2008-05-16,175.3754425048828
2008-05-20,170.91526794433594
2008-05-21,172.52407836914062
2008-05-22,171.81796264648438
2008-05-23,166.67860412597656
2008-05-26,170.7991180419922
2008-05-27,173.2034454345703
2008-05-28,180.45223999023438
2008-05-29,177.80661010742188
2008-05-30,185.7615509033203
2008-06-02,175.87594604492188
2008-06-03,174.32073974609375
2008-06-04,171.03143310546875
2008-06-05,175.5184326171875
2008-06-06,172.7207794189453
2008-06-09,163.40719604492188
2008-06-10,157.13262939453125
2008-06-11,159.1615753173828
2008-06-12,158.78619384765625
2008-06-13,162.60281372070312
2008-06-16,162.8173065185547
2008-06-17,164.69430541992188
2008-06-18,161.92633056640625
2008-06-19,159.607666015625
2008-06-20,155.26699829101562
2008-06-23,154.2964324951172
2008-06-24,151.77114868164062
2008-06-25,157.59461975097656
2008-06-26,158.4124298095703
2008-06-27,155.5635986328125
2008-06-30,154.25148010253906
2008-07-01,152.3642578125
2008-07-02,157.54074096679688
2008-07-03,153.97296142578125
2008-07-04,151.78907775878906
2008-07-07,153.18206787109375
2008-07-08,149.21881103515625
2008-07-09,157.58567810058594
2008-07-10,156.0848388671875
2008-07-11,143.53909301757812
2008-07-14,138.01206970214844
2008-07-15,134.9206085205078
2008-07-16,130.86756896972656
2008-07-17,140.78009033203125
2008-07-18,142.6853485107422
2008-07-21,146.0914306640625
2008-07-22,149.5153350830078
2008-07-23,154.67388916015625
2008-07-24,144.2490692138672
2008-07-25,143.64691162109375
2008-07-28,144.9141082763672
2008-07-29,145.39942932128906
2008-07-30,150.79151916503906
2008-07-31,150.3946990966797
2008-08-01,151.63934326171875
2008-08-04,147.07569885253906
2008-08-05,149.6641845703125
2008-08-06,155.2289581298828
2008-08-07,153.93020629882812
2008-08-08,152.44204711914062
2008-08-11,150.43080139160156
2008-08-12,147.77908325195312
2008-08-13,149.41168212890625
2008-08-14,150.29550170898438
2008-08-18,151.8016357421875
2008-08-19,151.74758911132812
2008-08-20,151.81069946289062
2008-08-21,147.526611328125
2008-08-22,147.73397827148438
2008-08-25,147.5897216796875
2008-08-26,150.44874572753906
2008-08-27,147.63487243652344
2008-08-28,142.92678833007812
2008-08-29,146.50747680664062
2008-09-01,147.0035400390625
2008-09-02,153.1094970703125
2008-09-04,152.27967834472656
2008-09-05,151.23350524902344
2008-09-08,154.5345001220703
2008-09-09,155.99560546875
2008-09-10,153.48826599121094
2008-09-11,150.92681884765625
2008-09-12,146.20986938476562
2008-09-15,137.19961547851562
2008-09-16,135.08018493652344
2008-09-17,131.69789123535156
2008-09-18,130.08352661132812
2008-09-19,138.3270263671875
2008-09-22,138.3180389404297
2008-09-23,130.05648803710938
2008-09-24,128.62245178222656
2008-09-25,124.17593383789062
2008-09-26,121.97531127929688
2008-09-29,111.83771514892578
2008-09-30,120.06324005126953
2008-10-01,121.17253112792969
2008-10-03,118.60205841064453
2008-10-06,111.65740966796875
2008-10-07,103.88286590576172
2008-10-08,98.59758758544922
2008-10-10,94.66524505615234
2008-10-13,103.3326416015625
2008-10-14,106.9133071899414
2008-10-15,97.96625518798828
2008-10-16,89.28980255126953
2008-10-17,81.86705780029297
2008-10-20,88.63141632080078
2008-10-21,100.85240936279297
2008-10-22,98.60662078857422
2008-10-23,98.72386932373047
2008-10-24,89.98430633544922
2008-10-27,89.60547637939453
2008-10-29,98.14409637451172
2008-10-31,97.54519653320312
2008-11-03,99.34186553955078
2008-11-04,92.28227233886719
2008-11-05,91.90119934082031
2008-11-06,90.77603149414062
2008-11-07,95.303955078125
2008-11-10,99.16946411132812
2008-11-11,95.97540283203125
2008-11-12,97.07335662841797
2008-11-14,96.33836364746094
2008-11-17,94.18780517578125
2008-11-18,87.68177795410156
2008-11-19,87.591064453125
2008-11-20,85.83977508544922
2008-11-21,91.9103012084961
2008-11-24,94.35115051269531
2008-11-25,91.46565246582031
2008-11-26,95.72134399414062
2008-11-27,95.72134399414062
2008-11-28,101.51959228515625
2008-12-01,102.38166046142578
2008-12-02,96.70132446289062
2008-12-03,97.05521392822266
2008-12-04,99.7048110961914
2008-12-05,94.69600677490234
2008-12-08,94.77764129638672
2008-12-10,98.18944549560547
2008-12-11,92.12805938720703
2008-12-12,87.34605407714844
2008-12-15,85.23186492919922
2008-12-16,86.99221801757812
2008-12-17,86.62014770507812
2008-12-18,92.64524841308594
2008-12-19,93.19877624511719
2008-12-22,92.65433502197266
2008-12-23,90.8486328125
2008-12-24,86.77439880371094
2008-12-26,85.59479522705078
2008-12-29,86.52940368652344
2008-12-30,87.57291412353516
2008-12-31,86.72904968261719
2009-01-02,90.43122863769531
2009-01-05,93.50729370117188
2009-01-06,91.90119934082031
2009-01-07,91.61080932617188
2009-01-09,97.4454116821289
2009-01-12,93.01729583740234
2009-01-13,95.39469909667969
2009-01-14,97.80835723876953
2009-01-15,92.63619232177734
2009-01-16,91.2841567993164
2009-01-19,90.8758544921875
2009-01-20,90.09548950195312
2009-01-21,89.34234619140625
2009-01-22,90.12269592285156
2009-01-23,88.22623443603516
2009-01-27,90.57640838623047
2009-01-28,92.64865112304688
2009-01-29,93.84452819824219
2009-01-30,93.40633392333984
2009-02-02,89.70001220703125
2009-02-03,91.26106262207031
2009-02-04,91.04194641113281
2009-02-05,88.1664047241211
2009-02-06,91.7996597290039
2009-02-09,94.02708435058594
2009-02-10,95.77984619140625
2009-02-11,93.98145294189453
2009-02-12,93.0959701538086
2009-02-13,93.33331298828125
2009-02-16,91.42537689208984
2009-02-17,88.59541320800781
2009-02-18,87.77384185791016
2009-02-19,89.3713607788086
2009-02-20,86.55057525634766
2009-02-24,85.61031341552734
2009-02-25,87.77384185791016
2009-02-26,88.03861236572266
2009-02-27,88.20291137695312
2009-03-02,83.9579849243164
2009-03-03,81.46578979492188
2009-03-04,84.08576202392578
2009-03-05,84.56963348388672
2009-03-06,87.94725036621094
2009-03-09,84.53314208984375
2009-03-12,87.1622085571289
2009-03-13,92.5390853881836
2009-03-16,94.90345001220703
2009-03-17,90.84112548828125
2009-03-18,92.22869873046875
2009-03-19,94.01795196533203
2009-03-20,93.07768249511719
2009-03-23,94.87606048583984
2009-03-24,95.24124145507812
2009-03-25,96.03546142578125
2009-03-26,101.96007537841797
2009-03-27,104.954345703125
2009-03-30,95.53337097167969
2009-03-31,98.32677459716797
2009-04-01,99.41312408447266
2009-04-02,105.6663818359375
2009-04-06,105.81240844726562
2009-04-08,110.3038330078125
2009-04-09,110.01173400878906
2009-04-13,108.13119506835938
2009-04-15,105.47464752197266
2009-04-16,104.44312286376953
2009-04-17,104.634765625
2009-04-20,102.4986801147461
2009-04-21,100.55425262451172
2009-04-22,99.13011169433594
2009-04-23,103.72193908691406
2009-04-24,106.60664367675781
2009-04-27,109.89305877685547
2009-04-28,109.27226257324219
2009-04-29,113.8549575805664
2009-04-30,113.5810775756836
2009-05-04,121.66925811767578
2009-05-05,118.8575668334961
2009-05-06,116.000244140625
2009-05-07,115.33380126953125
2009-05-08,115.1968994140625
2009-05-11,112.33040618896484
2009-05-12,117.050048828125
2009-05-13,113.508056640625
2009-05-14,113.16121673583984
2009-05-15,117.58869171142578
2009-05-18,135.80982971191406
2009-05-19,122.2808837890625
2009-05-20,123.5406494140625
2009-05-21,118.20940399169922
2009-05-22,115.7629165649414
2009-05-25,115.26988983154297
2009-05-26,114.01017761230469
2009-05-27,118.41028594970703
2009-05-28,121.08503723144531
2009-05-29,128.64364624023438
2009-06-01,127.37482452392578
2009-06-02,126.84532165527344
2009-06-03,127.22867584228516
2009-06-04,129.118408203125
2009-06-05,131.7018280029297
2009-06-08,135.49032592773438
2009-06-09,142.80247497558594
2009-06-10,142.7386474609375
2009-06-11,141.51539611816406
2009-06-12,139.58917236328125
2009-06-15,142.04483032226562
2009-06-16,143.0187530517578
2009-06-17,139.19656372070312
2009-06-18,138.33285522460938
2009-06-19,139.5824432373047
2009-06-22,135.8521270751953
2009-06-23,134.7496337890625
2009-06-24,140.2991180419922
2009-06-25,139.83975219726562
2009-06-26,146.05079650878906
2009-06-29,141.9345703125
2009-06-30,143.27601623535156
2009-07-01,144.41529846191406
2009-07-02,143.33111572265625
2009-07-03,143.68023681640625
2009-07-06,139.91322326660156
2009-07-07,143.0187530517578
2009-07-08,140.07862854003906
2009-07-09,142.65122985839844
2009-07-10,145.2238006591797
2009-07-13,146.08746337890625
2009-07-14,149.5605010986328
2009-07-15,155.5143280029297
2009-07-16,154.28311157226562
2009-07-17,159.53857421875
2009-07-20,183.96005249023438
2009-07-21,175.5255126953125
2009-07-22,171.3726043701172
2009-07-23,174.80885314941406
2009-07-24,178.07972717285156
2009-07-27,177.2493896484375
2009-07-28,177.37855529785156
2009-07-29,184.4456787109375
2009-07-30,196.7346649169922
2009-07-31,194.09608459472656
2009-08-03,196.19960021972656
2009-08-04,195.6459503173828
2009-08-05,195.2216033935547
2009-08-06,190.94078063964844
2009-08-07,187.87777709960938
2009-08-10,198.93045043945312
2009-08-11,199.982177734375
2009-08-12,191.77108764648438
2009-08-13,194.39125061035156
2009-08-14,192.45376586914062
2009-08-17,188.26519775390625
2009-08-18,187.78546142578125
2009-08-19,183.79991149902344
2009-08-20,184.88851928710938
2009-08-21,187.93309020996094
2009-08-24,192.47218322753906
2009-08-25,194.96327209472656
2009-08-26,202.4178466796875
2009-08-27,202.14109802246094
2009-08-28,199.57630920410156
2009-08-31,194.501953125
2009-09-01,194.44664001464844
2009-09-02,197.28822326660156
2009-09-03,196.93765258789062
2009-09-04,196.2918701171875
2009-09-07,203.3220672607422
2009-09-08,204.68753051757812
2009-09-09,206.82785034179688
2009-09-10,205.38861083984375
2009-09-11,206.791015625
2009-09-14,206.32969665527344
2009-09-15,211.05345153808594
2009-09-16,210.53672790527344
2009-09-17,215.13128662109375
2009-09-18,215.5187225341797
2009-09-22,222.40135192871094
2009-09-23,218.06509399414062
2009-09-24,222.36451721191406
2009-09-25,216.77345275878906
2009-09-29,225.26145935058594
2009-09-30,229.1732177734375
2009-10-01,232.43927001953125
2009-10-05,227.06967163085938
2009-10-06,226.6636962890625
2009-10-07,218.3602752685547
2009-10-08,210.8688201904297
2009-10-09,207.30767822265625
2009-10-12,213.98724365234375
2009-10-13,214.41165161132812
2009-10-14,218.8216094970703
2009-10-15,214.7068634033203
2009-10-16,220.7960205078125
2009-10-20,229.1916961669922
2009-10-21,233.52781677246094
2009-10-22,230.9630126953125
2009-10-23,236.11114501953125
2009-10-26,237.86412048339844
2009-10-27,237.1998748779297
2009-10-28,237.9771728515625
2009-10-29,234.7195281982422
2009-10-30,232.59095764160156
2009-11-03,224.3541259765625
2009-11-04,231.6283721923828
2009-11-05,231.18418884277344
2009-11-06,230.314208984375
2009-11-09,230.5364227294922
2009-11-10,231.9800567626953
2009-11-11,238.8656768798828
2009-11-12,242.60446166992188
2009-11-13,248.0833282470703
2009-11-16,246.45445251464844
2009-11-17,255.5983428955078
2009-11-18,254.28404235839844
2009-11-19,251.69277954101562
2009-11-20,256.5977478027344
2009-11-23,256.9494323730469
2009-11-24,258.781982421875
2009-11-25,260.1701354980469
2009-11-26,254.65423583984375
2009-11-27,248.1944580078125
2009-11-30,254.83937072753906
2009-12-01,253.85841369628906
2009-12-02,253.32156372070312
2009-12-03,255.4501953125
2009-12-04,257.3566589355469
2009-12-07,258.9114685058594
2009-12-08,258.50433349609375
2009-12-09,261.61383056640625
2009-12-10,261.22515869140625
2009-12-11,261.3917236328125
2009-12-14,261.0216369628906
2009-12-15,259.4853210449219
2009-12-16,264.0016174316406
2009-12-17,267.555419921875
2009-12-18,269.3138732910156
2009-12-21,271.73858642578125
2009-12-22,268.03668212890625
2009-12-23,276.365966796875
2009-12-24,277.3839416503906
2009-12-29,274.45947265625
2009-12-30,274.959228515625
2009-12-31,277.7357177734375
2010-01-04,278.2540588378906
2010-01-05,278.327880859375
2010-01-06,272.0348205566406
2010-01-07,264.4643859863281
2010-01-08,259.0594787597656
2010-01-11,264.39031982421875
2010-01-12,277.66156005859375
2010-01-13,291.913818359375
2010-01-14,288.6933288574219
2010-01-15,292.968994140625
2010-01-18,296.96710205078125
2010-01-19,289.00799560546875
2010-01-20,288.5267028808594
2010-01-21,285.2876892089844
2010-01-22,280.5491638183594
2010-01-25,279.93829345703125
2010-01-27,275.8924865722656
2010-01-28,275.3171691894531
2010-01-29,273.25732421875
2010-02-01,276.9503479003906
2010-02-02,274.0736999511719
2010-02-03,279.47442626953125
2010-02-04,274.1852111816406
2010-02-05,268.5433044433594
2010-02-08,268.7846374511719
2010-02-09,272.867431640625
2010-02-10,271.8096618652344
2010-02-11,275.66986083984375
2010-02-15,276.9503479003906
2010-02-16,281.4044189453125
2010-02-17,281.59002685546875
2010-02-18,281.6457214355469
2010-02-19,278.58355712890625
2010-02-22,281.07037353515625
2010-02-23,282.8704528808594
2010-02-24,284.0768737792969
2010-02-25,284.41094970703125
2010-02-26,282.75927734375
2010-03-02,283.27880859375
2010-03-03,285.3388671875
2010-03-04,283.5386657714844
2010-03-05,283.0561218261719
2010-03-08,283.0932922363281
2010-03-09,285.3204345703125
2010-03-10,289.5331115722656
2010-03-11,293.8201904296875
2010-03-12,295.8058776855469
2010-03-15,303.61895751953125
2010-03-16,307.7018737792969
2010-03-17,312.0447082519531
2010-03-18,306.5328674316406
2010-03-19,304.6954650878906
2010-03-22,307.182373046875
2010-03-23,307.57220458984375
2010-03-25,307.9988708496094
2010-03-26,306.2358703613281
2010-03-29,301.3735656738281
2010-03-30,296.9380187988281
2010-03-31,289.7557678222656
2010-04-01,299.83319091796875
2010-04-05,298.1813049316406
2010-04-06,295.4718933105469
2010-04-07,296.2142028808594
2010-04-08,296.7337951660156
2010-04-09,293.8201904296875
2010-04-12,296.2326965332031
2010-04-13,304.6769714355469
2010-04-15,304.9925231933594
2010-04-16,302.5427551269531
2010-04-19,301.3735656738281
2010-04-20,293.0406494140625
2010-04-21,291.3703918457031
2010-04-22,291.7230224609375
2010-04-23,289.5888671875
2010-04-26,291.4074401855469
2010-04-27,292.2242126464844
2010-04-28,285.91424560546875
2010-04-29,281.99835205078125
2010-04-30,284.095458984375
2010-05-03,284.6152038574219
2010-05-04,282.4623718261719
2010-05-05,284.225341796875
2010-05-06,284.7264709472656
2010-05-07,275.1873474121094
2010-05-10,285.8956298828125
2010-05-11,280.7178649902344
2010-05-12,281.886962890625
2010-05-13,284.1696472167969
2010-05-14,283.5201416015625
2010-05-17,276.80194091796875
2010-05-18,272.8488464355469
2010-05-19,267.80096435546875
2010-05-20,270.9559020996094
2010-05-21,266.7616271972656
2010-05-24,266.3534240722656
2010-05-25,259.65374755859375
2010-05-26,273.9254455566406
2010-05-27,275.354248046875
2010-05-28,278.6763610839844
2010-05-31,275.7996826171875
2010-06-01,274.37066650390625
2010-06-02,279.95684814453125
2010-06-03,284.1140441894531
2010-06-04,284.0768737792969
2010-06-07,279.5857238769531
2010-06-08,278.4537353515625
2010-06-09,272.087890625
2010-06-10,278.56494140625
2010-06-11,281.757080078125
2010-06-14,289.8856506347656
2010-06-15,288.0433044433594
2010-06-16,291.3144836425781
2010-06-17,291.5024719238281
2010-06-18,294.4727478027344
2010-06-21,296.1646423339844
2010-06-22,292.761962890625
2010-06-23,295.6383056640625
2010-06-24,290.80694580078125
2010-06-25,285.1858825683594
2010-06-28,287.5356750488281
2010-06-29,283.41876220703125
2010-06-30,282.3659362792969
2010-07-01,275.22222900390625
2010-07-02,279.6589660644531
2010-07-05,277.8542175292969
2010-07-06,285.4302673339844
2010-07-07,287.4794006347656
2010-07-08,292.06646728515625
2010-07-09,291.1827697753906
2010-07-12,297.668701171875
2010-07-13,291.2581481933594
2010-07-14,291.2581481933594
2010-07-15,294.0592041015625
2010-07-16,313.4412536621094
2010-07-19,310.8282470703125
2010-07-20,311.03497314453125
2010-07-21,316.95684814453125
2010-07-22,317.2199401855469
2010-07-23,315.56549072265625
2010-07-26,319.3067626953125
2010-07-27,319.26904296875
2010-07-28,321.261962890625
2010-07-29,320.33843994140625
2010-07-30,316.49444580078125
2010-08-02,315.9290771484375
2010-08-03,313.5735778808594
2010-08-04,327.42388916015625
2010-08-05,330.83428955078125
2010-08-06,325.8784484863281
2010-08-09,331.5880432128906
2010-08-10,325.80316162109375
2010-08-11,323.4098815917969
2010-08-12,321.638671875
2010-08-13,321.99676513671875
2010-08-16,321.8835754394531
2010-08-17,320.41387939453125
2010-08-18,328.2904052734375
2010-08-19,328.64837646484375
2010-08-20,327.4800720214844
2010-08-23,328.02667236328125
2010-08-24,328.1397399902344
2010-08-25,328.3280334472656
2010-08-26,330.32550048828125
2010-08-27,322.61846923828125
2010-08-30,318.6990966796875
2010-08-31,317.9830627441406
2010-09-01,323.50421142578125
2010-09-02,318.1148986816406
2010-09-03,315.55230712890625
2010-09-06,322.354736328125
2010-09-07,328.38458251953125
2010-09-08,331.2865295410156
2010-09-09,329.6472473144531
2010-09-13,331.5503845214844
2010-09-14,337.4295349121094
2010-09-15,344.7596130371094
2010-09-16,337.4483947753906
2010-09-17,344.3827819824219
2010-09-20,343.79852294921875
2010-09-21,359.5139465332031
2010-09-22,352.4665832519531
2010-09-23,350.99676513671875
2010-09-24,351.222900390625
2010-09-27,349.5835876464844
2010-09-28,346.5874328613281
2010-09-29,346.8511657714844
2010-09-30,349.33856201171875
2010-10-01,362.3970642089844
2010-10-04,360.21124267578125
2010-10-05,358.1195373535156
2010-10-06,361.6621398925781
2010-10-07,357.5731201171875
2010-10-08,355.2366027832031
2010-10-11,354.5959777832031
2010-10-12,358.2891845703125
2010-10-13,374.1741943359375
2010-10-14,371.61151123046875
2010-10-15,358.1383972167969
2010-10-18,369.8024597167969
2010-10-19,364.7147521972656
2010-10-20,363.0189208984375
2010-10-21,371.6679382324219
2010-10-22,392.0188903808594
2010-10-25,402.10009765625
2010-10-26,400.46075439453125
2010-10-27,395.0338439941406
2010-10-28,396.80517578125
2010-10-29,396.80517578125
2010-11-01,397.7491149902344
2010-11-02,396.2577209472656
2010-11-03,397.5226135253906
2010-11-04,403.696044921875
2010-11-08,403.31854248046875
2010-11-09,411.984130859375
2010-11-10,412.4373779296875
2010-11-11,402.0347900390625
2010-11-12,398.6930847167969
2010-11-15,402.5068054199219
2010-11-16,396.0500183105469
2010-11-18,393.7467956542969
2010-11-19,383.40087890625
2010-11-22,392.3497314453125
2010-11-23,388.9325256347656
2010-11-24,379.37957763671875
2010-11-25,385.8174743652344
2010-11-26,395.42694091796875
2010-11-29,404.5079345703125
2010-11-30,406.2826232910156
2010-12-01,408.5103759765625
2010-12-02,413.7588195800781
2010-12-03,414.34393310546875
2010-12-06,415.9866027832031
2010-12-07,410.6248779296875
2010-12-08,407.471923828125
2010-12-09,404.99884033203125
2010-12-10,405.8672790527344
2010-12-13,406.32025146484375
2010-12-14,408.151611328125
2010-12-15,416.7229919433594
2010-12-16,430.7123107910156
2010-12-20,440.52960205078125
2010-12-21,438.3019714355469
2010-12-22,434.1295166015625
2010-12-23,430.4482421875
2010-12-24,430.86346435546875
2010-12-27,430.9010314941406
2010-12-28,432.8457946777344
2010-12-29,436.8481750488281
2010-12-30,441.85113525390625
2010-12-31,440.13311767578125
2011-01-03,437.2636413574219
2011-01-04,432.2415771484375
2011-01-05,437.6033630371094
2011-01-06,442.41748046875
2011-01-07,431.44873046875
2011-01-10,427.0120849609375
2011-01-11,414.7781982421875
2011-01-12,428.91900634765625
2011-01-13,424.50128173828125
2011-01-14,422.9530334472656
2011-01-17,429.4664306640625
2011-01-18,454.0661926269531
2011-01-19,450.4600524902344
2011-01-20,457.7099609375
2011-01-21,457.502197265625
2011-01-24,456.57708740234375
2011-01-25,448.77996826171875
2011-01-27,453.6400146484375
2011-01-28,446.81317138671875
2011-01-31,438.5490417480469
2011-02-01,435.0126037597656
2011-02-02,447.2292175292969
2011-02-03,447.70196533203125
2011-02-04,434.501953125
2011-02-07,427.826416015625
2011-02-08,425.5380554199219
2011-02-09,415.4017333984375
2011-02-10,412.54608154296875
2011-02-11,412.1114196777344
2011-02-14,420.69696044921875
2011-02-15,415.17486572265625
2011-02-16,414.720947265625
2011-02-17,419.5242919921875
2011-02-18,412.1490478515625
2011-02-21,430.64410400390625
2011-02-22,430.7010192871094
2011-02-23,425.7082214355469
2011-02-24,420.5076904296875
2011-02-25,419.8458251953125
2011-02-28,419.9215393066406
2011-03-01,425.31109619140625
2011-03-03,435.0314636230469
2011-03-04,429.49053955078125
2011-03-07,419.1650695800781
2011-03-08,422.7391662597656
2011-03-09,426.14324951171875
2011-03-10,419.2784118652344
2011-03-11,407.364501953125
2011-03-14,415.1180419921875
2011-03-15,412.1868896484375
2011-03-16,421.6614074707031
2011-03-17,415.288330078125
2011-03-18,409.52044677734375
2011-03-21,405.0006103515625
2011-03-22,404.50885009765625
2011-03-23,402.5611267089844
2011-03-24,413.5484619140625
2011-03-25,423.47686767578125
2011-03-28,423.5713806152344
2011-03-29,430.6820068359375
2011-03-30,435.6934814453125
2011-03-31,447.7774963378906
2011-04-01,446.3592224121094
2011-04-04,458.8595886230469
2011-04-05,468.9389343261719
2011-04-06,462.1313171386719
2011-04-07,453.5644226074219
2011-04-08,452.3541259765625
2011-04-11,445.69744873046875
2011-04-13,457.6870422363281
2011-04-15,450.6142883300781
2011-04-18,432.9134216308594
2011-04-19,440.5157165527344
2011-04-20,460.93975830078125
2011-04-21,450.8789367675781
2011-04-25,453.0539245605469
2011-04-26,449.7064208984375
2011-04-27,446.5293884277344
2011-04-28,438.22747802734375
2011-04-29,440.8750915527344
2011-05-02,438.15179443359375
2011-05-03,430.58734130859375
2011-05-04,430.05780029296875
2011-05-05,421.7180480957031
2011-05-06,434.558837890625
2011-05-09,429.49053955078125
2011-05-10,431.1357421875
2011-05-11,431.2682189941406
2011-05-12,420.4888000488281
2011-05-13,426.2946472167969
2011-05-16,427.807373046875
2011-05-17,431.8165283203125
2011-05-18,436.86578369140625
2011-05-19,440.5724182128906
2011-05-20,444.4115295410156
2011-05-23,441.21527099609375
2011-05-24,434.9180908203125
2011-05-25,426.8619384765625
2011-05-26,429.5661315917969
2011-05-27,432.89459228515625
2011-05-30,435.6934814453125
2011-05-31,437.66021728515625
2011-06-01,444.5627136230469
2011-06-02,441.6692199707031
2011-06-03,435.7501525878906
2011-06-06,440.38330078125
2011-06-07,446.0376281738281
2011-06-08,449.8837585449219
2011-06-09,451.7689514160156
2011-06-10,452.854248046875
2011-06-13,447.5609436035156
2011-06-14,453.5587158203125
2011-06-15,450.9691467285156
2011-06-16,438.3645324707031
2011-06-17,422.3896179199219
2011-06-20,407.1956481933594
2011-06-21,421.45672607421875
2011-06-22,412.60302734375
2011-06-23,417.7440185546875
2011-06-24,433.26171875
2011-06-27,438.1551513671875
2011-06-28,439.44989013671875
2011-06-29,445.4854736328125
2011-06-30,450.9501647949219
2011-07-01,453.88238525390625
2011-07-04,451.52130126953125
2011-07-05,449.1413879394531
2011-07-06,450.4170227050781
2011-07-07,455.4055480957031
2011-07-08,446.17108154296875
2011-07-11,440.4591064453125
2011-07-12,436.1558837890625
2011-07-13,437.5649108886719
2011-07-14,427.91131591796875
2011-07-15,436.42242431640625
2011-07-18,428.4255065917969
2011-07-19,434.1376037597656
2011-07-20,431.2434997558594
2011-07-21,427.4735107421875
2011-07-22,431.6051025390625
2011-07-25,434.08050537109375
2011-07-26,435.88909912109375
2011-07-27,436.8414001464844
2011-07-28,431.26702880859375
2011-07-29,434.1114196777344
2011-08-01,433.4431457519531
2011-08-02,431.6869812011719
2011-08-03,423.9362487792969
2011-08-04,418.4001770019531
2011-08-05,403.9298400878906
2011-08-08,383.8467712402344
2011-08-09,368.3646240234375
2011-08-10,375.71441650390625
2011-08-11,373.53814697265625
2011-08-12,361.62579345703125
2011-08-16,371.7245788574219
2011-08-17,381.7660217285156
2011-08-18,367.4292297363281
2011-08-19,354.6771240234375
2011-08-22,350.51544189453125
2011-08-23,374.77899169921875
2011-08-24,367.5248107910156
2011-08-25,362.8667297363281
2011-08-26,362.1222839355469
2011-08-29,389.2875671386719
2011-08-30,397.9926452636719
2011-09-02,390.2421875
2011-09-05,392.38006591796875
2011-09-06,394.74737548828125
2011-09-07,393.64019775390625
2011-09-08,395.5683288574219
2011-09-09,387.9320983886719
2011-09-12,376.344482421875
2011-09-13,379.41796875
2011-09-14,387.5694885253906
2011-09-15,397.7445983886719
2011-09-16,392.3992919921875
2011-09-19,388.69586181640625
2011-09-20,403.9298400878906
2011-09-21,398.4128112792969
2011-09-22,379.66607666015625
2011-09-23,378.1007080078125
2011-09-26,380.6396484375
2011-09-27,397.2864685058594
2011-09-28,400.0927429199219
2011-09-29,405.26605224609375
2011-09-30,396.0455627441406
2011-10-03,398.3363037109375
2011-10-04,399.3480529785156
2011-10-05,398.4317932128906
2011-10-07,400.3407897949219
2011-10-10,406.5069885253906
2011-10-11,397.4009704589844
2011-10-12,411.9858703613281
2011-10-13,417.2164611816406
2011-10-14,433.0614013671875
2011-10-17,427.7161865234375
2011-10-18,394.6137390136719
2011-10-19,400.4935302734375
2011-10-20,398.94720458984375
2011-10-21,400.837158203125
2011-10-24,412.25299072265625
2011-10-25,420.63787841796875
2011-10-28,429.386474609375
2011-10-31,427.2041931152344
2011-11-01,424.3900146484375
2011-11-02,423.77734375
2011-11-03,423.0691223144531
2011-11-04,421.07830810546875
2011-11-08,423.16485595703125
2011-11-09,429.9415283203125
2011-11-11,433.023681640625
2011-11-14,432.0282897949219
2011-11-15,430.49658203125
2011-11-16,427.7591552734375
2011-11-17,426.9553527832031
2011-11-18,416.02435302734375
2011-11-21,408.5966796875
2011-11-22,414.20574951171875
2011-11-23,406.720703125
2011-11-24,418.015380859375
2011-11-25,407.33319091796875
2011-11-28,416.7518615722656
2011-11-29,418.5894470214844
2011-11-30,427.1083679199219
2011-12-01,434.4786376953125
2011-12-02,451.01837158203125
2011-12-05,452.14794921875
2011-12-07,451.61181640625
2011-12-08,450.86541748046875
2011-12-09,448.8744201660156
2011-12-12,451.91827392578125
2011-12-13,451.28643798828125
2011-12-14,452.7222900390625
2011-12-15,452.74139404296875
2011-12-16,438.8814697265625
2011-12-19,437.866943359375
2011-12-20,433.9234313964844
2011-12-21,443.6293029785156
2011-12-22,440.9490966796875
2011-12-23,443.0356750488281
2011-12-26,455.000244140625
2011-12-27,451.5735778808594
2011-12-28,447.6492004394531
2011-12-29,446.3091735839844
2011-12-30,444.37567138671875
2012-01-02,451.2481689453125
2012-01-03,458.5228576660156
2012-01-04,449.10430908203125
2012-01-05,448.72149658203125
2012-01-06,447.7257995605469
2012-01-09,448.4724426269531
2012-01-10,446.1944274902344
2012-01-11,435.32098388671875
2012-01-12,417.1346435546875
2012-01-13,415.698974609375
2012-01-16,424.753662109375
2012-01-17,422.66705322265625
2012-01-18,412.0234680175781
2012-01-19,411.79376220703125
2012-01-20,413.3059387207031
2012-01-23,412.61688232421875
2012-01-24,416.82843017578125
2012-01-25,421.5506591796875
2012-01-27,425.6779479980469
2012-01-30,426.8296203613281
2012-01-31,434.7577209472656
2012-02-01,433.337158203125
2012-02-02,440.746826171875
2012-02-03,449.7884521484375
2012-02-06,458.3500671386719
2012-02-07,459.9434509277344
2012-02-08,468.2552490234375
2012-02-09,471.6915588378906
2012-02-10,473.53411865234375
2012-02-13,470.57781982421875
2012-02-14,468.3896484375
2012-02-15,476.6824951171875
2012-02-16,470.44354248046875
2012-02-17,471.7489318847656
2012-02-21,474.93548583984375
2012-02-22,480.8095397949219
2012-02-23,483.66998291015625
2012-02-24,487.58599853515625
2012-02-27,480.6942138671875
2012-02-28,470.9043273925781
2012-02-29,469.13818359375
2012-03-01,468.23614501953125
2012-03-02,467.3338317871094
2012-03-05,463.513671875
2012-03-06,461.4789733886719
2012-03-07,457.96600341796875
2012-03-09,463.9935302734375
2012-03-12,456.5070495605469
2012-03-13,459.5593566894531
2012-03-14,443.2616271972656
2012-03-15,446.7744445800781
2012-03-16,449.0205383300781
2012-03-19,430.7648620605469
2012-03-20,435.6983642578125
2012-03-21,451.40081787109375
2012-03-22,448.32940673828125
2012-03-23,454.8180236816406
2012-03-26,445.9683532714844
2012-03-27,451.01702880859375
2012-03-28,447.312255859375
2012-03-29,438.1361389160156
2012-03-30,448.73272705078125
2012-04-02,458.5036315917969
2012-04-03,452.26470947265625
2012-04-04,452.43756103515625
2012-04-09,446.9282531738281
2012-04-10,443.8952331542969
2012-04-11,436.9461669921875
2012-04-12,434.4699401855469
2012-04-13,410.1671142578125
2012-04-16,410.7048034667969
2012-04-17,418.8055419921875
2012-04-18,421.37799072265625
2012-04-19,423.45111083984375
2012-04-20,417.88409423828125
2012-04-23,408.5931701660156
2012-04-24,458.484375
2012-04-25,449.5964050292969
2012-04-26,458.6570739746094
2012-04-27,462.2467956542969
2012-04-30,478.60211181640625
2012-05-02,486.53009033203125
2012-05-03,491.2331237792969
2012-05-04,490.19659423828125
2012-05-07,488.83367919921875
2012-05-08,460.9798889160156
2012-05-09,470.5203552246094
2012-05-10,473.2080383300781
2012-05-11,472.516845703125
2012-05-14,470.6739807128906
2012-05-15,470.808349609375
2012-05-16,469.69500732421875
2012-05-17,469.15740966796875
2012-05-18,464.80010986328125
2012-05-21,464.2432556152344
2012-05-22,469.94439697265625
2012-05-23,470.3667907714844
2012-05-24,468.94622802734375
2012-05-25,468.69671630859375
2012-05-28,470.19390869140625
2012-05-29,476.2025146484375
2012-05-30,476.279296875
2012-05-31,478.1221008300781
2012-06-01,470.1555480957031
2012-06-04,465.7979736328125
2012-06-05,470.8851013183594
2012-06-06,480.3490295410156
2012-06-07,479.2090148925781
2012-06-08,475.61566162109375
2012-06-11,476.6393737792969
2012-06-12,482.2616271972656
2012-06-13,483.1503601074219
2012-06-14,484.54144287109375
2012-06-15,491.670166015625
2012-06-18,485.7584533691406
2012-06-19,492.2499694824219
2012-06-20,484.0778503417969
2012-06-21,472.9686279296875
2012-06-22,476.6007080078125
2012-06-25,470.14794921875
2012-06-26,477.2384948730469
2012-06-27,481.7205810546875
2012-06-28,486.4152526855469
2012-06-29,493.6022644042969
2012-07-02,486.6471252441406
2012-07-03,478.9000244140625
2012-07-04,482.16497802734375
2012-07-05,479.3634948730469
2012-07-06,482.12646484375
2012-07-09,486.6279296875
2012-07-10,487.5164489746094
2012-07-11,486.20281982421875
2012-07-12,477.5860900878906
2012-07-13,482.7637939453125
2012-07-16,466.5158996582031
2012-07-17,458.22784423828125
2012-07-18,461.8598327636719
2012-07-19,464.0622863769531
2012-07-20,472.58233642578125
2012-07-23,470.3357238769531
2012-07-24,468.36029052734375
2012-07-25,469.9097595214844
2012-07-26,464.2155456542969
2012-07-27,474.61590576171875
2012-07-30,476.82379150390625
2012-07-31,481.7236328125
2012-08-01,474.36407470703125
2012-08-02,477.52117919921875
2012-08-03,479.1090087890625
2012-08-06,476.0102844238281
2012-08-07,489.6257019042969
2012-08-08,483.8736267089844
2012-08-09,487.34039306640625
2012-08-10,495.8230285644531
2012-08-13,490.49713134765625
2012-08-14,491.31060791015625
2012-08-16,489.4319152832031
2012-08-17,495.2615051269531
2012-08-21,503.0278625488281
2012-08-22,500.3164367675781
2012-08-23,512.6339721679688
2012-08-24,512.4013671875
2012-08-27,511.47198486328125
2012-08-28,523.2665405273438
2012-08-29,520.32275390625
2012-08-30,529.5610961914062
2012-08-31,520.497314453125
2012-09-03,518.2114868164062
2012-09-04,519.3736572265625
2012-09-05,528.5345458984375
2012-09-06,532.8341674804688
2012-09-07,537.1336669921875
2012-09-10,531.2265625
2012-09-11,539.4384155273438
2012-09-12,548.056884765625
2012-09-13,549.141357421875
2012-09-14,547.359619140625
2012-09-17,519.8580322265625
2012-09-18,503.47320556640625
2012-09-20,512.072265625
2012-09-21,505.119384765625
2012-09-24,499.46429443359375
2012-09-25,500.916748046875
2012-09-26,497.97296142578125
2012-09-27,492.5307312011719
2012-09-28,501.962646484375
2012-10-01,504.69342041015625
2012-10-03,512.32421875
2012-10-04,510.1934509277344
2012-10-05,505.10015869140625
2012-10-08,500.7227783203125
2012-10-09,501.5559387207031
2012-10-10,499.4254455566406
2012-10-11,499.46429443359375
2012-10-12,502.9504089355469
2012-10-15,501.4784851074219
2012-10-16,501.962646484375
2012-10-17,497.0240173339844
2012-10-18,506.3977966308594
2012-10-19,499.56085205078125
2012-10-22,510.8716735839844
2012-10-23,509.2059326171875
2012-10-25,509.4964599609375
2012-10-29,506.8045349121094
2012-10-30,508.0051574707031
2012-10-31,510.7226257324219
2012-11-01,510.6258850097656
2012-11-02,516.8180541992188
2012-11-05,516.1970825195312
2012-11-06,512.6835327148438
2012-11-07,516.9345092773438
2012-11-08,516.8180541992188
2012-11-09,514.3915405273438
2012-11-12,518.0994873046875
2012-11-15,502.4339294433594
2012-11-16,499.5805358886719
2012-11-19,490.0879821777344
2012-11-20,494.1452941894531
2012-11-21,497.7946472167969
2012-11-22,495.56219482421875
2012-11-23,500.27947998046875
2012-11-26,502.25946044921875
2012-11-27,502.8414611816406
2012-11-29,503.9674987792969
2012-11-30,510.14056396484375
2012-12-03,511.2275390625
2012-12-04,504.4915771484375
2012-12-05,503.8901062011719
2012-12-06,497.2123107910156
2012-12-07,490.786865234375
2012-12-10,480.323974609375
2012-12-11,473.52984619140625
2012-12-12,475.8984680175781
2012-12-13,474.6365966796875
2012-12-14,482.53704833984375
2012-12-17,468.0171203613281
2012-12-18,470.0165710449219
2012-12-19,478.5575256347656
2012-12-20,486.08929443359375
2012-12-21,488.671142578125
2012-12-24,491.5828552246094
2012-12-26,490.0299377441406
2012-12-27,485.66241455078125
2012-12-28,492.087646484375
2012-12-31,487.564697265625
2013-01-01,490.786865234375
2013-01-02,490.4571228027344
2013-01-03,497.17333984375
2013-01-04,504.39471435546875
2013-01-07,502.7059326171875
2013-01-08,504.80224609375
2013-01-09,495.6205139160156
2013-01-10,488.5547790527344
2013-01-11,507.17041015625
2013-01-14,518.0994873046875
2013-01-15,519.2445068359375
2013-01-16,523.2432250976562
2013-01-17,528.7757568359375
2013-01-18,524.5050659179688
2013-01-21,516.3522338867188
2013-01-22,511.4992980957031
2013-01-23,510.50714111328125
2013-01-24,516.9663696289062
2013-01-25,521.6163940429688
2013-01-28,523.3870849609375
2013-01-29,523.347900390625
2013-01-30,523.8150024414062
2013-01-31,523.0366821289062
2013-02-01,524.5736694335938
2013-02-04,527.7839965820312
2013-02-05,529.2235717773438
2013-02-06,533.3095703125
2013-02-07,539.7688598632812
2013-02-08,553.5632934570312
2013-02-11,550.4893188476562
2013-02-12,548.6798095703125
2013-02-13,558.544189453125
2013-02-14,563.330078125
2013-02-15,561.1703491210938
2013-02-18,554.6331787109375
2013-02-19,561.715576171875
2013-02-20,565.3148193359375
2013-02-21,564.6337890625
2013-02-22,566.2098388671875
2013-02-25,573.4474487304688
2013-02-26,582.2802734375
2013-02-27,577.1439208984375
2013-02-28,590.29638671875
2013-03-01,584.4010009765625
2013-03-04,588.8175659179688
2013-03-05,599.3043823242188
2013-03-06,607.4953002929688
2013-03-07,618.6632690429688
2013-03-08,616.0364990234375
2013-03-11,609.441162109375
2013-03-12,607.2230224609375
2013-03-13,603.7984619140625
2013-03-14,610.0245971679688
2013-03-15,611.0169677734375
2013-03-18,609.7329711914062
2013-03-19,601.8724975585938
2013-03-20,606.1139526367188
2013-03-21,607.0089721679688
2013-03-22,600.082763671875
2013-03-25,600.5496826171875
2013-03-26,605.6080932617188
2013-03-28,613.1571044921875
2013-04-01,605.8026733398438
2013-04-02,609.888671875
2013-04-03,600.56884765625
2013-04-04,586.7164306640625
2013-04-05,583.0392456054688
2013-04-08,576.1905517578125
2013-04-09,582.6697387695312
2013-04-10,595.530029296875
2013-04-11,598.0396728515625
2013-04-12,588.2533569335938
2013-04-15,572.9608154296875
2013-04-16,577.1246337890625
2013-04-17,566.8128051757812
2013-04-18,565.295166015625
2013-04-22,554.6139526367188
2013-04-23,556.6568603515625
2013-04-25,545.6641235351562
2013-04-26,532.8425903320312
2013-04-29,533.3872680664062
2013-04-30,536.3640747070312
2013-05-02,557.9603881835938
2013-05-03,551.9678344726562
2013-05-06,570.9181518554688
2013-05-07,572.630126953125
2013-05-08,575.9376831054688
2013-05-09,583.0780029296875
2013-05-10,582.0858764648438
2013-05-13,564.84765625
2013-05-14,567.3187866210938
2013-05-15,572.6106567382812
2013-05-16,565.8009643554688
2013-05-17,573.4864501953125
2013-05-20,572.9414672851562
2013-05-21,580.89892578125
2013-05-22,583.058837890625
2013-05-23,580.8406372070312
2013-05-24,571.832275390625
2013-05-27,582.9028930664062
2013-05-28,589.1676025390625
2013-05-29,582.6499633789062
2013-05-30,583.4476928710938
2013-05-31,583.0780029296875
2013-06-03,571.7740478515625
2013-06-04,570.1982421875
2013-06-05,571.151611328125
2013-06-06,577.4133911132812
2013-06-07,596.336669921875
2013-06-10,598.7315063476562
2013-06-11,589.5057373046875
2013-06-12,576.3731079101562
2013-06-13,567.5592651367188
2013-06-14,569.5418701171875
2013-06-17,570.22900390625
2013-06-18,566.8328247070312
2013-06-19,560.51220703125
2013-06-20,551.4037475585938
2013-06-21,558.372314453125
2013-06-24,553.8379516601562
2013-06-25,546.6142578125
2013-06-26,564.4380493164062
2013-06-27,585.7169189453125
2013-06-28,596.0225830078125
2013-07-01,585.8936157226562
2013-07-02,589.113037109375
2013-07-03,584.8922729492188
2013-07-04,603.933349609375
2013-07-05,600.75341796875
2013-07-08,591.5076904296875
2013-07-09,590.8207397460938
2013-07-10,593.5885620117188
2013-07-11,614.2391357421875
2013-07-12,632.0238037109375
2013-07-15,644.5476684570312
2013-07-16,647.5313110351562
2013-07-17,658.9757080078125
2013-07-18,651.8696899414062
2013-07-19,684.219970703125
2013-07-22,685.6722412109375
2013-07-23,686.9679565429688
2013-07-24,699.9237670898438
2013-07-25,705.0078125
2013-07-26,696.6651611328125
2013-07-29,700.0883178710938
2013-07-30,705.2429809570312
2013-07-31,714.3719482421875
2013-08-01,714.3326416015625
2013-08-02,726.3143310546875
2013-08-05,734.7151489257812
2013-08-06,735.8561401367188
2013-08-07,717.204833984375
2013-08-08,726.1371459960938
2013-08-12,713.7814331054688
2013-08-13,716.063720703125
2013-08-14,721.4544067382812
2013-08-16,700.7573852539062
2013-08-19,699.3997802734375
2013-08-20,683.2472534179688
2013-08-21,675.9284057617188
2013-08-22,699.9899291992188
2013-08-23,719.8610229492188
2013-08-26,724.7991943359375
2013-08-27,723.5401000976562
2013-08-28,750.7297973632812
2013-08-29,766.1543579101562
2013-08-30,800.03369140625
2013-09-02,809.3396606445312
2013-09-03,787.402587890625
2013-09-04,814.1596069335938
2013-09-05,783.3302001953125
2013-09-06,782.5628051757812
2013-09-10,782.2086791992188
2013-09-11,784.5301513671875
2013-09-12,774.3388671875
2013-09-13,768.7708129882812
2013-09-16,748.6246948242188
2013-09-17,766.2922973632812
2013-09-18,769.06640625
2013-09-19,773.7095947265625
2013-09-20,767.4135131835938
2013-09-23,769.3023071289062
2013-09-24,763.1641845703125
2013-09-25,770.8566284179688
2013-09-26,764.501953125
2013-09-27,766.5479736328125
2013-09-30,758.5602416992188
2013-10-01,766.921875
2013-10-03,796.6494140625
2013-10-04,800.1908569335938
2013-10-07,822.28515625
2013-10-08,811.1494750976562
2013-10-09,822.7182006835938
2013-10-10,818.4486694335938
2013-10-11,834.9946899414062
2013-10-14,870.6836547851562
2013-10-15,871.7262573242188
2013-10-17,829.6431884765625
2013-10-18,834.44384765625
2013-10-21,815.1630249023438
2013-10-22,822.1278076171875
2013-10-23,811.03125
2013-10-24,790.39306640625
2013-10-25,815.2517700195312
2013-10-28,813.753662109375
2013-10-29,816.0601806640625
2013-10-30,824.7932739257812
2013-10-31,832.7180786132812
2013-11-01,827.0209350585938
2013-11-05,805.0993041992188
2013-11-06,824.4581298828125
2013-11-07,836.6212768554688
2013-11-08,824.3596801757812
2013-11-11,825.85791015625
2013-11-12,822.9007568359375
2013-11-13,807.8592529296875
2013-11-14,798.8701171875
2013-11-18,805.8880004882812
2013-11-19,800.3287353515625
2013-11-20,797.8447265625
2013-11-21,783.2568359375
2013-11-22,788.8753662109375
2013-11-25,793.76416015625
2013-11-26,786.0559692382812
2013-11-27,783.1978149414062
2013-11-28,782.4684448242188
2013-11-29,790.2551879882812
2013-12-02,794.0203857421875
2013-12-03,796.7409057617188
2013-12-04,788.559814453125
2013-12-05,783.4737548828125
2013-12-06,788.658447265625
2013-12-09,790.4523315429688
2013-12-10,821.1659545898438
2013-12-11,811.4275512695312
2013-12-12,799.9344482421875
2013-12-13,789.2498779296875
2013-12-16,796.0902099609375
2013-12-17,806.4202270507812
2013-12-18,810.5401000976562
2013-12-19,820.6731567382812
2013-12-20,836.0695190429688
2013-12-23,831.5350952148438
2013-12-24,832.1856689453125
2013-12-26,828.0853881835938
2013-12-27,851.879638671875
2013-12-30,850.0657958984375
2013-12-31,856.374267578125
2014-01-01,848.9815673828125
2014-01-02,854.3834228515625
2014-01-03,876.146728515625
2014-01-06,883.0075073242188
2014-01-07,869.81884765625
2014-01-08,880.2669677734375
2014-01-09,883.9337768554688
2014-01-10,899.2907104492188
2014-01-13,933.9270629882812
2014-01-14,917.3678588867188
2014-01-15,927.9539184570312
2014-01-16,926.6531372070312
2014-01-17,872.5391235351562
2014-01-20,921.882080078125
2014-01-21,899.0542602539062
2014-01-22,896.5894165039062
2014-01-23,888.0733032226562
2014-01-24,886.5948486328125
2014-01-27,880.6311645507812
2014-01-28,873.8175048828125
2014-01-29,872.8104858398438
2014-01-30,875.8914184570312
2014-01-31,885.1537475585938
2014-02-03,866.7477416992188
2014-02-04,849.7241821289062
2014-02-05,866.7278442382812
2014-02-06,859.1641845703125
2014-02-07,846.9791870117188
2014-02-10,826.8949584960938
2014-02-11,830.1138305664062
2014-02-12,831.5948486328125
2014-02-13,842.7728271484375
2014-02-14,856.2611083984375
2014-02-17,855.2737426757812
2014-02-18,855.5105590820312
2014-02-19,868.1299438476562
2014-02-20,864.7333374023438
2014-02-21,871.1909790039062
2014-02-24,860.2109375
2014-02-25,864.5556640625
2014-02-26,861.8895263671875
2014-02-28,898.85888671875
2014-03-03,884.7581787109375
2014-03-04,884.9954223632812
2014-03-05,889.438720703125
2014-03-06,885.034912109375
2014-03-07,880.1961669921875
2014-03-10,846.2879028320312
2014-03-11,849.8426513671875
2014-03-12,860.8229370117188
2014-03-13,849.0133056640625
2014-03-14,845.063720703125
2014-03-18,838.1319580078125
2014-03-19,805.5072021484375
2014-03-20,832.6814575195312
2014-03-21,840.1067504882812
2014-03-24,850.2180786132812
2014-03-25,847.8679809570312
2014-03-26,826.8751831054688
2014-03-27,827.17138671875
2014-03-28,830.2717895507812
2014-03-31,842.5357666015625
2014-04-01,859.7368774414062
2014-04-02,857.9793701171875
2014-04-03,855.708251953125
2014-04-04,844.7870483398438
2014-04-07,850.6919555664062
2014-04-09,845.399169921875
2014-04-10,839.7708129882812
2014-04-11,854.760498046875
2014-04-15,889.7745971679688
2014-04-16,867.4782104492188
2014-04-17,877.9846801757812
2014-04-21,877.5302124023438
2014-04-22,877.25390625
2014-04-23,874.3705444335938
2014-04-24,874.3705444335938
2014-04-25,871.0133056640625
2014-04-28,865.523193359375
2014-04-29,866.6685791015625
2014-04-30,864.6741333007812
2014-05-02,872.27734375
2014-05-05,874.35107421875
2014-05-06,868.5053100585938
2014-05-07,855.3330078125
2014-05-08,853.95068359375
2014-05-09,853.1011962890625
2014-05-12,852.8842163085938
2014-05-13,873.2646484375
2014-05-14,875.2988891601562
2014-05-15,866.23388671875
2014-05-16,853.4370727539062
2014-05-19,804.4407958984375
2014-05-20,816.88232421875
2014-05-21,822.6685791015625
2014-05-22,834.162353515625
2014-05-23,840.4624633789062
2014-05-26,850.770751953125
2014-05-27,841.8645629882812
2014-05-28,849.408447265625
2014-05-29,853.12109375
2014-05-30,845.7745361328125
2014-06-02,841.2322387695312
2014-06-03,840.7388305664062
2014-06-04,825.1963500976562
2014-06-05,831.0816040039062
2014-06-06,831.1213989257812
2014-06-09,842.90478515625
2014-06-10,860.5899047851562
2014-06-11,880.0498657226562
2014-06-12,892.17236328125
2014-06-13,882.6815795898438
2014-06-16,905.0919189453125
2014-06-17,909.1194458007812
2014-06-18,888.0647583007812
2014-06-19,907.604248046875
2014-06-20,914.1239624023438
2014-06-23,904.7330932617188
2014-06-24,920.7635498046875
2014-06-25,921.361572265625
2014-06-26,920.2052001953125
2014-06-27,956.8515625
2014-06-30,967.1595458984375
2014-07-01,953.3421630859375
2014-07-02,957.669189453125
2014-07-03,964.1685180664062
2014-07-04,961.2174682617188
2014-07-07,992.3414306640625
2014-07-08,976.7498779296875
2014-07-09,956.2931518554688
2014-07-10,937.810791015625
2014-07-11,954.8175659179688
2014-07-14,967.4984741210938
2014-07-15,956.7518310546875
2014-07-16,957.76904296875
2014-07-17,949.8331909179688
2014-07-18,973.4596557617188
2014-07-21,982.4520874023438
2014-07-22,1009.8264770507812
2014-07-23,1031.2607421875
2014-07-24,1034.8695068359375
2014-07-25,1039.0762939453125
2014-07-28,1048.6136474609375
2014-07-30,1050.9423828125
2014-07-31,1044.8675537109375
2014-08-01,1019.0902709960938
2014-08-04,1022.9984741210938
2014-08-05,1022.0467529296875
2014-08-06,1015.1421508789062
2014-08-07,1000.2181396484375
2014-08-08,1003.8231811523438
2014-08-11,999.6513671875
2014-08-12,1001.0082397460938
2014-08-13,1012.4691162109375
2014-08-14,1012.3475341796875
2014-08-18,1007.4273681640625
2014-08-19,987.5425415039062
2014-08-20,986.6112670898438
2014-08-21,985.092529296875
2014-08-22,997.9506225585938
2014-08-25,1021.378662109375
2014-08-26,1026.1375732421875
2014-08-27,1032.677978515625
2014-08-28,1021.5005493164062
2014-09-01,1027.494140625
2014-09-02,1027.797607421875
2014-09-03,1055.5382080078125
2014-09-04,1046.7708740234375
2014-09-05,1052.379638671875
2014-09-08,1070.2398681640625
2014-09-09,1065.6026611328125
2014-09-10,1053.0074462890625
2014-09-11,1052.2783203125
2014-09-12,1056.02490234375
2014-09-15,1036.059326171875
2014-09-16,1033.042236328125
2014-09-17,1049.3834228515625
2014-09-18,1070.077392578125
2014-09-19,1099.19580078125
2014-09-22,1102.2734375
2014-09-23,1088.6661376953125
2014-09-24,1070.3609619140625
2014-09-25,1096.927490234375
2014-09-26,1086.9654541015625
2014-09-29,1120.96337890625
2014-09-30,1108.2672119140625
2014-10-01,1124.06103515625
2014-10-07,1106.14111328125
2014-10-08,1086.640869140625
2014-10-09,1095.89453125
2014-10-10,1084.737548828125
2014-10-13,1100.1470947265625
2014-10-14,1093.1202392578125
2014-10-15,1093.1202392578125
2014-10-16,1084.5758056640625
2014-10-17,988.6156005859375
2014-10-20,981.3871459960938
2014-10-21,985.47705078125
2014-10-22,992.9490356445312
2014-10-27,995.0955200195312
2014-10-28,1003.782470703125
2014-10-29,1016.9503784179688
2014-10-30,1038.112548828125
2014-10-31,1058.26025390625
2014-11-03,1051.159423828125
2014-11-05,1054.872314453125
2014-11-07,1044.0577392578125
2014-11-10,1042.7598876953125
2014-11-11,1047.2435302734375
2014-11-12,1051.7271728515625
2014-11-13,1050.3885498046875
2014-11-14,1057.692626953125
2014-11-17,1062.5013427734375
2014-11-18,1049.3333740234375
2014-11-19,1044.4232177734375
2014-11-20,1057.28662109375
2014-11-21,1064.0634765625
2014-11-24,1078.489501953125
2014-11-25,1069.6839599609375
2014-11-26,1066.1536865234375
2014-11-27,1076.7042236328125
2014-11-28,1072.524658203125
2014-12-01,1092.7938232421875
2014-12-02,1078.32763671875
2014-12-03,1069.4208984375
2014-12-04,1070.475341796875
2014-12-05,1046.5333251953125
2014-12-08,1019.6898193359375
2014-12-09,1020.521240234375
2014-12-10,1017.7013549804688
2014-12-11,1011.3097534179688
2014-12-12,994.4898071289062
2014-12-15,957.1361083984375
2014-12-16,991.3849487304688
2014-12-17,991.8116455078125
2014-12-18,998.5477294921875
2014-12-19,1018.7767333984375
2014-12-22,1019.9326171875
2014-12-23,1021.2721557617188
2014-12-24,1006.3388061523438
2014-12-26,1016.5243530273438
2014-12-29,1023.7880859375
2014-12-30,1026.6895751953125
2014-12-31,1038.1331787109375
2015-01-01,1032.9793701171875
2015-01-02,1046.7362060546875
2015-01-05,1030.828857421875
2015-01-06,992.825927734375
2015-01-07,981.0984497070312
2015-01-08,991.689697265625
2015-01-09,1019.4871215820312
2015-01-12,1018.4315795898438
2015-01-13,1013.6429443359375
2015-01-14,1023.40283203125
2015-01-15,1030.362060546875
2015-01-16,1027.541748046875
2015-01-19,1018.9591064453125
2015-01-20,1014.677978515625
2015-01-21,1020.0952758789062
2015-01-22,1019.9935913085938
2015-01-23,1015.9559326171875
2015-01-27,1017.3590087890625
2015-01-28,1032.6275634765625
2015-01-29,1034.6807861328125
2015-01-30,1009.2274169921875
2015-02-02,1022.2991333007812
2015-02-03,1040.2105712890625
2015-02-04,1022.3396606445312
2015-02-05,1037.8319091796875
2015-02-06,1047.3262939453125
2015-02-09,1021.7704467773438
2015-02-10,992.5969848632812
2015-02-11,1000.2202758789062
2015-02-12,1001.1349487304688
2015-02-13,1032.281494140625
2015-02-16,1051.0059814453125
2015-02-18,1071.6820068359375
2015-02-19,1090.142578125
2015-02-20,1087.9061279296875
2015-02-23,1096.4853515625
2015-02-24,1099.77880859375
2015-02-25,1086.5440673828125
2015-02-26,1080.1396484375
2015-02-27,1082.538818359375
2015-03-02,1085.4053955078125
2015-03-03,1128.7498779296875
2015-03-04,1116.5517578125
2015-03-05,1096.4036865234375
2015-03-09,1076.21630859375
2015-03-10,1074.549072265625
2015-03-11,1059.8502197265625
2015-03-12,1064.9324951171875
2015-03-13,1050.0098876953125
2015-03-16,1041.857421875
2015-03-17,1050.55859375
2015-03-18,1040.65771484375
2015-03-19,1055.661376953125
2015-03-20,1061.63916015625
2015-03-23,1064.15966796875
2015-03-24,1053.64892578125
2015-03-25,1046.5130615234375
2015-03-26,1021.8521728515625
2015-03-27,1022.5435180664062
2015-03-30,1042.609619140625
2015-03-31,1038.4619140625
2015-04-01,1033.8675537109375
2015-04-06,1035.7581787109375
2015-04-07,1051.087158203125
2015-04-08,1074.020263671875
2015-04-09,1083.4334716796875
2015-04-10,1079.0418701171875
2015-04-13,1079.75341796875
2015-04-15,1068.469970703125
2015-04-16,1050.1929931640625
2015-04-17,1006.2991943359375
2015-04-20,987.574951171875
2015-04-21,986.863037109375
2015-04-22,994.20263671875
2015-04-23,999.14306640625
2015-04-24,1013.6998901367188
2015-04-27,1016.6069946289062
2015-04-28,1014.4923095703125
2015-04-29,1011.3614501953125
2015-04-30,1001.7657470703125
2015-05-04,1009.0234985351562
2015-05-05,1023.7838134765625
2015-05-06,1001.5011596679688
2015-05-07,1034.9246826171875
2015-05-08,1027.60546875
2015-05-11,1039.2952880859375
2015-05-12,1025.8367919921875
2015-05-13,1022.787353515625
2015-05-14,1016.2205810546875
2015-05-15,1021.0591430664062
2015-05-18,1024.8203125
2015-05-19,1021.6895141601562
2015-05-20,1039.7225341796875
2015-05-21,1039.09228515625
2015-05-22,1064.4647216796875
2015-05-25,1057.593505859375
2015-05-26,1060.78515625
2015-05-27,1063.3875732421875
2015-05-28,1061.049560546875
2015-05-29,1061.3746337890625
2015-06-01,1064.404052734375
2015-06-02,1057.1458740234375
2015-06-03,1061.6185302734375
2015-06-04,1059.4837646484375
2015-06-05,1057.1033935546875
2015-06-08,1057.7603759765625
2015-06-09,1051.2763671875
2015-06-10,1067.3228759765625
2015-06-11,1055.236083984375
2015-06-12,1028.35595703125
2015-06-15,1027.945556640625
2015-06-16,1030.9002685546875
2015-06-17,1031.6390380859375
2015-06-18,1038.3077392578125
2015-06-19,1046.3106689453125
2015-06-22,1063.5260009765625
2015-06-23,1056.5911865234375
2015-06-24,1054.826171875
2015-06-25,1046.4951171875
2015-06-26,1064.0595703125
2015-06-29,1064.10107421875
2015-06-30,1046.885009765625
2015-07-01,1064.18310546875
2015-07-02,1057.8831787109375
2015-07-03,1068.6148681640625
2015-07-06,1080.6806640625
2015-07-07,1073.68310546875
2015-07-08,1065.00341796875
2015-07-09,1035.209228515625
2015-07-10,1015.4490966796875
2015-07-13,1029.89453125
2015-07-14,1025.7705078125
2015-07-15,1044.751220703125
2015-07-16,1042.473388671875
2015-07-17,1052.4046630859375
2015-07-20,1060.7327880859375
2015-07-21,1053.432861328125
2015-07-22,1039.7169189453125
2015-07-23,1023.492431640625
2015-07-24,1030.2989501953125
2015-07-27,1026.96728515625
2015-07-28,1029.0238037109375
2015-07-29,1030.9566650390625
2015-07-30,1020.222412109375
2015-07-31,1032.6019287109375
2015-08-03,1032.12890625
2015-08-04,1031.841064453125
2015-08-05,1047.5723876953125
2015-08-06,1058.326904296875
2015-08-07,1049.5872802734375
2015-08-10,1057.8336181640625
2015-08-11,1071.0352783203125
2015-08-12,1098.7965087890625
2015-08-13,1083.9493408203125
2015-08-14,1111.7513427734375
2015-08-17,1104.1632080078125
2015-08-18,1127.256591796875
2015-08-19,1124.2537841796875
2015-08-20,1105.0269775390625
2015-08-21,1100.6263427734375
2015-08-24,1060.5269775390625
2015-08-25,1055.797607421875
2015-08-26,1059.7462158203125
2015-08-27,1058.8819580078125
2015-08-28,1057.3192138671875
2015-08-31,1054.5228271484375
2015-09-01,1043.5621337890625
2015-09-02,1065.9359130859375
2015-09-03,1071.611328125
2015-09-04,1047.6951904296875
2015-09-07,1044.52880859375
2015-09-08,1044.7552490234375
2015-09-09,1048.641357421875
2015-09-10,1046.8526611328125
2015-09-11,1049.56689453125
2015-09-14,1049.4228515625
2015-09-15,1043.5003662109375
2015-09-16,1048.888427734375
2015-09-18,1049.2581787109375
2015-09-21,1049.1763916015625
2015-09-22,1039.20263671875
2015-09-23,1041.608642578125
2015-09-24,1061.246826171875
2015-09-28,1066.717041015625
2015-09-29,1064.4754638671875
2015-09-30,1064.393310546875
2015-10-01,1087.650634765625
2015-10-05,1115.2266845703125
2015-10-06,1110.43505859375
2015-10-07,1091.496337890625
2015-10-08,1083.208740234375
2015-10-09,1081.502197265625
2015-10-12,1066.2646484375
2015-10-13,1068.7119140625
2015-10-14,1021.47705078125
2015-10-15,1014.9174194335938
2015-10-16,1016.6649780273438
2015-10-19,1023.5538330078125
2015-10-20,1039.18212890625
2015-10-21,1040.519287109375
2015-10-23,1045.7327880859375
2015-10-26,1045.485595703125
2015-10-27,1043.2392578125
2015-10-28,1042.414794921875
2015-10-29,1028.50439453125
2015-10-30,1028.4422607421875
2015-11-02,1037.572021484375
2015-11-03,1048.32958984375
2015-11-04,1044.35205078125
2015-11-05,1023.2696533203125
2015-11-06,1032.791015625
2015-11-09,1018.6118774414062
2015-11-10,1013.1714477539062
2015-11-13,988.1324462890625
2015-11-16,978.73486328125
2015-11-17,985.3090209960938
2015-11-18,969.193115234375
2015-11-19,973.7683715820312
2015-11-20,988.52392578125
2015-11-23,985.5154418945312
2015-11-24,975.9937133789062
2015-11-26,966.7611694335938
2015-11-27,969.9762573242188
2015-11-30,978.3019409179688
2015-12-01,973.5003662109375
2015-12-02,974.8604736328125
2015-12-03,968.9044189453125
2015-12-04,959.692626953125
2015-12-07,956.1480712890625
2015-12-08,959.93994140625
2015-12-09,975.870361328125
2015-12-10,982.8357543945312
2015-12-11,983.4340209960938
2015-12-14,980.322021484375
2015-12-15,979.2500610351562
2015-12-16,992.6663208007812
2015-12-17,1005.5875854492188
2015-12-18,996.12841796875
2015-12-21,1008.3284301757812
2015-12-22,991.285400390625
2015-12-23,999.8375854492188
2015-12-24,1003.32080078125
2015-12-28,1015.0469970703125
2015-12-29,1012.2030639648438
2015-12-30,996.7462768554688
2015-12-31,1004.3922729492188
2016-01-01,995.9633178710938
2016-01-04,976.6740112304688
2016-01-05,968.1626586914062
2016-01-06,981.6202392578125
2016-01-07,977.3544311523438
2016-01-08,988.2147216796875
2016-01-11,973.6859130859375
2016-01-12,959.1362915039062
2016-01-13,939.4138793945312
2016-01-14,939.2492065429688
2016-01-15,931.9539184570312
2016-01-18,938.7750854492188
2016-01-19,939.4550170898438
2016-01-20,939.7852783203125
2016-01-21,931.4806518554688
2016-01-22,948.5233764648438
2016-01-25,952.2005004882812
2016-01-27,958.4395751953125
2016-01-28,963.1698608398438
2016-01-29,988.001220703125
2016-02-01,992.7114868164062
2016-02-02,990.8108520507812
2016-02-03,998.3307495117188
2016-02-04,999.8797607421875
2016-02-05,1000.664794921875
2016-02-08,976.2880249023438
2016-02-09,942.5944213867188
2016-02-10,937.388427734375
2016-02-11,908.1159057617188
2016-02-12,919.9533081054688
2016-02-15,937.5330810546875
2016-02-16,936.0458984375
2016-02-17,940.1774291992188
2016-02-18,956.8280029296875
2016-02-19,958.3980102539062
2016-02-22,956.8486328125
2016-02-23,935.4055786132812
2016-02-24,913.4868774414062
2016-02-25,914.2721557617188
2016-02-26,913.3012084960938
2016-02-29,899.3775024414062
2016-03-01,940.6318359375
2016-03-02,958.0673828125
2016-03-03,980.502197265625
2016-03-04,974.05712890625
2016-03-08,972.714111328125
2016-03-09,973.9331665039062
2016-03-10,970.2352905273438
2016-03-11,977.238525390625
2016-03-14,973.0035400390625
2016-03-15,962.6326904296875
2016-03-16,961.4555053710938
2016-03-17,971.7846069335938
2016-03-18,1002.2763061523438
2016-03-21,1010.70458984375
2016-03-22,1021.798095703125
2016-03-23,1022.08740234375
2016-03-28,1021.9221801757812
2016-03-29,1020.269287109375
2016-03-30,1028.5740966796875
2016-03-31,1041.2998046875
2016-04-01,1013.8657836914062
2016-04-04,1021.0340576171875
2016-04-05,1017.5217895507812
2016-04-06,1025.4339599609375
2016-04-07,1020.847900390625
2016-04-08,1004.8380126953125
2016-04-11,1035.6597900390625
2016-04-12,1040.4110107421875
2016-04-13,1043.737548828125
2016-04-18,1041.0718994140625
2016-04-20,1012.3989868164062
2016-04-21,1001.6768188476562
2016-04-22,998.6407470703125
2016-04-25,1012.770751953125
2016-04-26,1028.697998046875
2016-04-27,1037.4981689453125
2016-04-28,1044.3775634765625
2016-04-29,1047.579833984375
2016-05-02,1043.94384765625
2016-05-03,1023.8637084960938
2016-05-04,1023.8223876953125
2016-05-05,1020.6414184570312
2016-05-06,1021.9221801757812
2016-05-09,1038.09765625
2016-05-10,1042.3739013671875
2016-05-11,1040.47314453125
2016-05-12,1060.263671875
2016-05-13,1042.580322265625
2016-05-16,1054.0457763671875
2016-05-17,1061.9166259765625
2016-05-18,1054.0250244140625
2016-05-19,1056.441650390625
2016-05-20,1045.01806640625
2016-05-23,1029.379638671875
2016-05-24,1019.5670166015625
2016-05-25,1043.840576171875
2016-05-26,1053.0338134765625
2016-05-27,1062.9285888671875
2016-05-30,1089.2679443359375
2016-05-31,1061.5860595703125
2016-06-01,1088.090576171875
2016-06-02,1094.9490966796875
2016-06-03,1086.437744140625
2016-06-06,1090.591552734375
2016-06-07,1098.377197265625
2016-06-08,1090.8421630859375
2016-06-09,1075.87646484375
2016-06-10,1066.9014892578125
2016-06-13,1063.24853515625
2016-06-14,1058.176513671875
2016-06-15,1067.3599853515625
2016-06-16,1067.9661865234375
2016-06-17,1086.4588623046875
2016-06-20,1110.1282958984375
2016-06-21,1106.746826171875
2016-06-22,1113.6141357421875
2016-06-23,1104.30517578125
2016-06-24,1074.4990234375
2016-06-27,1041.8955078125
2016-06-28,1028.5787353515625
2016-06-29,1044.8389892578125
2016-06-30,1065.79541015625
2016-07-01,1043.9827880859375
2016-07-04,1041.2069091796875
2016-07-05,1037.49169921875
2016-07-07,1014.3231811523438
2016-07-08,1012.9873657226562
2016-07-11,1028.6622314453125
2016-07-12,1028.9962158203125
2016-07-13,1040.747802734375
2016-07-14,1052.7708740234375
2016-07-15,1020.8142700195312
2016-07-18,1015.8469848632812
2016-07-19,1029.5185546875
2016-07-20,1041.5201416015625
2016-07-21,1046.1536865234375
2016-07-22,1049.9320068359375
2016-07-25,1071.004638671875
2016-07-26,1068.3470458984375
2016-07-27,1078.7896728515625
2016-07-28,1096.2427978515625
2016-07-29,1096.2633056640625
2016-08-01,1133.4918212890625
2016-08-02,1129.7044677734375
2016-08-03,1111.749267578125
2016-08-04,1109.94970703125
2016-08-05,1108.735595703125
2016-08-08,1108.9033203125
2016-08-09,1109.1959228515625
2016-08-10,1119.7427978515625
2016-08-11,1134.1826171875
2016-08-12,1146.13134765625
2016-08-16,1126.56494140625
2016-08-17,1098.460693359375
2016-08-18,1104.320068359375
2016-08-19,1089.6507568359375
2016-08-22,1066.71533203125
2016-08-23,1088.625
2016-08-24,1076.487548828125
2016-08-25,1067.698486328125
2016-08-26,1056.77490234375
2016-08-29,1046.5623779296875
2016-08-30,1064.810302734375
2016-08-31,1051.0615234375
2016-09-01,1049.4710693359375
2016-09-02,1052.5269775390625
2016-09-06,1039.65673828125
2016-09-07,1021.4511108398438
2016-09-08,971.87548828125
2016-09-09,984.5777587890625
2016-09-12,987.3403930664062
2016-09-14,974.5328369140625
2016-09-15,973.9055786132812
2016-09-16,988.4493408203125
2016-09-19,1009.271240234375
2016-09-20,1007.1995849609375
2016-09-21,1010.0872192382812
2016-09-22,995.2715454101562
2016-09-23,1003.6839599609375
2016-09-26,1004.9395751953125
2016-09-27,1019.5880737304688
2016-09-28,1014.1262817382812
2016-09-29,1020.2996215820312
2016-09-30,1017.369873046875
2016-10-03,1009.375732421875
2016-10-04,1006.6343994140625
2016-10-05,998.7658081054688
2016-10-06,999.7706909179688
2016-10-07,991.0023193359375
2016-10-10,996.2340698242188
2016-10-13,974.72119140625
2016-10-14,990.3329467773438
2016-10-17,988.76318359375
2016-10-18,1004.5626220703125
2016-10-19,1002.42822265625
2016-10-20,1004.960205078125
2016-10-21,1016.4699096679688
2016-10-24,1018.7991943359375
2016-10-25,1006.5238647460938
2016-10-26,1005.6009521484375
2016-10-27,1014.7704467773438
2016-10-28,1006.6287231445312
2016-11-01,986.1917114257812
2016-11-02,966.908447265625
2016-11-03,973.37109375
2016-11-04,978.029296875
2016-11-07,955.577880859375
2016-11-08,958.1588134765625
2016-11-09,910.5908203125
2016-11-10,904.5476684570312
2016-11-11,881.7603149414062
2016-11-15,890.2163696289062
2016-11-16,918.8790893554688
2016-11-17,896.8889770507812
2016-11-18,891.811279296875
2016-11-21,895.0845336914062
2016-11-22,895.965576171875
2016-11-23,904.9254760742188
2016-11-24,918.396240234375
2016-11-25,965.3561401367188
2016-11-28,957.9068603515625
2016-11-29,948.3601684570312
2016-11-30,955.158203125
2016-12-01,949.870361328125
2016-12-02,932.4127807617188
2016-12-05,917.3684692382812
2016-12-06,915.83642578125
2016-12-07,904.1702270507812
2016-12-08,921.4596557617188
2016-12-09,921.25
2016-12-12,926.6844482421875
2016-12-13,923.3695068359375
2016-12-14,926.4328002929688
2016-12-15,948.1290893554688
2016-12-16,957.9277954101562
2016-12-19,960.5506591796875
2016-12-20,981.7014770507812
2016-12-21,970.9161987304688
2016-12-22,968.4403686523438
2016-12-23,960.2152709960938
2016-12-26,962.3134155273438
2016-12-27,975.029052734375
2016-12-28,970.8327026367188
2016-12-29,986.905029296875
2016-12-30,992.7174682617188
2017-01-02,990.9550170898438
2017-01-03,993.8507080078125
2017-01-04,998.571533203125
2017-01-05,979.6455688476562
2017-01-06,957.4033813476562
2017-01-09,966.7617797851562
2017-01-10,971.650634765625
2017-01-11,975.448486328125
2017-01-12,983.8209838867188
2017-01-13,943.9324951171875
2017-01-16,947.8143920898438
2017-01-17,956.2913818359375
2017-01-18,963.1528930664062
2017-01-19,961.4323120117188
2017-01-20,959.0613403320312
2017-01-23,970.7816772460938
2017-01-24,975.6848754882812
2017-01-25,990.2673950195312
2017-01-27,992.2875366210938
2017-01-30,981.8084106445312
2017-01-31,938.4181518554688
2017-02-01,912.3672485351562
2017-02-02,929.0963745117188
2017-02-03,939.5758056640625
2017-02-06,943.0266723632812
2017-02-07,944.6469116210938
2017-02-08,955.736328125
2017-02-09,975.2429809570312
2017-02-10,1009.1849975585938
2017-02-13,1016.0444946289062
2017-02-14,1012.6777954101562
2017-02-15,1015.8132934570312
2017-02-16,1030.14306640625
2017-02-17,1013.372314453125
2017-02-20,1053.05908203125
2017-02-21,1037.5501708984375
2017-02-22,1014.8870849609375
2017-02-23,1044.4732666015625
2017-02-27,1047.8609619140625
2017-02-28,1037.9285888671875
2017-03-01,1043.526123046875
2017-03-02,1052.7430419921875
2017-03-03,1049.628662109375
2017-03-06,1040.55908203125
2017-03-07,1052.048828125
2017-03-08,1057.2669677734375
2017-03-09,1060.4442138671875
2017-03-10,1069.9139404296875
2017-03-14,1080.540283203125
2017-03-15,1051.417236328125
2017-03-16,1060.9288330078125
2017-03-17,1062.9697265625
2017-03-20,1043.7154541015625
2017-03-21,1046.535400390625
2017-03-22,1043.273681640625
2017-03-23,1035.44580078125
2017-03-24,1021.4948120117188
2017-03-27,1015.1185913085938
2017-03-28,1022.6519775390625
2017-03-29,1028.8173828125
2017-03-30,1027.30224609375
2017-03-31,1023.4308471679688
2017-04-03,1014.97119140625
2017-04-05,1010.5735473632812
2017-04-06,1010.0685424804688
2017-04-07,1022.2734375
2017-04-10,1019.4114990234375
2017-04-11,1018.1699829101562
2017-04-12,1007.2068481445312
2017-04-13,980.0196533203125
2017-04-17,974.2120361328125
2017-04-18,971.6656494140625
2017-04-19,967.6043701171875
2017-04-20,978.6936645507812
2017-04-21,972.5075073242188
2017-04-24,979.7877807617188
2017-04-25,972.802001953125
2017-04-26,972.3180541992188
2017-04-27,969.0775146484375
2017-04-28,956.6622924804688
2017-05-02,963.7115478515625
2017-05-03,983.6600341796875
2017-05-04,980.6299438476562
2017-05-05,976.58984375
2017-05-08,985.8274536132812
2017-05-09,990.0776977539062
2017-05-10,981.6187744140625
2017-05-11,988.773193359375
2017-05-12,993.487060546875
2017-05-15,995.3595581054688
2017-05-16,1022.3153076171875
2017-05-17,1033.3414306640625
2017-05-18,1067.3675537109375
2017-05-19,1055.141845703125
2017-05-22,1065.3262939453125
2017-05-23,1061.26513671875
2017-05-24,1077.0262451171875
2017-05-25,1104.5709228515625
2017-05-26,1085.064697265625
2017-05-29,1082.7919921875
2017-05-30,1073.63818359375
2017-05-31,1071.7442626953125
2017-06-01,1074.6905517578125
2017-06-02,1079.44580078125
2017-06-05,1095.880615234375
2017-06-06,1134.6199951171875
2017-06-07,1100.6361083984375
2017-06-08,1061.22314453125
2017-06-09,1055.0791015625
2017-06-12,1046.7457275390625
2017-06-13,1043.277099609375
2017-06-14,1051.21435546875
2017-06-15,1026.10595703125
2017-06-16,1021.212646484375
2017-06-19,1034.8302001953125
2017-06-20,1040.489990234375
2017-06-21,1024.020751953125
2017-06-22,1019.1484375
2017-06-23,1005.041259765625
2017-06-27,997.0192260742188
2017-06-28,1000.0834350585938
2017-06-29,992.9341430664062
2017-06-30,1005.31787109375
2017-07-03,1010.1054077148438
2017-07-04,1007.2329711914062
2017-07-05,1002.615478515625
2017-07-06,999.019287109375
2017-07-07,992.3804931640625
2017-07-10,1036.2135009765625
2017-07-11,1053.597412109375
2017-07-12,1038.12841796875
2017-07-13,1041.0858154296875
2017-07-14,1020.2547607421875
2017-07-17,1019.4033203125
2017-07-18,1024.8935546875
2017-07-19,1042.4476318359375
2017-07-20,1040.362548828125
2017-07-21,1060.1507568359375
2017-07-24,1079.9952392578125
2017-07-25,1097.40673828125
2017-07-26,1090.7918701171875
2017-07-27,1059.0843505859375
2017-07-28,1060.1934814453125
2017-07-31,1063.394287109375
2017-08-01,1067.597900390625
2017-08-02,1055.712646484375
2017-08-03,1062.3912353515625
2017-08-04,1076.623779296875
2017-08-07,1068.365478515625
2017-08-08,1068.1953125
2017-08-09,1072.0147705078125
2017-08-10,1071.780029296875
2017-08-11,1065.20849609375
2017-08-14,1053.834716796875
2017-08-16,1063.6287841796875
2017-08-17,1060.7698974609375
2017-08-18,1072.7830810546875
2017-08-21,1079.1842041015625
2017-08-22,1065.847900390625
2017-08-23,1062.3912353515625
2017-08-24,1065.44287109375
2017-08-28,1061.47412109375
2017-08-29,1054.453857421875
2017-08-30,1060.30029296875
2017-08-31,1065.3360595703125
2017-09-01,1048.30859375
2017-09-04,1048.2012939453125
2017-09-05,1060.21484375
2017-09-06,1046.921630859375
2017-09-07,1049.8660888671875
2017-09-08,1054.34716796875
2017-09-11,1047.455078125
2017-09-12,1061.964599609375
2017-09-13,1062.28466796875
2017-09-14,1061.32470703125
2017-09-15,1069.475341796875
2017-09-18,1066.4881591796875
2017-09-19,1066.1468505859375
2017-09-20,1064.1409912109375
2017-09-21,1077.5198974609375
2017-09-22,1068.4302978515625
2017-09-25,1071.4814453125
2017-09-26,1056.0753173828125
2017-09-27,1064.760009765625
2017-09-28,1056.84326171875
2017-09-29,1039.5595703125
2017-10-03,1044.89453125
2017-10-04,1042.27001953125
2017-10-05,1036.849609375
2017-10-06,1044.126220703125
2017-10-09,1047.3055419921875
2017-10-10,1049.50341796875
2017-10-11,1067.04296875
2017-10-12,1087.4635009765625
2017-10-13,1091.9017333984375
2017-10-16,1102.9119873046875
2017-10-17,1107.243408203125
2017-10-18,1103.85107421875
2017-10-19,1102.6983642578125
2017-10-23,1104.405517578125
2017-10-24,1100.3511962890625
2017-10-25,1095.4302978515625
2017-10-26,1086.422607421875
2017-10-27,1105.87158203125
2017-10-30,1119.5220947265625
2017-10-31,1122.8599853515625
2017-11-01,1113.8095703125
2017-11-02,1123.7799072265625
2017-11-03,1121.191162109375
2017-11-06,1140.6400146484375
2017-11-07,1159.6824951171875
2017-11-08,1170.3590087890625
2017-11-09,1170.9580078125
2017-11-10,1159.126220703125
2017-11-13,1180.6077880859375
2017-11-14,1161.62939453125
2017-11-15,1157.650146484375
2017-11-16,1175.344482421875
2017-11-17,1158.5054931640625
2017-11-20,1156.8580322265625
2017-11-21,1143.8065185546875
2017-11-22,1147.1014404296875
2017-11-23,1147.3583984375
2017-11-24,1150.26806640625
2017-11-27,1149.326904296875
2017-11-28,1149.0916748046875
2017-11-29,1137.4732666015625
2017-11-30,1128.4228515625
2017-12-01,1125.40625
2017-12-04,1126.4332275390625
2017-12-05,1127.8026123046875
2017-12-06,1126.8394775390625
2017-12-07,1119.9718017578125
2017-12-08,1113.23193359375
2017-12-11,1138.73583984375
2017-12-12,1117.7889404296875
2017-12-13,1124.742919921875
2017-12-14,1094.5318603515625
2017-12-15,1089.311279296875
2017-12-18,1104.2457275390625
2017-12-19,1102.0206298828125
2017-12-20,1107.861328125
2017-12-21,1110.75
2017-12-22,1132.5953369140625
2017-12-26,1133.750244140625
2017-12-27,1121.10546875
2017-12-28,1124.122314453125
2017-12-29,1155.8955078125
2018-01-01,1132.1031494140625
2018-01-02,1125.94091796875
2018-01-03,1129.129150390625
2018-01-04,1137.024169921875
2018-01-05,1150.7603759765625
2018-01-08,1161.5440673828125
2018-01-09,1159.2330322265625
2018-01-10,1200.998291015625
2018-01-11,1194.108642578125
2018-01-12,1188.053466796875
2018-01-15,1175.109130859375
2018-01-16,1219.9332275390625
2018-01-17,1236.23681640625
2018-01-18,1248.75390625
2018-01-19,1266.3414306640625
2018-01-22,1336.729248046875
2018-01-23,1330.5526123046875
2018-01-24,1361.693603515625
2018-01-25,1338.7237548828125
2018-01-29,1372.094970703125
2018-01-30,1352.3638916015625
2018-01-31,1334.9921875
2018-02-01,1346.2518310546875
2018-02-02,1352.70703125
2018-02-05,1331.0673828125
2018-02-06,1285.62158203125
2018-02-07,1267.52099609375
2018-02-08,1275.7349853515625
2018-02-09,1274.6627197265625
2018-02-12,1272.775390625
2018-02-14,1248.9696044921875
2018-02-15,1254.9962158203125
2018-02-16,1258.0845947265625
2018-02-19,1254.031005859375
2018-02-20,1263.1026611328125
2018-02-21,1304.9454345703125
2018-02-22,1308.3338623046875
2018-02-23,1319.3148193359375
2018-02-26,1300.3988037109375
2018-02-27,1304.9669189453125
2018-02-28,1301.835693359375
2018-03-01,1302.972412109375
2018-03-05,1332.2041015625
2018-03-06,1305.159912109375
2018-03-07,1298.57568359375
2018-03-08,1288.495849609375
2018-03-09,1301.4283447265625
2018-03-12,1309.1702880859375
2018-03-13,1238.2457275390625
2018-03-14,1238.288818359375
2018-03-15,1230.9112548828125
2018-03-16,1212.0380859375
2018-03-19,1214.3115234375
2018-03-20,1228.8310546875
2018-03-21,1225.356689453125
2018-03-22,1214.461669921875
2018-03-23,1208.7994384765625
2018-03-26,1208.306640625
2018-03-27,1221.4747314453125
2018-03-28,1222.096435546875
2018-04-02,1248.0474853515625
2018-04-03,1248.733642578125
2018-04-04,1248.5838623046875
2018-04-05,1268.7646484375
2018-04-06,1265.4833984375
2018-04-09,1254.1595458984375
2018-04-10,1260.035888671875
2018-04-11,1292.87060546875
2018-04-12,1346.530517578125
2018-04-13,1352.556884765625
2018-04-16,1367.2908935546875
2018-04-17,1358.2615966796875
2018-04-18,1355.044677734375
2018-04-19,1368.79248046875
2018-04-20,1459.426025390625
2018-04-23,1462.085205078125
2018-04-24,1452.2197265625
2018-04-25,1488.5076904296875
2018-04-26,1518.1041259765625
2018-04-27,1480.6580810546875
2018-04-30,1515.037353515625
2018-05-02,1501.1612548828125
2018-05-03,1493.48291015625
2018-05-04,1493.0118408203125
2018-05-07,1467.3609619140625
2018-05-08,1476.0474853515625
2018-05-09,1496.6788330078125
2018-05-10,1480.357666015625
2018-05-11,1482.802734375
2018-05-14,1472.7655029296875
2018-05-15,1493.718994140625
2018-05-16,1498.6517333984375
2018-05-17,1497.7508544921875
2018-05-18,1502.1475830078125
2018-05-21,1525.6102294921875
2018-05-22,1505.0859375
2018-05-23,1499.1668701171875
2018-05-24,1545.748779296875
2018-05-25,1538.0709228515625
2018-05-28,1502.1475830078125
2018-05-29,1511.3485107421875
2018-05-30,1507.31640625
2018-05-31,1506.018798828125
2018-06-01,1498.5797119140625
2018-06-04,1508.7867431640625
2018-06-05,1489.1944580078125
2018-06-06,1492.7841796875
2018-06-07,1501.2613525390625
2018-06-08,1511.2520751953125
2018-06-11,1513.5008544921875
2018-06-12,1540.575927734375
2018-06-13,1577.8577880859375
2018-06-14,1546.24169921875
2018-06-15,1591.654541015625
2018-06-18,1582.0958251953125
2018-06-19,1578.20361328125
2018-06-20,1576.43017578125
2018-06-21,1573.748779296875
2018-06-22,1565.4879150390625
2018-06-25,1573.662109375
2018-06-26,1601.990966796875
2018-06-27,1607.18115234375
2018-06-28,1593.9462890625
2018-06-29,1598.315185546875
2018-07-02,1601.428955078125
2018-07-03,1621.0645751953125
2018-07-04,1614.23095703125
2018-07-05,1626.470947265625
2018-07-06,1654.7132568359375
2018-07-09,1628.806396484375
2018-07-10,1621.9727783203125
2018-07-11,1712.62548828125
2018-07-12,1705.2296142578125
2018-07-13,1713.6634521484375
2018-07-16,1720.6697998046875
2018-07-17,1735.361572265625
2018-07-18,1733.7144775390625
2018-07-19,1717.37646484375
2018-07-20,1730.5511474609375
2018-07-23,1738.3948974609375
2018-07-24,1732.6312255859375
2018-07-25,1717.4630126953125
2018-07-26,1702.901611328125
2018-07-27,1684.7431640625
2018-07-30,1685.47998046875
2018-07-31,1681.666259765625
2018-08-01,1713.1295166015625
2018-08-02,1688.7738037109375
2018-08-03,1715.6861572265625
2018-08-06,1712.3062744140625
2018-08-07,1705.19873046875
2018-08-08,1710.96240234375
2018-08-09,1711.265869140625
2018-08-10,1727.5172119140625
2018-08-13,1733.627685546875
2018-08-14,1736.5753173828125
2018-08-16,1740.865234375
2018-08-17,1744.5489501953125
2018-08-20,1742.122314453125
2018-08-21,1748.7962646484375
2018-08-23,1763.9210205078125
2018-08-24,1770.768310546875
2018-08-27,1777.6153564453125
2018-08-28,1793.4766845703125
2018-08-29,1795.9039306640625
2018-08-30,1804.9180908203125
2018-08-31,1801.4508056640625
2018-09-03,1779.348876953125
2018-09-04,1819.218994140625
2018-09-05,1802.187744140625
2018-09-06,1798.7642822265625
2018-09-07,1802.7076416015625
2018-09-10,1803.48828125
2018-09-11,1773.585205078125
2018-09-12,1771.591552734375
2018-09-14,1790.183349609375
2018-09-17,1797.767333984375
2018-09-18,1794.820556640625
2018-09-19,1801.0179443359375
2018-09-21,1822.90283203125
2018-09-24,1905.5042724609375
2018-09-25,1892.28662109375
2018-09-26,1856.7059326171875
2018-09-27,1897.1839599609375
2018-09-28,1892.7196044921875
2018-10-01,1954.9954833984375
2018-10-03,1874.6483154296875
2018-10-04,1789.6634521484375
2018-10-05,1822.469482421875
2018-10-08,1800.7139892578125
2018-10-09,1813.0653076171875
2018-10-10,1771.2882080078125
2018-10-11,1716.1195068359375
2018-10-12,1662.6842041015625
2018-10-15,1689.7275390625
2018-10-16,1700.821533203125
2018-10-17,1672.305419921875
2018-10-19,1658.2640380859375
2018-10-22,1649.4234619140625
2018-10-23,1601.3477783203125
2018-10-24,1605.5601806640625
2018-10-25,1609.46875
2018-10-26,1562.652587890625
2018-10-29,1625.103271484375
2018-10-30,1645.7755126953125
2018-10-31,1683.427978515625
2018-11-01,1681.34326171875
2018-11-02,1661.97412109375
2018-11-05,1642.3446044921875
2018-11-06,1678.6939697265625
2018-11-07,1686.902587890625
2018-11-09,1658.2828369140625
2018-11-12,1663.1903076171875
2018-11-13,1680.6485595703125
2018-11-14,1633.4847412109375
2018-11-15,1626.7100830078125
2018-11-16,1638.6529541015625
2018-11-19,1652.41943359375
2018-11-20,1631.400390625
2018-11-21,1573.8572998046875
2018-11-22,1574.335205078125
2018-11-26,1603.475830078125
2018-11-27,1641.8233642578125
2018-11-28,1723.165771484375
2018-11-29,1702.8841552734375
2018-11-30,1709.572265625
2018-12-03,1721.862548828125
2018-12-04,1746.573486328125
2018-12-05,1743.01220703125
2018-12-06,1730.8087158203125
2018-12-07,1732.9801025390625
2018-12-10,1716.1300048828125
2018-12-11,1737.1492919921875
2018-12-12,1751.741455078125
2018-12-13,1722.0360107421875
2018-12-14,1728.246337890625
2018-12-17,1732.1986083984375
2018-12-18,1726.595947265625
2018-12-19,1709.7454833984375
2018-12-20,1697.2386474609375
2018-12-21,1646.64404296875
2018-12-24,1666.3604736328125
2018-12-26,1640.9111328125
2018-12-27,1658.0655517578125
2018-12-28,1646.8609619140625
2018-12-31,1644.2554931640625
2019-01-01,1652.723876953125
2019-01-02,1670.529541015625
2019-01-03,1650.2486572265625
2019-01-04,1630.184814453125
2019-01-07,1648.4676513671875
2019-01-08,1644.6895751953125
2019-01-09,1638.956787109375
2019-01-10,1640.3466796875
2019-01-11,1600.392578125
2019-01-14,1574.943359375
2019-01-15,1622.323974609375
2019-01-16,1624.3648681640625
2019-01-17,1648.86767578125
2019-01-18,1654.3946533203125
2019-01-21,1661.40185546875
2019-01-22,1655.483154296875
2019-01-23,1632.5906982421875
2019-01-24,1655.17822265625
2019-01-25,1671.9344482421875
2019-01-28,1701.702880859375
2019-01-29,1725.8577880859375
2019-01-30,1724.6827392578125
2019-01-31,1753.14599609375
2019-02-01,1766.9420166015625
2019-02-04,1784.6121826171875
2019-02-05,1779.65087890625
2019-02-06,1805.981689453125
2019-02-07,1813.0321044921875
2019-02-08,1794.3175048828125
2019-02-11,1798.234619140625
2019-02-12,1785.7872314453125
2019-02-14,1779.6944580078125
2019-02-15,1766.724609375
2019-02-18,1715.0208740234375
2019-02-19,1658.00732421875
2019-02-20,1666.6680908203125
2019-02-21,1666.189208984375
2019-02-22,1676.1561279296875
2019-02-25,1727.94677734375
2019-02-26,1774.5589599609375
2019-02-27,1791.4453125
2019-02-28,1726.4669189453125
2019-03-01,1736.868896484375
2019-03-05,1730.5147705078125
2019-03-06,1740.5245361328125
2019-03-07,1752.449951171875
2019-03-08,1760.6317138671875
2019-03-11,1753.75537109375
2019-03-12,1751.7095947265625
2019-03-13,1741.30810546875
2019-03-14,1729.9053955078125
2019-03-15,1775.6466064453125
2019-03-18,1760.71875
2019-03-19,1760.71875
2019-03-20,1753.972900390625
2019-03-22,1745.790771484375
2019-03-25,1727.16357421875
2019-03-26,1725.7708740234375
2019-03-27,1712.9320068359375
2019-03-28,1741.1339111328125
2019-04-01,1768.4219970703125
2019-04-02,1809.898681640625
2019-04-03,1809.898681640625
2019-04-04,1753.4942626953125
2019-04-05,1782.9154052734375
2019-04-08,1802.4561767578125
2019-04-09,1820.5179443359375
2019-04-10,1775.907958984375
2019-04-11,1757.84619140625
2019-04-12,1753.4942626953125
2019-04-15,1839.4935302734375
2019-04-16,1855.5968017578125
2019-04-18,1871.4815673828125
2019-04-22,1881.4049072265625
2019-04-23,1875.834228515625
2019-04-24,1900.5545654296875
2019-04-25,1910.6080322265625
2019-04-26,1948.5152587890625
2019-04-30,1967.4912109375
2019-05-02,1928.364501953125
2019-05-03,1855.770751953125
2019-05-06,1878.2713623046875
2019-05-07,1873.13525390625
2019-05-08,1873.9183349609375
2019-05-09,1891.0667724609375
2019-05-10,1859.0782470703125
2019-05-13,1852.9415283203125
2019-05-14,1821.2576904296875
2019-05-15,1823.9122314453125
2019-05-16,1835.53271484375
2019-05-17,1823.955810546875
2019-05-20,1866.172119140625
2019-05-21,1836.4031982421875
2019-05-22,1812.031005859375
2019-05-23,1787.919921875
2019-05-24,1782.6539306640625
2019-05-27,1788.877197265625
2019-05-28,1805.0675048828125
2019-05-29,1834.4884033203125
2019-05-30,1868.2178955078125
2019-05-31,1911.95703125
2019-06-03,1951.77978515625
2019-06-04,1915.6278076171875
2019-06-06,1900.710693359375
2019-06-07,1914.4429931640625
2019-06-10,1958.0977783203125
2019-06-11,1976.7877197265625
2019-06-12,1983.8953857421875
2019-06-13,1977.928466796875
2019-06-14,1978.2794189453125
2019-06-17,1973.628662109375
2019-06-18,1975.0770263671875
2019-06-19,1983.0177001953125
2019-06-20,1998.856689453125
2019-06-21,1974.19921875
2019-06-24,1996.7069091796875
2019-06-25,1989.9503173828125
2019-06-26,1978.015869140625
2019-06-27,1976.5687255859375
2019-06-28,1954.3243408203125
2019-07-01,1965.1612548828125
2019-07-02,1976.17333984375
2019-07-03,1963.49365234375
2019-07-04,1967.8807373046875
2019-07-05,1898.0782470703125
2019-07-08,1908.870849609375
2019-07-09,1871.972900390625
2019-07-10,1849.904541015625
2019-07-11,1844.946533203125
2019-07-12,1849.3773193359375
2019-07-15,1882.8092041015625
2019-07-16,1852.2899169921875
2019-07-17,1862.1846923828125
2019-07-18,1817.064697265625
2019-07-19,1826.73974609375
2019-07-22,1855.7198486328125
2019-07-23,1857.962646484375
2019-07-24,1844.1983642578125
2019-07-25,1871.551025390625
2019-07-26,1854.972900390625
2019-07-29,1873.399169921875
2019-07-30,1916.6278076171875
2019-07-31,1939.978759765625
2019-08-01,1917.4195556640625
2019-08-02,1939.62744140625
2019-08-05,1977.7108154296875
2019-08-06,1948.07080078125
2019-08-07,1946.795166015625
2019-08-08,1986.0667724609375
2019-08-09,1975.6439208984375
2019-08-13,1934.4820556640625
2019-08-14,1938.8359375
2019-08-16,1904.2706298828125
2019-08-19,1902.42333984375
2019-08-20,1923.3118896484375
2019-08-21,1922.8284912109375
2019-08-22,1949.037841796875
2019-08-23,1976.91943359375
2019-08-26,2002.0738525390625
2019-08-27,1967.0684814453125
2019-08-28,1969.4876708984375
2019-08-29,1964.3858642578125
2019-08-30,1987.38525390625
2019-09-03,1980.3497314453125
2019-09-04,1974.896484375
2019-09-05,1948.4227294921875
2019-09-06,1932.76708984375
2019-09-09,1919.8818359375
2019-09-11,1894.5078125
2019-09-12,1876.5654296875
2019-09-13,1883.9090576171875
2019-09-16,1890.98974609375
2019-09-17,1866.9337158203125
2019-09-18,1880.9185791015625
2019-09-19,1848.7279052734375
2019-09-20,1816.6251220703125
2019-09-23,1772.9564208984375
2019-09-24,1798.3746337890625
2019-09-25,1836.8541259765625
2019-09-26,1836.1065673828125
2019-09-27,1808.4453125
2019-09-30,1846.3973388671875
2019-10-01,1811.787841796875
2019-10-03,1812.0513916015625
2019-10-04,1828.8504638671875
2019-10-07,1801.0135498046875
2019-10-09,1776.7384033203125
2019-10-10,1762.973876953125
2019-10-11,1747.494384765625
2019-10-14,1777.5301513671875
2019-10-15,1791.86669921875
2019-10-16,1799.8701171875
2019-10-17,1821.8929443359375
2019-10-18,1845.5755615234375
2019-10-22,1840.2379150390625
2019-10-23,1857.012939453125
2019-10-24,1867.6881103515625
2019-10-25,1906.2166748046875
2019-10-27,1897.91943359375
2019-10-29,1968.921630859375
2019-10-30,2020.90673828125
2019-10-31,2036.0223388671875
2019-11-01,1974.3489990234375
2019-11-04,1968.114990234375
2019-11-05,1975.201416015625
2019-11-06,1963.2255859375
2019-11-07,1960.399658203125
2019-11-08,1910.7020263671875
2019-11-11,1884.687744140625
2019-11-13,1954.3450927734375
2019-11-14,1970.6710205078125
2019-11-15,1950.6220703125
2019-11-18,1931.02099609375
2019-11-19,1891.7291259765625
2019-11-20,1891.505126953125
2019-11-21,1900.0718994140625
2019-11-22,1858.4486083984375
2019-11-25,1867.2398681640625
2019-11-26,1835.9766845703125
2019-11-27,1842.8394775390625
2019-11-28,1863.5164794921875
2019-11-29,1841.8974609375
2019-12-02,1813.0123291015625
2019-12-03,1839.8790283203125
2019-12-04,1864.5484619140625
2019-12-05,1902.9423828125
2019-12-06,1905.00634765625
2019-12-09,1848.3560791015625
2019-12-10,1805.65625
2019-12-11,1831.716064453125
2019-12-12,1812.87744140625
2019-12-13,1858.044677734375
2019-12-16,1907.83154296875
2019-12-17,1942.0994873046875
2019-12-18,1944.6114501953125
2019-12-19,1999.6014404296875
2019-12-20,1994.0841064453125
2019-12-23,2001.9788818359375
2019-12-24,1987.5362548828125
2019-12-26,1975.291015625
2019-12-27,1972.1959228515625
2019-12-30,1958.470947265625
2019-12-31,1939.1839599609375
2020-01-01,1944.4769287109375
2020-01-02,1935.550537109375
2020-01-03,1974.1248779296875
2020-01-06,1973.9453125
2020-01-07,1978.7899169921875
2020-01-08,2023.1044921875
2020-01-09,1986.4146728515625
2020-01-10,1985.69677734375
2020-01-13,1964.8851318359375
2020-01-14,1979.7314453125
2020-01-15,1997.6724853515625
2020-01-16,2008.3477783203125
2020-01-17,1990.67578125
2020-01-20,1946.943115234375
2020-01-21,1947.5718994140625
2020-01-22,1979.7314453125
2020-01-23,1969.8861083984375
2020-01-24,1963.0977783203125
2020-01-27,1950.3756103515625
2020-01-28,1963.4124755859375
2020-01-29,1937.2042236328125
2020-01-30,1922.1439208984375
2020-01-31,1869.276611328125
2020-02-03,1890.361083984375
2020-02-04,1895.0811767578125
2020-02-05,1929.966064453125
2020-02-06,1913.6029052734375
2020-02-07,1920.9752197265625
2020-02-10,1943.8125
2020-02-11,1936.1248779296875
2020-02-12,1951.7244873046875
2020-02-13,1970.7850341796875
2020-02-14,1963.817138671875
2020-02-17,1980.94482421875
2020-02-18,1992.1839599609375
2020-02-19,1974.741455078125
2020-02-20,1939.18212890625
2020-02-24,1901.9144287109375
2020-02-25,1938.597412109375
2020-02-26,1909.3319091796875
2020-02-27,1893.0584716796875
2020-02-28,1798.337890625
2020-03-02,1799.3714599609375
2020-03-03,1830.7503662109375
2020-03-04,1873.0078125
2020-03-05,1910.635986328125
2020-03-06,1902.9029541015625
2020-03-09,1773.3426513671875
2020-03-11,1756.57421875
2020-03-12,1591.274658203125
2020-03-13,1624.046630859375
2020-03-16,1525.23583984375
2020-03-17,1490.7100830078125
2020-03-18,1487.473388671875
2020-03-19,1481.9942626953125
2020-03-20,1627.897705078125
2020-03-23,1512.1982421875
2020-03-24,1542.4931640625
2020-03-25,1585.1953125
2020-03-26,1622.0108642578125
2020-03-27,1652.39599609375
2020-03-30,1610.7352294921875
2020-03-31,1653.8450927734375
2020-04-01,1547.564697265625
2020-04-03,1498.16015625
2020-04-07,1607.746337890625
2020-04-08,1544.57568359375
2020-04-09,1599.5501708984375
2020-04-13,1593.3009033203125
2020-04-15,1571.474609375
2020-04-16,1554.176025390625
2020-04-17,1635.822265625
2020-04-20,1647.097900390625
2020-04-21,1573.73828125
2020-04-22,1602.583984375
2020-04-23,1701.075927734375
2020-04-24,1647.00732421875
2020-04-27,1663.3548583984375
2020-04-28,1683.68701171875
2020-04-29,1725.891357421875
2020-04-30,1824.4281005859375
2020-05-04,1748.351806640625
2020-05-05,1750.4349365234375
2020-05-06,1724.03466796875
2020-05-07,1713.211669921875
2020-05-08,1714.7965087890625
2020-05-11,1752.744384765625
2020-05-12,1765.6051025390625
2020-05-13,1765.74072265625
2020-05-14,1722.9027099609375
2020-05-15,1714.3438720703125
2020-05-18,1762.072998046875
2020-05-19,1764.8353271484375
2020-05-20,1769.318115234375
2020-05-21,1803.3712158203125
2020-05-22,1829.7713623046875
2020-05-26,1759.7183837890625
2020-05-27,1816.141357421875
2020-05-28,1815.2359619140625
2020-05-29,1786.29931640625
2020-06-01,1852.3231201171875
2020-06-02,1854.043701171875
2020-06-03,1858.585205078125
2020-06-04,1899.8236083984375
2020-06-05,1860.49267578125
2020-06-08,1881.8385009765625
2020-06-09,1882.111083984375
2020-06-10,1915.44677734375
2020-06-11,1878.1141357421875
2020-06-12,1852.5447998046875
2020-06-15,1843.8248291015625
2020-06-16,1858.2674560546875
2020-06-17,1860.083984375
2020-06-18,1851.2730712890625
2020-06-19,1857.177490234375
2020-06-22,1842.0537109375
2020-06-23,1848.7298583984375
2020-06-24,1854.9971923828125
2020-06-25,1831.2901611328125
2020-06-26,1924.62109375
2020-06-29,1908.997314453125
2020-06-30,1891.285400390625
2020-07-01,1900.2777099609375
2020-07-02,1959.41015625
2020-07-03,1998.013916015625
2020-07-06,2055.73876953125
2020-07-07,2061.82470703125
2020-07-08,2015.4990234375
2020-07-09,2002.28369140625
2020-07-10,2018.6337890625
2020-07-13,2016.4989013671875
2020-07-14,1972.8536376953125
2020-07-15,2029.124755859375
2020-07-16,2034.4501953125
2020-07-17,2003.4976806640625
2020-07-20,2010.007080078125
2020-07-21,2025.6201171875
2020-07-22,1994.576171875
2020-07-23,1976.595947265625
2020-07-24,1964.03271484375
2020-07-27,2009.00537109375
2020-07-28,2102.727783203125
2020-07-29,2072.049072265625
2020-07-30,2075.18896484375
2020-07-31,2076.919189453125
2020-08-03,2052.112060546875
2020-08-04,2048.060302734375
2020-08-05,2056.982177734375
2020-08-06,2101.226318359375
2020-08-07,2089.61865234375
2020-08-10,2078.193603515625
2020-08-11,2075.553466796875
2020-08-12,2055.02490234375
2020-08-13,2052.384765625
2020-08-14,2041.1868896484375
2020-08-17,2051.428955078125
2020-08-18,2066.313720703125
2020-08-19,2054.34228515625
2020-08-20,2050.927490234375
2020-08-21,2047.0589599609375
2020-08-24,2046.6041259765625
2020-08-25,2041.642578125
2020-08-26,2051.519775390625
2020-08-27,2046.8770751953125
2020-08-28,2037.9095458984375
2020-08-31,2054.93359375
2020-09-01,2045.010498046875
2020-09-02,2062.125244140625
2020-09-03,2093.396728515625
2020-09-04,2083.65625
2020-09-07,2118.4775390625
2020-09-08,2137.731689453125
2020-09-09,2119.02392578125
2020-09-10,2122.209716796875
2020-09-11,2161.310791015625
2020-09-14,2268.096923828125
2020-09-15,2268.096923828125
2020-09-16,2278.656982421875
2020-09-17,2240.375732421875
2020-09-18,2230.31640625
2020-09-21,2244.336181640625
2020-09-22,2296.819091796875
2020-09-23,2246.2939453125
2020-09-24,2123.21142578125
2020-09-25,2205.1904296875
2020-09-28,2208.83203125
2020-09-29,2265.365966796875
2020-09-30,2268.916259765625
2020-10-01,2297.274658203125
2020-10-05,2463.2802734375
2020-10-06,2471.01806640625
2020-10-07,2490.727783203125
2020-10-08,2572.43359375
2020-10-09,2560.826904296875
2020-10-12,2576.348388671875
2020-10-13,2573.207763671875
2020-10-14,2568.68212890625
2020-10-15,2505.5986328125
2020-10-16,2526.3525390625
2020-10-19,2479.0400390625
2020-10-20,2504.1357421875
2020-10-21,2445.989013671875
2020-10-22,2442.103759765625
2020-10-23,2456.41162109375
2020-10-26,2457.691650390625
2020-10-27,2404.619384765625
2020-10-28,2397.350830078125
2020-10-29,2406.905517578125
2020-10-30,2436.343505859375
2020-11-02,2381.260009765625
2020-11-03,2407.773681640625
2020-11-04,2425.647216796875
2020-11-05,2455.406494140625
2020-11-06,2475.291259765625
2020-11-09,2492.79931640625
2020-11-10,2422.401123046875
2020-11-11,2457.325439453125
2020-11-12,2442.012939453125
2020-11-13,2429.0302734375
2020-11-14,2441.372314453125
2020-11-17,2437.44140625
2020-11-18,2401.420166015625
2020-11-19,2410.790771484375
2020-11-20,2432.138671875
2020-11-23,2490.65087890625
2020-11-24,2488.638916015625
2020-11-25,2469.66845703125
2020-11-26,2487.313720703125
2020-11-27,2449.874755859375
2020-12-01,2492.982177734375
2020-12-02,2513.781494140625
2020-12-03,2477.11962890625
2020-12-04,2493.66748046875
2020-12-07,2502.947265625
2020-12-08,2557.436767578125
2020-12-09,2569.779052734375
2020-12-10,2545.5517578125
2020-12-11,2544.911865234375
2020-12-14,2557.802001953125
2020-12-15,2524.75244140625
2020-12-16,2572.88720703125
2020-12-17,2594.830078125
2020-12-18,2615.6748046875
2020-12-21,2578.327880859375
2020-12-22,2626.188232421875
2020-12-23,2659.329833984375
2020-12-24,2659.87890625
2020-12-28,2678.209228515625
2020-12-29,2679.21533203125
